Imagem_Original,Imagem_Resultado,TAG_Lida,Tipo,Classe,Status
0.jpg,resultado_0.jpg,FAIL OPEN,Não cadastrado,Não cadastrado,Desconhecido
0.jpg,resultado_0.jpg,FAIL CLOSE,Não cadastrado,Não cadastrado,Desconhecido
0.jpg,resultado_0.jpg,(OR),Não cadastrado,Não cadastrado,Desconhecido
0.jpg,resultado_0.jpg,FO,Fail Open,Falha de Válvula,Identificado
0.jpg,resultado_0.jpg,FC,Fail Close,Falha de Válvula,Identificado
0.jpg,resultado_0.jpg,FAIL LOCKED,Não cadastrado,Não cadastrado,Desconhecido
0.jpg,resultado_0.jpg,FAIL INDETERNINE,Não cadastrado,Não cadastrado,Desconhecido
0.jpg,resultado_0.jpg,FL,Fail Locked,Falha de Válvula,Identificado
0.jpg,resultado_0.jpg,CHEMICALERGINEE [NGWORD COM,Não cadastrado,Não cadastrado,Desconhecido
0.jpg,resultado_0.jpg,FAIL LASTIDRIFT OPEN,Não cadastrado,Não cadastrado,Desconhecido
0.jpg,resultado_0.jpg,FAIL LASTIDRIFT CLOSE,Não cadastrado,Não cadastrado,Desconhecido
0.jpg,resultado_0.jpg,FLIDO,Não cadastrado,Não cadastrado,Desconhecido
0.jpg,resultado_0.jpg,FLIDC,Não cadastrado,Não cadastrado,Desconhecido
0.jpg,resultado_0.jpg,LID,Não cadastrado,Não cadastrado,Desconhecido
0.jpg,resultado_0.jpg,FAIL LAST/DRIFT OPEN,Não cadastrado,Não cadastrado,Desconhecido
0.jpg,resultado_0.jpg,FAIL LASTLDRIFT OPEN,Não cadastrado,Não cadastrado,Desconhecido
0.jpg,resultado_0.jpg,NGWORD COM,Não cadastrado,Não cadastrado,Desconhecido
0.jpg,resultado_0.jpg,CHEMICALER,Não cadastrado,Não cadastrado,Desconhecido
0.jpg,resultado_0.jpg,OC,Não cadastrado,Não cadastrado,Desconhecido
0.jpg,resultado_0.jpg,PE,Não cadastrado,Não cadastrado,Desconhecido
resultado_0.jpg,resultado_resultado_0.jpg,OBJ,Não cadastrado,Não cadastrado,Desconhecido
resultado_0.jpg,resultado_resultado_0.jpg,38BJ FAIL,Não cadastrado,Não cadastrado,Desconhecido
resultado_0.jpg,resultado_resultado_0.jpg,PE,Não cadastrado,Não cadastrado,Desconhecido
resultado_0.jpg,resultado_resultado_0.jpg,OBJ 38,Não cadastrado,Não cadastrado,Desconhecido
resultado_0.jpg,resultado_resultado_0.jpg,FAIL CLOSE,Não cadastrado,Não cadastrado,Desconhecido
resultado_0.jpg,resultado_resultado_0.jpg,(OR),Não cadastrado,Não cadastrado,Desconhecido
resultado_0.jpg,resultado_resultado_0.jpg,FO,Fail Open,Falha de Válvula,Identificado
resultado_0.jpg,resultado_resultado_0.jpg,FC,Fail Close,Falha de Válvula,Identificado
resultado_0.jpg,resultado_resultado_0.jpg,OBJ 2OBJ',Não cadastrado,Não cadastrado,Desconhecido
resultado_0.jpg,resultado_resultado_0.jpg,FAIL LOCKED,Não cadastrado,Não cadastrado,Desconhecido
resultado_0.jpg,resultado_resultado_0.jpg,25,Não cadastrado,Não cadastrado,Desconhecido
resultado_0.jpg,resultado_resultado_0.jpg,FAIL INDETERNINE,Não cadastrado,Não cadastrado,Desconhecido
resultado_0.jpg,resultado_resultado_0.jpg,OBJ 2OBJ21,Não cadastrado,Não cadastrado,Desconhecido
resultado_0.jpg,resultado_resultado_0.jpg,FL,Fail Locked,Falha de Válvula,Identificado
resultado_0.jpg,resultado_resultado_0.jpg,QJJQ0,Não cadastrado,Não cadastrado,Desconhecido
resultado_0.jpg,resultado_resultado_0.jpg,FAIL LAST/DRIFT QPEN,Não cadastrado,Não cadastrado,Desconhecido
resultado_0.jpg,resultado_resultado_0.jpg,FAIL LASTLDRIFT,Não cadastrado,Não cadastrado,Desconhecido
resultado_0.jpg,resultado_resultado_0.jpg,CLOSE,Não cadastrado,Não cadastrado,Desconhecido
resultado_0.jpg,resultado_resultado_0.jpg,OBI1,Não cadastrado,Não cadastrado,Desconhecido
resultado_0.jpg,resultado_resultado_0.jpg,LDO,Não cadastrado,Não cadastrado,Desconhecido
resultado_0.jpg,resultado_resultado_0.jpg,LDC,Não cadastrado,Não cadastrado,Desconhecido
resultado_0.jpg,resultado_resultado_0.jpg,3OBJ,Não cadastrado,Não cadastrado,Desconhecido
resultado_0.jpg,resultado_resultado_0.jpg,FAIL LASTIDRIFT_,Não cadastrado,Não cadastrado,Desconhecido
resultado_0.jpg,resultado_resultado_0.jpg,FAIL LAST DRIFT,Não cadastrado,Não cadastrado,Desconhecido
resultado_0.jpg,resultado_resultado_0.jpg,IFT  CLOSE,Não cadastrado,Não cadastrado,Desconhecido
resultado_0.jpg,resultado_resultado_0.jpg,OBJ=,Não cadastrado,Não cadastrado,Desconhecido
resultado_0.jpg,resultado_resultado_0.jpg,LA,Não cadastrado,Não cadastrado,Desconhecido
resultado_0.jpg,resultado_resultado_0.jpg,EA,Não cadastrado,Não cadastrado,Desconhecido
resultado_0.jpg,resultado_resultado_0.jpg,TIDRIFT,Não cadastrado,Não cadastrado,Desconhecido
resultado_0.jpg,resultado_resultado_0.jpg,FAIL,Não cadastrado,Não cadastrado,Desconhecido
resultado_0.jpg,resultado_resultado_0.jpg,LAST/DRIFT OPEN,Não cadastrado,Não cadastrado,Desconhecido
resultado_0.jpg,resultado_resultado_0.jpg,LD,Não cadastrado,Não cadastrado,Desconhecido
resultado_0.jpg,resultado_resultado_0.jpg,LASTIDRIFT OOPEN,Não cadastrado,Não cadastrado,Desconhecido
resultado_0.jpg,resultado_resultado_0.jpg,FAIL LAST,Não cadastrado,Não cadastrado,Desconhecido
resultado_0.jpg,resultado_resultado_0.jpg,TIDRIFT {OPEN,Não cadastrado,Não cadastrado,Desconhecido
resultado_0.jpg,resultado_resultado_0.jpg,20BJ21,Não cadastrado,Não cadastrado,Desconhecido
resultado_0.jpg,resultado_resultado_0.jpg,NAWORLDCOM,Não cadastrado,Não cadastrado,Desconhecido
resultado_0.jpg,resultado_resultado_0.jpg,NGWORID COM,Não cadastrado,Não cadastrado,Desconhecido
resultado_0.jpg,resultado_resultado_0.jpg,RN,Não cadastrado,Não cadastrado,Desconhecido
resultado_0.jpg,resultado_resultado_0.jpg,OBJ 2OBJ,Não cadastrado,Não cadastrado,Desconhecido
resultado_0.jpg,resultado_resultado_0.jpg,FAIL LOCKEDZS,Não cadastrado,Não cadastrado,Desconhecido
resultado_0.jpg,resultado_resultado_0.jpg,CHEMICALEN,Não cadastrado,Não cadastrado,Desconhecido
resultado_0.jpg,resultado_resultado_0.jpg,CHEMICALER,Não cadastrado,Não cadastrado,Desconhecido
resultado_0.jpg,resultado_resultado_0.jpg,LOCKED,Não cadastrado,Não cadastrado,Desconhecido
resultado_0.jpg,resultado_resultado_0.jpg,F,Não cadastrado,Não cadastrado,Desconhecido
resultado_0.jpg,resultado_resultado_0.jpg,OBJ 3OBJ3,Não cadastrado,Não cadastrado,Desconhecido
resultado_0.jpg,resultado_resultado_0.jpg,OBJ 3OBJ 3,Não cadastrado,Não cadastrado,Desconhecido
resultado_0.jpg,resultado_resultado_0.jpg,OBJ 3OBJ,Não cadastrado,Não cadastrado,Desconhecido
resultado_0.jpg,resultado_resultado_0.jpg,SE,Não cadastrado,Não cadastrado,Desconhecido
resultado_0.jpg,resultado_resultado_0.jpg,OBJ 38BJ 40,Não cadastrado,Não cadastrado,Desconhecido
resultado_0.jpg,resultado_resultado_0.jpg,OBJ 38BJ40,Não cadastrado,Não cadastrado,Desconhecido
resultado_0.jpg,resultado_resultado_0.jpg,OPE,Não cadastrado,Não cadastrado,Desconhecido
resultado_0.jpg,resultado_resultado_0.jpg,JOBJ 38,Não cadastrado,Não cadastrado,Desconhecido
1.jpg,resultado_1.jpg,ZU,Não cadastrado,Não cadastrado,Desconhecido
1.jpg,resultado_1.jpg,LSH,Não cadastrado,Não cadastrado,Desconhecido
1.jpg,resultado_1.jpg,FE,Não cadastrado,Não cadastrado,Desconhecido
1.jpg,resultado_1.jpg,RESERVOIR DU HAUT,Não cadastrado,Não cadastrado,Desconhecido
1.jpg,resultado_1.jpg,EAU,Não cadastrado,Não cadastrado,Desconhecido
1.jpg,resultado_1.jpg,RESERVOIR,Não cadastrado,Não cadastrado,Desconhecido
1.jpg,resultado_1.jpg,AHH,Não cadastrado,Não cadastrado,Desconhecido
1.jpg,resultado_1.jpg,RESERVC,Não cadastrado,Não cadastrado,Desconhecido
1.jpg,resultado_1.jpg,LAH,Não cadastrado,Não cadastrado,Desconhecido
1.jpg,resultado_1.jpg,LUMIEFE,Não cadastrado,Não cadastrado,Desconhecido
1.jpg,resultado_1.jpg,ALARMEL,Não cadastrado,Não cadastrado,Desconhecido
1.jpg,resultado_1.jpg,HMY,Não cadastrado,Não cadastrado,Desconhecido
1.jpg,resultado_1.jpg,HMS,Não cadastrado,Não cadastrado,Desconhecido
1.jpg,resultado_1.jpg,19-2,Não cadastrado,Não cadastrado,Desconhecido
1.jpg,resultado_1.jpg,LAHH,Não cadastrado,Não cadastrado,Desconhecido
1.jpg,resultado_1.jpg,ME,Não cadastrado,Não cadastrado,Desconhecido
1.jpg,resultado_1.jpg,'LAHH,Não cadastrado,Não cadastrado,Desconhecido
1.jpg,resultado_1.jpg,HV,Não cadastrado,Não cadastrado,Desconhecido
1.jpg,resultado_1.jpg,LUMI EFE,Não cadastrado,Não cadastrado,Desconhecido
1.jpg,resultado_1.jpg,3217,Não cadastrado,Não cadastrado,Desconhecido
1.jpg,resultado_1.jpg,Z,Não cadastrado,Não cadastrado,Desconhecido
1.jpg,resultado_1.jpg,19,Não cadastrado,Não cadastrado,Desconhecido
1.jpg,resultado_1.jpg,TUUUT,Não cadastrado,Não cadastrado,Desconhecido
1.jpg,resultado_1.jpg,LIC,Não cadastrado,Não cadastrado,Desconhecido
resultado_1.jpg,resultado_resultado_1.jpg,LIC,Não cadastrado,Não cadastrado,Desconhecido
resultado_1.jpg,resultado_resultado_1.jpg,41,Não cadastrado,Não cadastrado,Desconhecido
resultado_1.jpg,resultado_resultado_1.jpg,HV,Não cadastrado,Não cadastrado,Desconhecido
resultado_1.jpg,resultado_resultado_1.jpg,42,Não cadastrado,Não cadastrado,Desconhecido
resultado_1.jpg,resultado_resultado_1.jpg,RESERVC,Não cadastrado,Não cadastrado,Desconhecido
resultado_1.jpg,resultado_resultado_1.jpg,LAH,Não cadastrado,Não cadastrado,Desconhecido
resultado_1.jpg,resultado_resultado_1.jpg,ME,Não cadastrado,Não cadastrado,Desconhecido
resultado_1.jpg,resultado_resultado_1.jpg,HMY,Não cadastrado,Não cadastrado,Desconhecido
resultado_1.jpg,resultado_resultado_1.jpg,HMS,Não cadastrado,Não cadastrado,Desconhecido
resultado_1.jpg,resultado_resultado_1.jpg,1-2,Não cadastrado,Não cadastrado,Desconhecido
resultado_1.jpg,resultado_resultado_1.jpg,OBI,Não cadastrado,Não cadastrado,Desconhecido
resultado_1.jpg,resultado_resultado_1.jpg,0BZ,Não cadastrado,Não cadastrado,Desconhecido
resultado_1.jpg,resultado_resultado_1.jpg,LSH,Não cadastrado,Não cadastrado,Desconhecido
resultado_1.jpg,resultado_resultado_1.jpg,FE,Não cadastrado,Não cadastrado,Desconhecido
resultado_1.jpg,resultado_resultado_1.jpg,LAHH,Não cadastrado,Não cadastrado,Desconhecido
resultado_1.jpg,resultado_resultado_1.jpg,IR DU HAU,Não cadastrado,Não cadastrado,Desconhecido
resultado_1.jpg,resultado_resultado_1.jpg,EAU,Não cadastrado,Não cadastrado,Desconhecido
resultado_1.jpg,resultado_resultado_1.jpg,OBJ 11,Não cadastrado,Não cadastrado,Desconhecido
resultado_1.jpg,resultado_resultado_1.jpg,OBJ,Não cadastrado,Não cadastrado,Desconhecido
resultado_1.jpg,resultado_resultado_1.jpg,OBJ 12,Não cadastrado,Não cadastrado,Desconhecido
resultado_1.jpg,resultado_resultado_1.jpg,ALARME,Não cadastrado,Não cadastrado,Desconhecido
resultado_1.jpg,resultado_resultado_1.jpg,OBJ 6,Não cadastrado,Não cadastrado,Desconhecido
resultado_1.jpg,resultado_resultado_1.jpg,OBJ =,Não cadastrado,Não cadastrado,Desconhecido
resultado_1.jpg,resultado_resultado_1.jpg,OBJ 5,Não cadastrado,Não cadastrado,Desconhecido
resultado_1.jpg,resultado_resultado_1.jpg,3-2,Não cadastrado,Não cadastrado,Desconhecido
resultado_1.jpg,resultado_resultado_1.jpg,OBI2,Não cadastrado,Não cadastrado,Desconhecido
resultado_1.jpg,resultado_resultado_1.jpg,19-2,Não cadastrado,Não cadastrado,Desconhecido
resultado_1.jpg,resultado_resultado_1.jpg,EFE,Não cadastrado,Não cadastrado,Desconhecido
resultado_1.jpg,resultado_resultado_1.jpg,OBJ 24,Não cadastrado,Não cadastrado,Desconhecido
resultado_1.jpg,resultado_resultado_1.jpg,OBJ 8,Não cadastrado,Não cadastrado,Desconhecido
resultado_1.jpg,resultado_resultado_1.jpg,OBJ 26,Não cadastrado,Não cadastrado,Desconhecido
resultado_1.jpg,resultado_resultado_1.jpg,OBJ 13,Não cadastrado,Não cadastrado,Desconhecido
resultado_1.jpg,resultado_resultado_1.jpg,"13-""",Não cadastrado,Não cadastrado,Desconhecido
resultado_1.jpg,resultado_resultado_1.jpg,RESERVC IR) DU HAU,Não cadastrado,Não cadastrado,Desconhecido
resultado_1.jpg,resultado_resultado_1.jpg,LUMIEFE &LACME,Não cadastrado,Não cadastrado,Desconhecido
resultado_1.jpg,resultado_resultado_1.jpg,OBL2,Não cadastrado,Não cadastrado,Desconhecido
resultado_1.jpg,resultado_resultado_1.jpg,OBJ 0,Não cadastrado,Não cadastrado,Desconhecido
resultado_1.jpg,resultado_resultado_1.jpg,OBJ 1,Não cadastrado,Não cadastrado,Desconhecido
resultado_1.jpg,resultado_resultado_1.jpg,32-~,Não cadastrado,Não cadastrado,Desconhecido
resultado_1.jpg,resultado_resultado_1.jpg,Z,Não cadastrado,Não cadastrado,Desconhecido
resultado_1.jpg,resultado_resultado_1.jpg,OBJ 30,Não cadastrado,Não cadastrado,Desconhecido
resultado_1.jpg,resultado_resultado_1.jpg,OBJ 28BJ 29,Não cadastrado,Não cadastrado,Desconhecido
10.jpg,resultado_10.jpg,"THE BELOW P&ID, PLEASE ANSWER THE QUESTIONS.",Não cadastrado,Não cadastrado,Desconhecido
10.jpg,resultado_10.jpg,PREMIX PRODUCT,Não cadastrado,Não cadastrado,Desconhecido
10.jpg,resultado_10.jpg,ZSH |1,Não cadastrado,Não cadastrado,Desconhecido
10.jpg,resultado_10.jpg,PRODUCT,Não cadastrado,Não cadastrado,Desconhecido
10.jpg,resultado_10.jpg,WATER,Não cadastrado,Não cadastrado,Desconhecido
10.jpg,resultado_10.jpg,WVATER,Não cadastrado,Não cadastrado,Desconhecido
10.jpg,resultado_10.jpg,WATPI,Não cadastrado,Não cadastrado,Desconhecido
10.jpg,resultado_10.jpg,TANK,Não cadastrado,Não cadastrado,Desconhecido
10.jpg,resultado_10.jpg,5 KW,Não cadastrado,Não cadastrado,Desconhecido
10.jpg,resultado_10.jpg,ZSLI2,Não cadastrado,Não cadastrado,Desconhecido
10.jpg,resultado_10.jpg,STORAGE,Não cadastrado,Não cadastrado,Desconhecido
10.jpg,resultado_10.jpg,ZSLSI ZSLAT,Não cadastrado,Não cadastrado,Desconhecido
10.jpg,resultado_10.jpg,TANK 2,Não cadastrado,Não cadastrado,Desconhecido
10.jpg,resultado_10.jpg,TANK 3,Não cadastrado,Não cadastrado,Desconhecido
10.jpg,resultado_10.jpg,AF2,Não cadastrado,Não cadastrado,Desconhecido
10.jpg,resultado_10.jpg,AF3,Não cadastrado,Não cadastrado,Desconhecido
10.jpg,resultado_10.jpg,453,Não cadastrado,Não cadastrado,Desconhecido
10.jpg,resultado_10.jpg,AS2,Não cadastrado,Não cadastrado,Desconhecido
10.jpg,resultado_10.jpg,2SL3|,Não cadastrado,Não cadastrado,Desconhecido
10.jpg,resultado_10.jpg,CV6,Não cadastrado,Não cadastrado,Desconhecido
10.jpg,resultado_10.jpg,BARREL,Não cadastrado,Não cadastrado,Desconhecido
10.jpg,resultado_10.jpg,SYMBOL:,Não cadastrado,Não cadastrado,Desconhecido
10.jpg,resultado_10.jpg,HEAT EXCHANGER,Não cadastrado,Não cadastrado,Desconhecido
10.jpg,resultado_10.jpg,PUMP,Não cadastrado,Não cadastrado,Desconhecido
10.jpg,resultado_10.jpg,TWO FLOWRATES PUMP,Não cadastrado,Não cadastrado,Desconhecido
10.jpg,resultado_10.jpg,ELECTRICAL HEAT EXCHANGER,Não cadastrado,Não cadastrado,Desconhecido
10.jpg,resultado_10.jpg,LIST THE MAJOR PIECES OF EQUIPMENT:,Não cadastrado,Não cadastrado,Desconhecido
10.jpg,resultado_10.jpg,YOU DO NOT HAVE TO INCLUDE PUMPS AND HEAT,Não cadastrado,Não cadastrado,Desconhecido
10.jpg,resultado_10.jpg,EXCHANGERS.,Não cadastrado,Não cadastrado,Desconhecido
10.jpg,resultado_10.jpg,USING,Não cadastrado,Não cadastrado,Desconhecido
10.jpg,resultado_10.jpg,CHANGERS,Não cadastrado,Não cadastrado,Desconhecido
10.jpg,resultado_10.jpg,PUMPS,Não cadastrado,Não cadastrado,Desconhecido
10.jpg,resultado_10.jpg,PMEN,Não cadastrado,Não cadastrado,Desconhecido
10.jpg,resultado_10.jpg,ICCES,Não cadastrado,Não cadastrado,Desconhecido
10.jpg,resultado_10.jpg,EXCHANGER,Não cadastrado,Não cadastrado,Desconhecido
10.jpg,resultado_10.jpg,PSL,Não cadastrado,Não cadastrado,Desconhecido
10.jpg,resultado_10.jpg,ZSH,Não cadastrado,Não cadastrado,Desconhecido
10.jpg,resultado_10.jpg,ZSLSI IZSL4I,Não cadastrado,Não cadastrado,Desconhecido
10.jpg,resultado_10.jpg,ZSL3|,Não cadastrado,Não cadastrado,Desconhecido
10.jpg,resultado_10.jpg,2V6,Não cadastrado,Não cadastrado,Desconhecido
10.jpg,resultado_10.jpg,ZSLA,Não cadastrado,Não cadastrado,Desconhecido
10.jpg,resultado_10.jpg,121,Não cadastrado,Não cadastrado,Desconhecido
10.jpg,resultado_10.jpg,ASL,Não cadastrado,Não cadastrado,Desconhecido
10.jpg,resultado_10.jpg,ANK 2,Não cadastrado,Não cadastrado,Desconhecido
10.jpg,resultado_10.jpg,ANSW,Não cadastrado,Não cadastrado,Desconhecido
10.jpg,resultado_10.jpg,UESTIONS.,Não cadastrado,Não cadastrado,Desconhecido
10.jpg,resultado_10.jpg,PLEASE,Não cadastrado,Não cadastrado,Desconhecido
resultado_10.jpg,resultado_resultado_10.jpg,OBJ 5,Não cadastrado,Não cadastrado,Desconhecido
resultado_10.jpg,resultado_resultado_10.jpg,OBI,Não cadastrado,Não cadastrado,Desconhecido
resultado_10.jpg,resultado_resultado_10.jpg,PSL,Não cadastrado,Não cadastrado,Desconhecido
resultado_10.jpg,resultado_resultado_10.jpg,OBJ 11,Não cadastrado,Não cadastrado,Desconhecido
resultado_10.jpg,resultado_resultado_10.jpg,BARREL,Não cadastrado,Não cadastrado,Desconhecido
resultado_10.jpg,resultado_resultado_10.jpg,OBJ 10,Não cadastrado,Não cadastrado,Desconhecido
resultado_10.jpg,resultado_resultado_10.jpg,OB,Não cadastrado,Não cadastrado,Desconhecido
resultado_10.jpg,resultado_resultado_10.jpg,OBJ 6,Não cadastrado,Não cadastrado,Desconhecido
resultado_10.jpg,resultado_resultado_10.jpg,AF2,Não cadastrado,Não cadastrado,Desconhecido
resultado_10.jpg,resultado_resultado_10.jpg,AF3,Não cadastrado,Não cadastrado,Desconhecido
resultado_10.jpg,resultado_resultado_10.jpg,ORAGE,Não cadastrado,Não cadastrado,Desconhecido
resultado_10.jpg,resultado_resultado_10.jpg,STORAGE,Não cadastrado,Não cadastrado,Desconhecido
resultado_10.jpg,resultado_resultado_10.jpg,OBJ 28,Não cadastrado,Não cadastrado,Desconhecido
resultado_10.jpg,resultado_resultado_10.jpg,453,Não cadastrado,Não cadastrado,Desconhecido
resultado_10.jpg,resultado_resultado_10.jpg,36,Não cadastrado,Não cadastrado,Desconhecido
resultado_10.jpg,resultado_resultado_10.jpg,R7 OBJ,Não cadastrado,Não cadastrado,Desconhecido
resultado_10.jpg,resultado_resultado_10.jpg,LLHH,Não cadastrado,Não cadastrado,Desconhecido
resultado_10.jpg,resultado_resultado_10.jpg,ZSL4T,Não cadastrado,Não cadastrado,Desconhecido
resultado_10.jpg,resultado_resultado_10.jpg,OBJ,Não cadastrado,Não cadastrado,Desconhecido
resultado_10.jpg,resultado_resultado_10.jpg,OBJ 60,Não cadastrado,Não cadastrado,Desconhecido
resultado_10.jpg,resultado_resultado_10.jpg,WATER_,Não cadastrado,Não cadastrado,Desconhecido
resultado_10.jpg,resultado_resultado_10.jpg,OBJ},Não cadastrado,Não cadastrado,Desconhecido
resultado_10.jpg,resultado_resultado_10.jpg,KW,Não cadastrado,Não cadastrado,Desconhecido
resultado_10.jpg,resultado_resultado_10.jpg,CBJ 29,Não cadastrado,Não cadastrado,Desconhecido
resultado_10.jpg,resultado_resultado_10.jpg,ZSL2_,Não cadastrado,Não cadastrado,Desconhecido
resultado_10.jpg,resultado_resultado_10.jpg,PRODUCT,Não cadastrado,Não cadastrado,Desconhecido
resultado_10.jpg,resultado_resultado_10.jpg,ZSH ||,Não cadastrado,Não cadastrado,Desconhecido
resultado_10.jpg,resultado_resultado_10.jpg,WVATER,Não cadastrado,Não cadastrado,Desconhecido
resultado_10.jpg,resultado_resultado_10.jpg,OBJ 16,Não cadastrado,Não cadastrado,Desconhecido
resultado_10.jpg,resultado_resultado_10.jpg,OL,Não cadastrado,Não cadastrado,Desconhecido
resultado_10.jpg,resultado_resultado_10.jpg,OBJ 48,Não cadastrado,Não cadastrado,Desconhecido
resultado_10.jpg,resultado_resultado_10.jpg,121,Não cadastrado,Não cadastrado,Desconhecido
resultado_10.jpg,resultado_resultado_10.jpg,OBI 4,Não cadastrado,Não cadastrado,Desconhecido
resultado_10.jpg,resultado_resultado_10.jpg,ZSLI2,Não cadastrado,Não cadastrado,Desconhecido
resultado_10.jpg,resultado_resultado_10.jpg,ATER,Não cadastrado,Não cadastrado,Desconhecido
resultado_10.jpg,resultado_resultado_10.jpg,OBJ 14,Não cadastrado,Não cadastrado,Desconhecido
resultado_10.jpg,resultado_resultado_10.jpg,SLSI ZSLA,Não cadastrado,Não cadastrado,Desconhecido
resultado_10.jpg,resultado_resultado_10.jpg,AS2,Não cadastrado,Não cadastrado,Desconhecido
resultado_10.jpg,resultado_resultado_10.jpg,L3I,Não cadastrado,Não cadastrado,Desconhecido
resultado_10.jpg,resultado_resultado_10.jpg,QHJI,Não cadastrado,Não cadastrado,Desconhecido
resultado_10.jpg,resultado_resultado_10.jpg,PRODU,Não cadastrado,Não cadastrado,Desconhecido
resultado_10.jpg,resultado_resultado_10.jpg,OBJ 52,Não cadastrado,Não cadastrado,Desconhecido
resultado_10.jpg,resultado_resultado_10.jpg,WATER,Não cadastrado,Não cadastrado,Desconhecido
resultado_10.jpg,resultado_resultado_10.jpg,JOBJ 14,Não cadastrado,Não cadastrado,Desconhecido
resultado_10.jpg,resultado_resultado_10.jpg,L51,Não cadastrado,Não cadastrado,Desconhecido
resultado_10.jpg,resultado_resultado_10.jpg,ZSLA,Não cadastrado,Não cadastrado,Desconhecido
resultado_10.jpg,resultado_resultado_10.jpg,D,Não cadastrado,Não cadastrado,Desconhecido
resultado_10.jpg,resultado_resultado_10.jpg,OBJ 2,Não cadastrado,Não cadastrado,Desconhecido
resultado_10.jpg,resultado_resultado_10.jpg,OBJ 66,Não cadastrado,Não cadastrado,Desconhecido
resultado_10.jpg,resultado_resultado_10.jpg,OBJ 64,Não cadastrado,Não cadastrado,Desconhecido
resultado_10.jpg,resultado_resultado_10.jpg,OBJ 65,Não cadastrado,Não cadastrado,Desconhecido
resultado_10.jpg,resultado_resultado_10.jpg,"USING THE BELOW P&ID, PLEASE ANSWER THE",Não cadastrado,Não cadastrado,Desconhecido
resultado_10.jpg,resultado_resultado_10.jpg,UESTIONS,Não cadastrado,Não cadastrado,Desconhecido
resultado_10.jpg,resultado_resultado_10.jpg,OBJ 19,Não cadastrado,Não cadastrado,Desconhecido
resultado_10.jpg,resultado_resultado_10.jpg,PREMIX PRODUCT,Não cadastrado,Não cadastrado,Desconhecido
resultado_10.jpg,resultado_resultado_10.jpg,ZSH |1,Não cadastrado,Não cadastrado,Desconhecido
resultado_10.jpg,resultado_resultado_10.jpg,PRODY,Não cadastrado,Não cadastrado,Desconhecido
resultado_10.jpg,resultado_resultado_10.jpg,[OBJ,Não cadastrado,Não cadastrado,Desconhecido
resultado_10.jpg,resultado_resultado_10.jpg,"0,5KW",Não cadastrado,Não cadastrado,Desconhecido
resultado_10.jpg,resultado_resultado_10.jpg,OBI44,Não cadastrado,Não cadastrado,Desconhecido
resultado_10.jpg,resultado_resultado_10.jpg,LHH,Não cadastrado,Não cadastrado,Desconhecido
resultado_10.jpg,resultado_resultado_10.jpg,OB_,Não cadastrado,Não cadastrado,Desconhecido
resultado_10.jpg,resultado_resultado_10.jpg,ZSLAT,Não cadastrado,Não cadastrado,Desconhecido
resultado_10.jpg,resultado_resultado_10.jpg,UBJ 29,Não cadastrado,Não cadastrado,Desconhecido
resultado_10.jpg,resultado_resultado_10.jpg,ZSL,Não cadastrado,Não cadastrado,Desconhecido
resultado_10.jpg,resultado_resultado_10.jpg,OBI6,Não cadastrado,Não cadastrado,Desconhecido
resultado_10.jpg,resultado_resultado_10.jpg,@BARREL,Não cadastrado,Não cadastrado,Desconhecido
resultado_10.jpg,resultado_resultado_10.jpg,OBJ5,Não cadastrado,Não cadastrado,Desconhecido
resultado_10.jpg,resultado_resultado_10.jpg,SYMBOL:,Não cadastrado,Não cadastrado,Desconhecido
resultado_10.jpg,resultado_resultado_10.jpg,HEATEXCHANGEV,Não cadastrado,Não cadastrado,Desconhecido
resultado_10.jpg,resultado_resultado_10.jpg,PUMP,Não cadastrado,Não cadastrado,Desconhecido
resultado_10.jpg,resultado_resultado_10.jpg,TWO FILOVRATES PUMP,Não cadastrado,Não cadastrado,Desconhecido
resultado_10.jpg,resultado_resultado_10.jpg,LECTRICA,Não cadastrado,Não cadastrado,Desconhecido
resultado_10.jpg,resultado_resultado_10.jpg,NEAT EXCHANGEI,Não cadastrado,Não cadastrado,Desconhecido
resultado_10.jpg,resultado_resultado_10.jpg,LISBTHE MAJOR PIECESJOF EQUIPMEN,Não cadastrado,Não cadastrado,Desconhecido
resultado_10.jpg,resultado_resultado_10.jpg,YOU DO NOT HAVE TO INCLUDE PUMPS]AND HEAT,Não cadastrado,Não cadastrado,Desconhecido
resultado_10.jpg,resultado_resultado_10.jpg,C,Não cadastrado,Não cadastrado,Desconhecido
resultado_10.jpg,resultado_resultado_10.jpg,[CHANGERS,Não cadastrado,Não cadastrado,Desconhecido
resultado_10.jpg,resultado_resultado_10.jpg,CHANGERS,Não cadastrado,Não cadastrado,Desconhecido
resultado_10.jpg,resultado_resultado_10.jpg,PUMPS,Não cadastrado,Não cadastrado,Desconhecido
resultado_10.jpg,resultado_resultado_10.jpg,UPMEN,Não cadastrado,Não cadastrado,Desconhecido
resultado_10.jpg,resultado_resultado_10.jpg,ECES,Não cadastrado,Não cadastrado,Desconhecido
resultado_10.jpg,resultado_resultado_10.jpg,ISBTHE,Não cadastrado,Não cadastrado,Desconhecido
resultado_10.jpg,resultado_resultado_10.jpg,NEAT EXCNANGEN,Não cadastrado,Não cadastrado,Desconhecido
resultado_10.jpg,resultado_resultado_10.jpg,UESLIONS.,Não cadastrado,Não cadastrado,Desconhecido
resultado_10.jpg,resultado_resultado_10.jpg,PLEASE ANSWE,Não cadastrado,Não cadastrado,Desconhecido
11.jpg,resultado_11.jpg,M,Não cadastrado,Não cadastrado,Desconhecido
11.jpg,resultado_11.jpg,SUCTION,Não cadastrado,Não cadastrado,Desconhecido
11.jpg,resultado_11.jpg,KOD,Não cadastrado,Não cadastrado,Desconhecido
11.jpg,resultado_11.jpg,TC,Não cadastrado,Não cadastrado,Desconhecido
11.jpg,resultado_11.jpg,ASV,Não cadastrado,Não cadastrado,Desconhecido
11.jpg,resultado_11.jpg,ASC,Não cadastrado,Não cadastrado,Desconhecido
11.jpg,resultado_11.jpg,TO FLARE,Não cadastrado,Não cadastrado,Desconhecido
11.jpg,resultado_11.jpg,SAFE LOCATION,Não cadastrado,Não cadastrado,Desconhecido
11.jpg,resultado_11.jpg,AFTERCOOLER,Não cadastrado,Não cadastrado,Desconhecido
11.jpg,resultado_11.jpg,CSO,Não cadastrado,Não cadastrado,Desconhecido
11.jpg,resultado_11.jpg,VENT,Não cadastrado,Não cadastrado,Desconhecido
11.jpg,resultado_11.jpg,DRIVER MOTOR,Não cadastrado,Não cadastrado,Desconhecido
11.jpg,resultado_11.jpg,COMPRESSOR,Não cadastrado,Não cadastrado,Desconhecido
11.jpg,resultado_11.jpg,ANTI SURGE CONTROLLER,Não cadastrado,Não cadastrado,Desconhecido
11.jpg,resultado_11.jpg,TEMPERATURE CONTROLLER,Não cadastrado,Não cadastrado,Desconhecido
11.jpg,resultado_11.jpg,FC,Fail Close,Falha de Válvula,Identificado
11.jpg,resultado_11.jpg,FLOW CONTROLLER,Não cadastrado,Não cadastrado,Desconhecido
11.jpg,resultado_11.jpg,ANTI SURGE VALVE,Não cadastrado,Não cadastrado,Desconhecido
11.jpg,resultado_11.jpg,PC,Não cadastrado,Não cadastrado,Desconhecido
11.jpg,resultado_11.jpg,PRESSURE CONTROLLER,Não cadastrado,Não cadastrado,Desconhecido
11.jpg,resultado_11.jpg,LC,Não cadastrado,Não cadastrado,Desconhecido
11.jpg,resultado_11.jpg,LEVEL CONTROLLER,Não cadastrado,Não cadastrado,Desconhecido
11.jpg,resultado_11.jpg,CONTROLLE,Não cadastrado,Não cadastrado,Desconhecido
11.jpg,resultado_11.jpg,PRESSURE,Não cadastrado,Não cadastrado,Desconhecido
11.jpg,resultado_11.jpg,SURGE,Não cadastrado,Não cadastrado,Desconhecido
11.jpg,resultado_11.jpg,EMPERAT,Não cadastrado,Não cadastrado,Desconhecido
11.jpg,resultado_11.jpg,CONTROLLER,Não cadastrado,Não cadastrado,Desconhecido
11.jpg,resultado_11.jpg,OM,Não cadastrado,Não cadastrado,Desconhecido
resultado_11.jpg,resultado_resultado_11.jpg,DRIVER MOTOR OBJ,Não cadastrado,Não cadastrado,Desconhecido
resultado_11.jpg,resultado_resultado_11.jpg,COM,Não cadastrado,Não cadastrado,Desconhecido
resultado_11.jpg,resultado_resultado_11.jpg,MOTOR OB),Não cadastrado,Não cadastrado,Desconhecido
resultado_11.jpg,resultado_resultado_11.jpg,M,Não cadastrado,Não cadastrado,Desconhecido
resultado_11.jpg,resultado_resultado_11.jpg,SUCTION,Não cadastrado,Não cadastrado,Desconhecido
resultado_11.jpg,resultado_resultado_11.jpg,KOD,Não cadastrado,Não cadastrado,Desconhecido
resultado_11.jpg,resultado_resultado_11.jpg,TC,Não cadastrado,Não cadastrado,Desconhecido
resultado_11.jpg,resultado_resultado_11.jpg,PT,Não cadastrado,Não cadastrado,Desconhecido
resultado_11.jpg,resultado_resultado_11.jpg,OBJ,Não cadastrado,Não cadastrado,Desconhecido
resultado_11.jpg,resultado_resultado_11.jpg,VENT,Não cadastrado,Não cadastrado,Desconhecido
resultado_11.jpg,resultado_resultado_11.jpg,OBJ 20,Não cadastrado,Não cadastrado,Desconhecido
resultado_11.jpg,resultado_resultado_11.jpg,ASV,Não cadastrado,Não cadastrado,Desconhecido
resultado_11.jpg,resultado_resultado_11.jpg,TO FLARE,Não cadastrado,Não cadastrado,Desconhecido
resultado_11.jpg,resultado_resultado_11.jpg,SAFE LOCATION,Não cadastrado,Não cadastrado,Desconhecido
resultado_11.jpg,resultado_resultado_11.jpg,OBJ 25,Não cadastrado,Não cadastrado,Desconhecido
resultado_11.jpg,resultado_resultado_11.jpg,AFTERCOOLER,Não cadastrado,Não cadastrado,Desconhecido
resultado_11.jpg,resultado_resultado_11.jpg,CSO,Não cadastrado,Não cadastrado,Desconhecido
resultado_11.jpg,resultado_resultado_11.jpg,OB,Não cadastrado,Não cadastrado,Desconhecido
resultado_11.jpg,resultado_resultado_11.jpg,OBJ 23,Não cadastrado,Não cadastrado,Desconhecido
resultado_11.jpg,resultado_resultado_11.jpg,DRIVER MOTOR,Não cadastrado,Não cadastrado,Desconhecido
resultado_11.jpg,resultado_resultado_11.jpg,DRIVER MOTOR OB),Não cadastrado,Não cadastrado,Desconhecido
resultado_11.jpg,resultado_resultado_11.jpg,COMPRESSOR,Não cadastrado,Não cadastrado,Desconhecido
resultado_11.jpg,resultado_resultado_11.jpg,OBJ 18,Não cadastrado,Não cadastrado,Desconhecido
resultado_11.jpg,resultado_resultado_11.jpg,OBJ 14,Não cadastrado,Não cadastrado,Desconhecido
resultado_11.jpg,resultado_resultado_11.jpg,OBJ 16,Não cadastrado,Não cadastrado,Desconhecido
resultado_11.jpg,resultado_resultado_11.jpg,OBJ 15,Não cadastrado,Não cadastrado,Desconhecido
resultado_11.jpg,resultado_resultado_11.jpg,ASC,Não cadastrado,Não cadastrado,Desconhecido
resultado_11.jpg,resultado_resultado_11.jpg,ANTI SURGE CONTROLLE,Não cadastrado,Não cadastrado,Desconhecido
resultado_11.jpg,resultado_resultado_11.jpg,FC,Fail Close,Falha de Válvula,Identificado
resultado_11.jpg,resultado_resultado_11.jpg,FLOW CONTROLLER,Não cadastrado,Não cadastrado,Desconhecido
resultado_11.jpg,resultado_resultado_11.jpg,ANTI SURGE VALVE,Não cadastrado,Não cadastrado,Desconhecido
resultado_11.jpg,resultado_resultado_11.jpg,PC,Não cadastrado,Não cadastrado,Desconhecido
resultado_11.jpg,resultado_resultado_11.jpg,PRESSURE CONTROLLE,Não cadastrado,Não cadastrado,Desconhecido
resultado_11.jpg,resultado_resultado_11.jpg,LC,Não cadastrado,Não cadastrado,Desconhecido
resultado_11.jpg,resultado_resultado_11.jpg,LEVEL CONTROLLER,Não cadastrado,Não cadastrado,Desconhecido
resultado_11.jpg,resultado_resultado_11.jpg,CONTROLLER,Não cadastrado,Não cadastrado,Desconhecido
resultado_11.jpg,resultado_resultado_11.jpg,[SURGE CONTROLLE,Não cadastrado,Não cadastrado,Desconhecido
resultado_11.jpg,resultado_resultado_11.jpg,SURGE VALVE,Não cadastrado,Não cadastrado,Desconhecido
12.jpg,resultado_12.jpg,FILE,Não cadastrado,Não cadastrado,Desconhecido
12.jpg,resultado_12.jpg,HOME,Não cadastrado,Não cadastrado,Desconhecido
12.jpg,resultado_12.jpg,ADMIN,Não cadastrado,Não cadastrado,Desconhecido
12.jpg,resultado_12.jpg,ANNOTATION,Não cadastrado,Não cadastrado,Desconhecido
12.jpg,resultado_12.jpg,LINES,Não cadastrado,Não cadastrado,Desconhecido
12.jpg,resultado_12.jpg,MISC:,Não cadastrado,Não cadastrado,Desconhecido
12.jpg,resultado_12.jpg,DESIGN OBJECTS,Não cadastrado,Não cadastrado,Desconhecido
12.jpg,resultado_12.jpg,PARAMETRICS,Não cadastrado,Não cadastrado,Desconhecido
12.jpg,resultado_12.jpg,PID,Não cadastrado,Não cadastrado,Desconhecido
12.jpg,resultado_12.jpg,SYMBOL,Não cadastrado,Não cadastrado,Desconhecido
12.jpg,resultado_12.jpg,L1-50|,Não cadastrado,Não cadastrado,Desconhecido
12.jpg,resultado_12.jpg,100,Não cadastrado,Não cadastrado,Desconhecido
12.jpg,resultado_12.jpg,LABEL,Não cadastrado,Não cadastrado,Desconhecido
12.jpg,resultado_12.jpg,MAJOR,Não cadastrado,Não cadastrado,Desconhecido
12.jpg,resultado_12.jpg,INSTRUMENT,Não cadastrado,Não cadastrado,Desconhecido
12.jpg,resultado_12.jpg,LINE,Não cadastrado,Não cadastrado,Desconhecido
12.jpg,resultado_12.jpg,IN-LINE,Não cadastrado,Não cadastrado,Desconhecido
12.jpg,resultado_12.jpg,BRANCH,Não cadastrado,Não cadastrado,Desconhecido
12.jpg,resultado_12.jpg,POINT,Não cadastrado,Não cadastrado,Desconhecido
12.jpg,resultado_12.jpg,ON-,Não cadastrado,Não cadastrado,Desconhecido
12.jpg,resultado_12.jpg,BORE TEXT PROCESS,Não cadastrado,Não cadastrado,Desconhecido
12.jpg,resultado_12.jpg,SUPPLY,Não cadastrado,Não cadastrado,Desconhecido
12.jpg,resultado_12.jpg,LABEL -,Não cadastrado,Não cadastrado,Desconhecido
12.jpg,resultado_12.jpg,EQUIPM: EQUIPM: INSTRUMENT,Não cadastrado,Não cadastrado,Desconhecido
12.jpg,resultado_12.jpg,GROUP,Não cadastrado,Não cadastrado,Desconhecido
12.jpg,resultado_12.jpg,MOVE,Não cadastrado,Não cadastrado,Desconhecido
12.jpg,resultado_12.jpg,CONN:,Não cadastrado,Não cadastrado,Desconhecido
12.jpg,resultado_12.jpg,BORE,Não cadastrado,Não cadastrado,Desconhecido
12.jpg,resultado_12.jpg,SHEET -,Não cadastrado,Não cadastrado,Desconhecido
12.jpg,resultado_12.jpg,VERIFY,Não cadastrado,Não cadastrado,Desconhecido
12.jpg,resultado_12.jpg,SELECT,Não cadastrado,Não cadastrado,Desconhecido
12.jpg,resultado_12.jpg,REPON,Não cadastrado,Não cadastrado,Desconhecido
12.jpg,resultado_12.jpg,PBID SYMBOL DASHBOARD,Não cadastrado,Não cadastrado,Desconhecido
12.jpg,resultado_12.jpg,GENERA,Não cadastrado,Não cadastrado,Desconhecido
12.jpg,resultado_12.jpg,PROPERTIES,Não cadastrado,Não cadastrado,Desconhecido
12.jpg,resultado_12.jpg,LZI-ZDD-4,Não cadastrado,Não cadastrado,Desconhecido
12.jpg,resultado_12.jpg,TAG,Não cadastrado,Não cadastrado,Desconhecido
12.jpg,resultado_12.jpg,V-005,Não cadastrado,Não cadastrado,Desconhecido
12.jpg,resultado_12.jpg,FLAM,Não cadastrado,Não cadastrado,Desconhecido
12.jpg,resultado_12.jpg,TYPE,Não cadastrado,Não cadastrado,Desconhecido
12.jpg,resultado_12.jpg,VALVE,Não cadastrado,Não cadastrado,Desconhecido
12.jpg,resultado_12.jpg,SUB-TYPE,Não cadastrado,Não cadastrado,Desconhecido
12.jpg,resultado_12.jpg,BALL,Não cadastrado,Não cadastrado,Desconhecido
12.jpg,resultado_12.jpg,ATTRIBUTES,Não cadastrado,Não cadastrado,Desconhecido
12.jpg,resultado_12.jpg,VALUE,Não cadastrado,Não cadastrado,Desconhecido
12.jpg,resultado_12.jpg,INLET PRESSURE BAR,Não cadastrado,Não cadastrado,Desconhecido
12.jpg,resultado_12.jpg,OUTLET PRESSURE BAR,Não cadastrado,Não cadastrado,Desconhecido
12.jpg,resultado_12.jpg,DENSITY KQLM,Não cadastrado,Não cadastrado,Desconhecido
12.jpg,resultado_12.jpg,FLOWRATE M3LMIN,Não cadastrado,Não cadastrado,Desconhecido
12.jpg,resultado_12.jpg,OPERATING TEMP C,Não cadastrado,Não cadastrado,Desconhecido
12.jpg,resultado_12.jpg,FAILURE STATE,Não cadastrado,Não cadastrado,Desconhecido
12.jpg,resultado_12.jpg,CATALOQ,Não cadastrado,Não cadastrado,Desconhecido
12.jpg,resultado_12.jpg,MODELDIRECTORY,Não cadastrado,Não cadastrado,Desconhecido
12.jpg,resultado_12.jpg,MODELFILE,Não cadastrado,Não cadastrado,Desconhecido
12.jpg,resultado_12.jpg,DDZ,Não cadastrado,Não cadastrado,Desconhecido
12.jpg,resultado_12.jpg,5_DD],Não cadastrado,Não cadastrado,Desconhecido
12.jpg,resultado_12.jpg,007,Não cadastrado,Não cadastrado,Desconhecido
12.jpg,resultado_12.jpg,OOB,Não cadastrado,Não cadastrado,Desconhecido
12.jpg,resultado_12.jpg,IRI-IX,Não cadastrado,Não cadastrado,Desconhecido
12.jpg,resultado_12.jpg,TOOLS,Não cadastrado,Não cadastrado,Desconhecido
12.jpg,resultado_12.jpg,BDY-CC1,Não cadastrado,Não cadastrado,Desconhecido
12.jpg,resultado_12.jpg,BL - DC1,Não cadastrado,Não cadastrado,Desconhecido
12.jpg,resultado_12.jpg,BL-CC2,Não cadastrado,Não cadastrado,Desconhecido
12.jpg,resultado_12.jpg,GV-DDD,Não cadastrado,Não cadastrado,Desconhecido
12.jpg,resultado_12.jpg,015,Não cadastrado,Não cadastrado,Desconhecido
12.jpg,resultado_12.jpg,FWP,Não cadastrado,Não cadastrado,Desconhecido
12.jpg,resultado_12.jpg,FHP-CC1,Não cadastrado,Não cadastrado,Desconhecido
12.jpg,resultado_12.jpg,PPDO01-1,Não cadastrado,Não cadastrado,Desconhecido
12.jpg,resultado_12.jpg,PPDO01-2,Não cadastrado,Não cadastrado,Desconhecido
12.jpg,resultado_12.jpg,TO1,Não cadastrado,Não cadastrado,Desconhecido
12.jpg,resultado_12.jpg,ZCHNGNR_,Não cadastrado,Não cadastrado,Desconhecido
12.jpg,resultado_12.jpg,11 *,Não cadastrado,Não cadastrado,Desconhecido
12.jpg,resultado_12.jpg,BH-PID_,Não cadastrado,Não cadastrado,Desconhecido
12.jpg,resultado_12.jpg,BH-PID2,Não cadastrado,Não cadastrado,Desconhecido
12.jpg,resultado_12.jpg,6,Não cadastrado,Não cadastrado,Desconhecido
12.jpg,resultado_12.jpg,X+810.0000,Não cadastrado,Não cadastrado,Desconhecido
12.jpg,resultado_12.jpg,SHEET,Não cadastrado,Não cadastrado,Desconhecido
12.jpg,resultado_12.jpg,+85.00000,Não cadastrado,Não cadastrado,Desconhecido
12.jpg,resultado_12.jpg,9,Não cadastrado,Não cadastrado,Desconhecido
12.jpg,resultado_12.jpg,GENERAL,Não cadastrado,Não cadastrado,Desconhecido
12.jpg,resultado_12.jpg,013,Não cadastrado,Não cadastrado,Desconhecido
12.jpg,resultado_12.jpg,004,Não cadastrado,Não cadastrado,Desconhecido
12.jpg,resultado_12.jpg,OO5D-DDE,Não cadastrado,Não cadastrado,Desconhecido
12.jpg,resultado_12.jpg,FWP-DDZ,Não cadastrado,Não cadastrado,Desconhecido
12.jpg,resultado_12.jpg,CC2,Não cadastrado,Não cadastrado,Desconhecido
12.jpg,resultado_12.jpg,Y-01E,Não cadastrado,Não cadastrado,Desconhecido
12.jpg,resultado_12.jpg,CU_DDO,Não cadastrado,Não cadastrado,Desconhecido
12.jpg,resultado_12.jpg,U-015,Não cadastrado,Não cadastrado,Desconhecido
12.jpg,resultado_12.jpg,FHP,Não cadastrado,Não cadastrado,Desconhecido
12.jpg,resultado_12.jpg,U_014,Não cadastrado,Não cadastrado,Desconhecido
12.jpg,resultado_12.jpg,CC],Não cadastrado,Não cadastrado,Desconhecido
12.jpg,resultado_12.jpg,17-S-474,Não cadastrado,Não cadastrado,Desconhecido
12.jpg,resultado_12.jpg,CV-OOED-DDE,Não cadastrado,Não cadastrado,Desconhecido
12.jpg,resultado_12.jpg,CV-DDD,Não cadastrado,Não cadastrado,Desconhecido
12.jpg,resultado_12.jpg,FHT-0C2,Não cadastrado,Não cadastrado,Desconhecido
12.jpg,resultado_12.jpg,#OOB,Não cadastrado,Não cadastrado,Desconhecido
12.jpg,resultado_12.jpg,PLAM,Não cadastrado,Não cadastrado,Desconhecido
12.jpg,resultado_12.jpg,"0CZ""-DDZ",Não cadastrado,Não cadastrado,Desconhecido
12.jpg,resultado_12.jpg,CDT,Não cadastrado,Não cadastrado,Desconhecido
12.jpg,resultado_12.jpg,"""-007",Não cadastrado,Não cadastrado,Desconhecido
12.jpg,resultado_12.jpg,002,Não cadastrado,Não cadastrado,Desconhecido
12.jpg,resultado_12.jpg,003,Não cadastrado,Não cadastrado,Desconhecido
12.jpg,resultado_12.jpg,"""-014",Não cadastrado,Não cadastrado,Desconhecido
12.jpg,resultado_12.jpg,L1-50],Não cadastrado,Não cadastrado,Desconhecido
13.jpg,resultado_13.jpg,15 PSI,Não cadastrado,Não cadastrado,Desconhecido
13.jpg,resultado_13.jpg,4-20 IA,Não cadastrado,Não cadastrado,Desconhecido
13.jpg,resultado_13.jpg,MATERIAL A,Não cadastrado,Não cadastrado,Desconhecido
13.jpg,resultado_13.jpg,LIC,Não cadastrado,Não cadastrado,Desconhecido
13.jpg,resultado_13.jpg,PSV,Não cadastrado,Não cadastrado,Desconhecido
13.jpg,resultado_13.jpg,MATEFIAL,Não cadastrado,Não cadastrado,Desconhecido
13.jpg,resultado_13.jpg,FLOW CONTROL,Não cadastrado,Não cadastrado,Desconhecido
13.jpg,resultado_13.jpg,MATERIAL B,Não cadastrado,Não cadastrado,Desconhecido
13.jpg,resultado_13.jpg,MATERIAL,Não cadastrado,Não cadastrado,Desconhecido
13.jpg,resultado_13.jpg,3-15 PSI,Não cadastrado,Não cadastrado,Desconhecido
14.jpg,resultado_14.jpg,SET POINT,Não cadastrado,Não cadastrado,Desconhecido
14.jpg,resultado_14.jpg,TIC,Não cadastrado,Não cadastrado,Desconhecido
14.jpg,resultado_14.jpg,FIC,Não cadastrado,Não cadastrado,Desconhecido
14.jpg,resultado_14.jpg,501,Não cadastrado,Não cadastrado,Desconhecido
14.jpg,resultado_14.jpg,TY,Não cadastrado,Não cadastrado,Desconhecido
14.jpg,resultado_14.jpg,YIC,Não cadastrado,Não cadastrado,Desconhecido
14.jpg,resultado_14.jpg,FT,Não cadastrado,Não cadastrado,Desconhecido
14.jpg,resultado_14.jpg,TT,Não cadastrado,Não cadastrado,Desconhecido
14.jpg,resultado_14.jpg,S,Não cadastrado,Não cadastrado,Desconhecido
14.jpg,resultado_14.jpg,AIR SUPPLY,Não cadastrado,Não cadastrado,Desconhecido
14.jpg,resultado_14.jpg,ZSH,Não cadastrado,Não cadastrado,Desconhecido
14.jpg,resultado_14.jpg,ZSL,Não cadastrado,Não cadastrado,Desconhecido
14.jpg,resultado_14.jpg,501A,Não cadastrado,Não cadastrado,Desconhecido
14.jpg,resultado_14.jpg,501B,Não cadastrado,Não cadastrado,Desconhecido
14.jpg,resultado_14.jpg,S01A,Não cadastrado,Não cadastrado,Desconhecido
14.jpg,resultado_14.jpg,PPLY,Não cadastrado,Não cadastrado,Desconhecido
14.jpg,resultado_14.jpg,ZSF,Não cadastrado,Não cadastrado,Desconhecido
14.jpg,resultado_14.jpg,503,Não cadastrado,Não cadastrado,Desconhecido
15.jpg,resultado_15.jpg,T-6,Não cadastrado,Não cadastrado,Desconhecido
15.jpg,resultado_15.jpg,EV-600,Não cadastrado,Não cadastrado,Desconhecido
15.jpg,resultado_15.jpg,T-7,Não cadastrado,Não cadastrado,Desconhecido
15.jpg,resultado_15.jpg,V-601,Não cadastrado,Não cadastrado,Desconhecido
15.jpg,resultado_15.jpg,T-3,Não cadastrado,Não cadastrado,Desconhecido
15.jpg,resultado_15.jpg,V-701,Não cadastrado,Não cadastrado,Desconhecido
15.jpg,resultado_15.jpg,P-70Q,Não cadastrado,Não cadastrado,Desconhecido
15.jpg,resultado_15.jpg,P-104,Não cadastrado,Não cadastrado,Desconhecido
15.jpg,resultado_15.jpg,V-206,Não cadastrado,Não cadastrado,Desconhecido
15.jpg,resultado_15.jpg,T-4,Não cadastrado,Não cadastrado,Desconhecido
15.jpg,resultado_15.jpg,V-30?,Não cadastrado,Não cadastrado,Desconhecido
15.jpg,resultado_15.jpg,V-303,Não cadastrado,Não cadastrado,Desconhecido
15.jpg,resultado_15.jpg,ET-207,Não cadastrado,Não cadastrado,Desconhecido
15.jpg,resultado_15.jpg,T-],Não cadastrado,Não cadastrado,Desconhecido
15.jpg,resultado_15.jpg,T-5,Não cadastrado,Não cadastrado,Desconhecido
15.jpg,resultado_15.jpg,V-102,Não cadastrado,Não cadastrado,Desconhecido
15.jpg,resultado_15.jpg,C-103,Não cadastrado,Não cadastrado,Desconhecido
15.jpg,resultado_15.jpg,V-100,Não cadastrado,Não cadastrado,Desconhecido
15.jpg,resultado_15.jpg,ODI,Não cadastrado,Não cadastrado,Desconhecido
15.jpg,resultado_15.jpg,EV-20Q,Não cadastrado,Não cadastrado,Desconhecido
15.jpg,resultado_15.jpg,V-60],Não cadastrado,Não cadastrado,Desconhecido
15.jpg,resultado_15.jpg,701,Não cadastrado,Não cadastrado,Desconhecido
15.jpg,resultado_15.jpg,P-700,Não cadastrado,Não cadastrado,Desconhecido
15.jpg,resultado_15.jpg,V-400,Não cadastrado,Não cadastrado,Desconhecido
15.jpg,resultado_15.jpg,EV-SOO,Não cadastrado,Não cadastrado,Desconhecido
15.jpg,resultado_15.jpg,P-300,Não cadastrado,Não cadastrado,Desconhecido
15.jpg,resultado_15.jpg,T-,Não cadastrado,Não cadastrado,Desconhecido
16.jpg,resultado_16.jpg,MJ3,Não cadastrado,Não cadastrado,Desconhecido
16.jpg,resultado_16.jpg,' 03,Não cadastrado,Não cadastrado,Desconhecido
16.jpg,resultado_16.jpg,VA-0S,Não cadastrado,Não cadastrado,Desconhecido
16.jpg,resultado_16.jpg,B01,Não cadastrado,Não cadastrado,Desconhecido
16.jpg,resultado_16.jpg,VA-06,Não cadastrado,Não cadastrado,Desconhecido
16.jpg,resultado_16.jpg,K VA-O7,Não cadastrado,Não cadastrado,Desconhecido
16.jpg,resultado_16.jpg,VA-OF,Não cadastrado,Não cadastrado,Desconhecido
16.jpg,resultado_16.jpg,W02,Não cadastrado,Não cadastrado,Desconhecido
16.jpg,resultado_16.jpg,W01,Não cadastrado,Não cadastrado,Desconhecido
16.jpg,resultado_16.jpg,PV-OI,Não cadastrado,Não cadastrado,Desconhecido
16.jpg,resultado_16.jpg,STEAM,Não cadastrado,Não cadastrado,Desconhecido
16.jpg,resultado_16.jpg,VA-09,Não cadastrado,Não cadastrado,Desconhecido
16.jpg,resultado_16.jpg,W04,Não cadastrado,Não cadastrado,Desconhecido
16.jpg,resultado_16.jpg,4-12,Não cadastrado,Não cadastrado,Desconhecido
16.jpg,resultado_16.jpg,VA-12,Não cadastrado,Não cadastrado,Desconhecido
16.jpg,resultado_16.jpg,W03,Não cadastrado,Não cadastrado,Desconhecido
16.jpg,resultado_16.jpg,K01,Não cadastrado,Não cadastrado,Desconhecido
16.jpg,resultado_16.jpg,VA-1O,Não cadastrado,Não cadastrado,Desconhecido
16.jpg,resultado_16.jpg,VA-O7,Não cadastrado,Não cadastrado,Desconhecido
16.jpg,resultado_16.jpg,B02,Não cadastrado,Não cadastrado,Desconhecido
16.jpg,resultado_16.jpg,VP 01,Não cadastrado,Não cadastrado,Desconhecido
16.jpg,resultado_16.jpg,P03,Não cadastrado,Não cadastrado,Desconhecido
16.jpg,resultado_16.jpg,VA-08,Não cadastrado,Não cadastrado,Desconhecido
16.jpg,resultado_16.jpg,VA-03,Não cadastrado,Não cadastrado,Desconhecido
16.jpg,resultado_16.jpg,VA-02,Não cadastrado,Não cadastrado,Desconhecido
16.jpg,resultado_16.jpg,P02,Não cadastrado,Não cadastrado,Desconhecido
16.jpg,resultado_16.jpg,WASTE WATER,Não cadastrado,Não cadastrado,Desconhecido
16.jpg,resultado_16.jpg,PJ1,Não cadastrado,Não cadastrado,Desconhecido
16.jpg,resultado_16.jpg,VA-04,Não cadastrado,Não cadastrado,Desconhecido
16.jpg,resultado_16.jpg,VA-O1,Não cadastrado,Não cadastrado,Desconhecido
16.jpg,resultado_16.jpg,VA-13,Não cadastrado,Não cadastrado,Desconhecido
16.jpg,resultado_16.jpg,B-03,Não cadastrado,Não cadastrado,Desconhecido
16.jpg,resultado_16.jpg,B-04,Não cadastrado,Não cadastrado,Desconhecido
16.jpg,resultado_16.jpg,REST,Não cadastrado,Não cadastrado,Desconhecido
16.jpg,resultado_16.jpg,STUFF,Não cadastrado,Não cadastrado,Desconhecido
16.jpg,resultado_16.jpg,DISTILLATE,Não cadastrado,Não cadastrado,Desconhecido
16.jpg,resultado_16.jpg,WATER,Não cadastrado,Não cadastrado,Desconhecido
16.jpg,resultado_16.jpg,VA-14,Não cadastrado,Não cadastrado,Desconhecido
16.jpg,resultado_16.jpg,VA-15,Não cadastrado,Não cadastrado,Desconhecido
16.jpg,resultado_16.jpg,VA-16,Não cadastrado,Não cadastrado,Desconhecido
16.jpg,resultado_16.jpg,VA-1,Não cadastrado,Não cadastrado,Desconhecido
16.jpg,resultado_16.jpg,VA-18,Não cadastrado,Não cadastrado,Desconhecido
16.jpg,resultado_16.jpg,MJ-1,Não cadastrado,Não cadastrado,Desconhecido
16.jpg,resultado_16.jpg,MJ-,Não cadastrado,Não cadastrado,Desconhecido
16.jpg,resultado_16.jpg,B-05,Não cadastrado,Não cadastrado,Desconhecido
16.jpg,resultado_16.jpg,B-06,Não cadastrado,Não cadastrado,Desconhecido
16.jpg,resultado_16.jpg,B-07,Não cadastrado,Não cadastrado,Desconhecido
16.jpg,resultado_16.jpg,B-08,Não cadastrado,Não cadastrado,Desconhecido
19.jpg,resultado_19.jpg,SYMBOLS,Não cadastrado,Não cadastrado,Desconhecido
19.jpg,resultado_19.jpg,EQUIPMENT,Não cadastrado,Não cadastrado,Desconhecido
19.jpg,resultado_19.jpg,HEAT EXCHANGERS,Não cadastrado,Não cadastrado,Desconhecido
19.jpg,resultado_19.jpg,PLATE AND,Não cadastrado,Não cadastrado,Desconhecido
19.jpg,resultado_19.jpg,SPIRAL,Não cadastrado,Não cadastrado,Desconhecido
19.jpg,resultado_19.jpg,HEATER,Não cadastrado,Não cadastrado,Desconhecido
19.jpg,resultado_19.jpg,HEAT EXCHANGER,Não cadastrado,Não cadastrado,Desconhecido
19.jpg,resultado_19.jpg,AIR COOLED EXCHANGER,Não cadastrado,Não cadastrado,Desconhecido
19.jpg,resultado_19.jpg,U-TUBE,Não cadastrado,Não cadastrado,Desconhecido
19.jpg,resultado_19.jpg,CONDENSER,Não cadastrado,Não cadastrado,Desconhecido
19.jpg,resultado_19.jpg,(LOUVERS OPTIONAL),Não cadastrado,Não cadastrado,Desconhecido
19.jpg,resultado_19.jpg,DOUBLE-L,Não cadastrado,Não cadastrado,Desconhecido
19.jpg,resultado_19.jpg,SINGLE PASS,Não cadastrado,Não cadastrado,Desconhecido
19.jpg,resultado_19.jpg,SHELL AND,Não cadastrado,Não cadastrado,Desconhecido
19.jpg,resultado_19.jpg,HAIRPIN EXCHANGER,Não cadastrado,Não cadastrado,Desconhecido
19.jpg,resultado_19.jpg,REBOILER,Não cadastrado,Não cadastrado,Desconhecido
19.jpg,resultado_19.jpg,DISTILLATION SYMBOLS,Não cadastrado,Não cadastrado,Desconhecido
19.jpg,resultado_19.jpg,DEMISTER,Não cadastrado,Não cadastrado,Desconhecido
19.jpg,resultado_19.jpg,SPRAY NOZZLE,Não cadastrado,Não cadastrado,Desconhecido
19.jpg,resultado_19.jpg,CHIMNEY,Não cadastrado,Não cadastrado,Desconhecido
19.jpg,resultado_19.jpg,TWO PASS,Não cadastrado,Não cadastrado,Desconhecido
19.jpg,resultado_19.jpg,PACKED SECTION,Não cadastrado,Não cadastrado,Desconhecido
19.jpg,resultado_19.jpg,DRAW OFF,Não cadastrado,Não cadastrado,Desconhecido
19.jpg,resultado_19.jpg,GENERIC,Não cadastrado,Não cadastrado,Desconhecido
19.jpg,resultado_19.jpg,MANWAY,Não cadastrado,Não cadastrado,Desconhecido
19.jpg,resultado_19.jpg,PLATE TOWER,Não cadastrado,Não cadastrado,Desconhecido
19.jpg,resultado_19.jpg,PACKED TOWER,Não cadastrado,Não cadastrado,Desconhecido
19.jpg,resultado_19.jpg,VORTEX BREAKER,Não cadastrado,Não cadastrado,Desconhecido
19.jpg,resultado_19.jpg,"BUBBLE-CAP, SIEVE, VALVE",Não cadastrado,Não cadastrado,Desconhecido
19.jpg,resultado_19.jpg,"SADDLE, RING, SULZER; ROSETTE",Não cadastrado,Não cadastrado,Desconhecido
19.jpg,resultado_19.jpg,KIMRAY,Não cadastrado,Não cadastrado,Desconhecido
19.jpg,resultado_19.jpg,FRAME,Não cadastrado,Não cadastrado,Desconhecido
19.jpg,resultado_19.jpg,-PIPE,Não cadastrado,Não cadastrado,Desconhecido
19.jpg,resultado_19.jpg,TUBE,Não cadastrado,Não cadastrado,Desconhecido
19.jpg,resultado_19.jpg,TRAY,Não cadastrado,Não cadastrado,Desconhecido
19.jpg,resultado_19.jpg,RA,Não cadastrado,Não cadastrado,Desconhecido
19.jpg,resultado_19.jpg,KIM,Não cadastrado,Não cadastrado,Desconhecido
19.jpg,resultado_19.jpg,NWAY,Não cadastrado,Não cadastrado,Desconhecido
19.jpg,resultado_19.jpg,"SADDLE, RING; SULZER; ROSETTE",Não cadastrado,Não cadastrado,Desconhecido
19.jpg,resultado_19.jpg,OWE,Não cadastrado,Não cadastrado,Desconhecido
19.jpg,resultado_19.jpg,OWER,Não cadastrado,Não cadastrado,Desconhecido
19.jpg,resultado_19.jpg,SHELL AND TUBE,Não cadastrado,Não cadastrado,Desconhecido
19.jpg,resultado_19.jpg,NGE,Não cadastrado,Não cadastrado,Desconhecido
19.jpg,resultado_19.jpg,REBOI,Não cadastrado,Não cadastrado,Desconhecido
19.jpg,resultado_19.jpg,PLATE AND FRAME,Não cadastrado,Não cadastrado,Desconhecido
19.jpg,resultado_19.jpg,DOUBLE-PIPE,Não cadastrado,Não cadastrado,Desconhecido
19.jpg,resultado_19.jpg,ANGER,Não cadastrado,Não cadastrado,Desconhecido
19.jpg,resultado_19.jpg,DOU,Não cadastrado,Não cadastrado,Desconhecido
19.jpg,resultado_19.jpg,OUVER,Não cadastrado,Não cadastrado,Desconhecido
19.jpg,resultado_19.jpg,AME,Não cadastrado,Não cadastrado,Desconhecido
19.jpg,resultado_19.jpg,N,Não cadastrado,Não cadastrado,Desconhecido
19.jpg,resultado_19.jpg,M,Não cadastrado,Não cadastrado,Desconhecido
19.jpg,resultado_19.jpg,0,Não cadastrado,Não cadastrado,Desconhecido
100.jpg,resultado_100.jpg,PSLL,Não cadastrado,Não cadastrado,Desconhecido
100.jpg,resultado_100.jpg,PAL,Não cadastrado,Não cadastrado,Desconhecido
100.jpg,resultado_100.jpg,0016,Não cadastrado,Não cadastrado,Desconhecido
100.jpg,resultado_100.jpg,NOTE,Não cadastrado,Não cadastrado,Desconhecido
100.jpg,resultado_100.jpg,0003,Não cadastrado,Não cadastrado,Desconhecido
100.jpg,resultado_100.jpg,0014,Não cadastrado,Não cadastrado,Desconhecido
100.jpg,resultado_100.jpg,0017,Não cadastrado,Não cadastrado,Desconhecido
100.jpg,resultado_100.jpg,PT,Não cadastrado,Não cadastrado,Desconhecido
100.jpg,resultado_100.jpg,PSL,Não cadastrado,Não cadastrado,Desconhecido
100.jpg,resultado_100.jpg,0004,Não cadastrado,Não cadastrado,Desconhecido
100.jpg,resultado_100.jpg,0015,Não cadastrado,Não cadastrado,Desconhecido
100.jpg,resultado_100.jpg,OOI6B,Não cadastrado,Não cadastrado,Desconhecido
100.jpg,resultado_100.jpg,0OIGC,Não cadastrado,Não cadastrado,Desconhecido
100.jpg,resultado_100.jpg,"36""_PO12_154-V",Não cadastrado,Não cadastrado,Desconhecido
100.jpg,resultado_100.jpg,9.85,Não cadastrado,Não cadastrado,Desconhecido
100.jpg,resultado_100.jpg,15A-V,Não cadastrado,Não cadastrado,Desconhecido
100.jpg,resultado_100.jpg,MA-V,Não cadastrado,Não cadastrado,Desconhecido
100.jpg,resultado_100.jpg,PSV,Não cadastrado,Não cadastrado,Desconhecido
100.jpg,resultado_100.jpg,PSE T=10 01MPAG,Não cadastrado,Não cadastrado,Desconhecido
100.jpg,resultado_100.jpg,PSET=10.O1MPOG,Não cadastrado,Não cadastrado,Desconhecido
100.jpg,resultado_100.jpg,0010,Não cadastrado,Não cadastrado,Desconhecido
100.jpg,resultado_100.jpg,ZOON,Não cadastrado,Não cadastrado,Desconhecido
100.jpg,resultado_100.jpg,30,Não cadastrado,Não cadastrado,Desconhecido
100.jpg,resultado_100.jpg,0011,Não cadastrado,Não cadastrado,Desconhecido
100.jpg,resultado_100.jpg,"1,90",Não cadastrado,Não cadastrado,Desconhecido
100.jpg,resultado_100.jpg,"1,.90",Não cadastrado,Não cadastrado,Desconhecido
100.jpg,resultado_100.jpg,3/47,Não cadastrado,Não cadastrado,Desconhecido
100.jpg,resultado_100.jpg,SP,Não cadastrado,Não cadastrado,Desconhecido
100.jpg,resultado_100.jpg,"3/4""",Não cadastrado,Não cadastrado,Desconhecido
100.jpg,resultado_100.jpg,900#,Não cadastrado,Não cadastrado,Desconhecido
100.jpg,resultado_100.jpg,64,Não cadastrado,Não cadastrado,Desconhecido
100.jpg,resultado_100.jpg,ILO]I,Não cadastrado,Não cadastrado,Desconhecido
100.jpg,resultado_100.jpg,900H,Não cadastrado,Não cadastrado,Desconhecido
100.jpg,resultado_100.jpg,FB/0,Não cadastrado,Não cadastrado,Desconhecido
100.jpg,resultado_100.jpg,FB/LC,Não cadastrado,Não cadastrado,Desconhecido
100.jpg,resultado_100.jpg,0013,Não cadastrado,Não cadastrado,Desconhecido
100.jpg,resultado_100.jpg,JO,Não cadastrado,Não cadastrado,Desconhecido
100.jpg,resultado_100.jpg,"3""-PO96-",Não cadastrado,Não cadastrado,Desconhecido
100.jpg,resultado_100.jpg,"9,85",Não cadastrado,Não cadastrado,Desconhecido
100.jpg,resultado_100.jpg,V-001,Não cadastrado,Não cadastrado,Desconhecido
100.jpg,resultado_100.jpg,EL+266900,Não cadastrado,Não cadastrado,Desconhecido
100.jpg,resultado_100.jpg,LG,Não cadastrado,Não cadastrado,Desconhecido
100.jpg,resultado_100.jpg,LSHL,Não cadastrado,Não cadastrado,Desconhecido
100.jpg,resultado_100.jpg,LSH,Não cadastrado,Não cadastrado,Desconhecido
100.jpg,resultado_100.jpg,LAH,Não cadastrado,Não cadastrado,Desconhecido
100.jpg,resultado_100.jpg,LSL,Não cadastrado,Não cadastrado,Desconhecido
100.jpg,resultado_100.jpg,LAL,Não cadastrado,Não cadastrado,Desconhecido
100.jpg,resultado_100.jpg,0031,Não cadastrado,Não cadastrado,Desconhecido
100.jpg,resultado_100.jpg,0O01,Não cadastrado,Não cadastrado,Desconhecido
100.jpg,resultado_100.jpg,0002,Não cadastrado,Não cadastrado,Desconhecido
100.jpg,resultado_100.jpg,C034,Não cadastrado,Não cadastrado,Desconhecido
100.jpg,resultado_100.jpg,0034,Não cadastrado,Não cadastrado,Desconhecido
100.jpg,resultado_100.jpg,EL+265000,Não cadastrado,Não cadastrado,Desconhecido
100.jpg,resultado_100.jpg,2',Não cadastrado,Não cadastrado,Desconhecido
100.jpg,resultado_100.jpg,BY_ VENDOR,Não cadastrado,Não cadastrado,Desconhecido
100.jpg,resultado_100.jpg,~,Não cadastrado,Não cadastrado,Desconhecido
100.jpg,resultado_100.jpg,VENDOR,Não cadastrado,Não cadastrado,Desconhecido
100.jpg,resultado_100.jpg,5000,Não cadastrado,Não cadastrado,Desconhecido
100.jpg,resultado_100.jpg,900,Não cadastrado,Não cadastrado,Desconhecido
100.jpg,resultado_100.jpg,(0034,Não cadastrado,Não cadastrado,Desconhecido
100.jpg,resultado_100.jpg,P096,Não cadastrado,Não cadastrado,Desconhecido
100.jpg,resultado_100.jpg,3/4,Não cadastrado,Não cadastrado,Desconhecido
100.jpg,resultado_100.jpg,IL8I,Não cadastrado,Não cadastrado,Desconhecido
100.jpg,resultado_100.jpg,ILO],Não cadastrado,Não cadastrado,Desconhecido
100.jpg,resultado_100.jpg,300,Não cadastrado,Não cadastrado,Desconhecido
100.jpg,resultado_100.jpg,"6""_PO98-IA-V",Não cadastrado,Não cadastrado,Desconhecido
100.jpg,resultado_100.jpg,ZOO#,Não cadastrado,Não cadastrado,Desconhecido
100.jpg,resultado_100.jpg,'900H,Não cadastrado,Não cadastrado,Desconhecido
100.jpg,resultado_100.jpg,FB/10,Não cadastrado,Não cadastrado,Desconhecido
100.jpg,resultado_100.jpg,"3""",Não cadastrado,Não cadastrado,Desconhecido
100.jpg,resultado_100.jpg,90,Não cadastrado,Não cadastrado,Desconhecido
100.jpg,resultado_100.jpg,SA-V,Não cadastrado,Não cadastrado,Desconhecido
100.jpg,resultado_100.jpg,8,Não cadastrado,Não cadastrado,Desconhecido
100.jpg,resultado_100.jpg,454-V,Não cadastrado,Não cadastrado,Desconhecido
100.jpg,resultado_100.jpg,PSET=10 O1MPAG,Não cadastrado,Não cadastrado,Desconhecido
100.jpg,resultado_100.jpg,IOTE,Não cadastrado,Não cadastrado,Desconhecido
100.jpg,resultado_100.jpg,1,Não cadastrado,Não cadastrado,Desconhecido
100.jpg,resultado_100.jpg,PO98-IA-V,Não cadastrado,Não cadastrado,Desconhecido
100.jpg,resultado_100.jpg,1.90,Não cadastrado,Não cadastrado,Desconhecido
100.jpg,resultado_100.jpg,K,Não cadastrado,Não cadastrado,Desconhecido
100.jpg,resultado_100.jpg,J0,Não cadastrado,Não cadastrado,Desconhecido
100.jpg,resultado_100.jpg,"3""-PO96",Não cadastrado,Não cadastrado,Desconhecido
100.jpg,resultado_100.jpg,001,Não cadastrado,Não cadastrado,Desconhecido
100.jpg,resultado_100.jpg,0OO1,Não cadastrado,Não cadastrado,Desconhecido
100.jpg,resultado_100.jpg,265000,Não cadastrado,Não cadastrado,Desconhecido
100.jpg,resultado_100.jpg,(C0J4,Não cadastrado,Não cadastrado,Desconhecido
100.jpg,resultado_100.jpg,(LSHL,Não cadastrado,Não cadastrado,Desconhecido
100.jpg,resultado_100.jpg,0001,Não cadastrado,Não cadastrado,Desconhecido
100.jpg,resultado_100.jpg,CO,Não cadastrado,Não cadastrado,Desconhecido
100.jpg,resultado_100.jpg,'PSLL,Não cadastrado,Não cadastrado,Desconhecido
100.jpg,resultado_100.jpg,"36""X24""",Não cadastrado,Não cadastrado,Desconhecido
100.jpg,resultado_100.jpg,PSET=10 01MPAG,Não cadastrado,Não cadastrado,Desconhecido
100.jpg,resultado_100.jpg,PO98_IIA_V,Não cadastrado,Não cadastrado,Desconhecido
100.jpg,resultado_100.jpg,ZOOU,Não cadastrado,Não cadastrado,Desconhecido
100.jpg,resultado_100.jpg,2,Não cadastrado,Não cadastrado,Desconhecido
100.jpg,resultado_100.jpg,(PSLL,Não cadastrado,Não cadastrado,Desconhecido
100.jpg,resultado_100.jpg,QO16C,Não cadastrado,Não cadastrado,Desconhecido
100.jpg,resultado_100.jpg,00168,Não cadastrado,Não cadastrado,Desconhecido
100.jpg,resultado_100.jpg,TE,Não cadastrado,Não cadastrado,Desconhecido
100.jpg,resultado_100.jpg,(0017,Não cadastrado,Não cadastrado,Desconhecido
100.jpg,resultado_100.jpg,10014,Não cadastrado,Não cadastrado,Desconhecido
resultado_100.jpg,resultado_resultado_100.jpg,NOTE,Não cadastrado,Não cadastrado,Desconhecido
resultado_100.jpg,resultado_resultado_100.jpg,OBJ 1,Não cadastrado,Não cadastrado,Desconhecido
resultado_100.jpg,resultado_resultado_100.jpg,BY_VENDORL,Não cadastrado,Não cadastrado,Desconhecido
resultado_100.jpg,resultado_resultado_100.jpg,VENDOR,Não cadastrado,Não cadastrado,Desconhecido
resultado_100.jpg,resultado_resultado_100.jpg,00,Não cadastrado,Não cadastrado,Desconhecido
resultado_100.jpg,resultado_resultado_100.jpg,(0002,Não cadastrado,Não cadastrado,Desconhecido
resultado_100.jpg,resultado_resultado_100.jpg,CO,Não cadastrado,Não cadastrado,Desconhecido
resultado_100.jpg,resultado_resultado_100.jpg,0002,Não cadastrado,Não cadastrado,Desconhecido
resultado_100.jpg,resultado_resultado_100.jpg,V-UU1,Não cadastrado,Não cadastrado,Desconhecido
resultado_100.jpg,resultado_resultado_100.jpg,OBJ,Não cadastrado,Não cadastrado,Desconhecido
resultado_100.jpg,resultado_resultado_100.jpg,OBJ 3,Não cadastrado,Não cadastrado,Desconhecido
resultado_100.jpg,resultado_resultado_100.jpg,13265000,Não cadastrado,Não cadastrado,Desconhecido
resultado_100.jpg,resultado_resultado_100.jpg,"2""",Não cadastrado,Não cadastrado,Desconhecido
resultado_100.jpg,resultado_resultado_100.jpg,V-001,Não cadastrado,Não cadastrado,Desconhecido
resultado_100.jpg,resultado_resultado_100.jpg,OBJ 28,Não cadastrado,Não cadastrado,Desconhecido
resultado_100.jpg,resultado_resultado_100.jpg,38,Não cadastrado,Não cadastrado,Desconhecido
resultado_100.jpg,resultado_resultado_100.jpg,R FB/10,Não cadastrado,Não cadastrado,Desconhecido
resultado_100.jpg,resultado_resultado_100.jpg,OBJ 17,Não cadastrado,Não cadastrado,Desconhecido
resultado_100.jpg,resultado_resultado_100.jpg,OBJ 9,Não cadastrado,Não cadastrado,Desconhecido
resultado_100.jpg,resultado_resultado_100.jpg,"3""",Não cadastrado,Não cadastrado,Desconhecido
resultado_100.jpg,resultado_resultado_100.jpg,PO96,Não cadastrado,Não cadastrado,Desconhecido
resultado_100.jpg,resultado_resultado_100.jpg,15A _,Não cadastrado,Não cadastrado,Desconhecido
resultado_100.jpg,resultado_resultado_100.jpg,3/4',Não cadastrado,Não cadastrado,Desconhecido
resultado_100.jpg,resultado_resultado_100.jpg,"3/4""",Não cadastrado,Não cadastrado,Desconhecido
resultado_100.jpg,resultado_resultado_100.jpg,1.90,Não cadastrado,Não cadastrado,Desconhecido
resultado_100.jpg,resultado_resultado_100.jpg,IFC,Não cadastrado,Não cadastrado,Desconhecido
resultado_100.jpg,resultado_resultado_100.jpg,ABJ 11,Não cadastrado,Não cadastrado,Desconhecido
resultado_100.jpg,resultado_resultado_100.jpg,64,Não cadastrado,Não cadastrado,Desconhecido
resultado_100.jpg,resultado_resultado_100.jpg,ILOT,Não cadastrado,Não cadastrado,Desconhecido
resultado_100.jpg,resultado_resultado_100.jpg,R FB/1O,Não cadastrado,Não cadastrado,Desconhecido
resultado_100.jpg,resultado_resultado_100.jpg,FB/C,Não cadastrado,Não cadastrado,Desconhecido
resultado_100.jpg,resultado_resultado_100.jpg,P096,Não cadastrado,Não cadastrado,Desconhecido
resultado_100.jpg,resultado_resultado_100.jpg,15A-V,Não cadastrado,Não cadastrado,Desconhecido
resultado_100.jpg,resultado_resultado_100.jpg,9.85,Não cadastrado,Não cadastrado,Desconhecido
resultado_100.jpg,resultado_resultado_100.jpg,BJ 10,Não cadastrado,Não cadastrado,Desconhecido
resultado_100.jpg,resultado_resultado_100.jpg,JOO,Não cadastrado,Não cadastrado,Desconhecido
resultado_100.jpg,resultado_resultado_100.jpg,PSV,Não cadastrado,Não cadastrado,Desconhecido
resultado_100.jpg,resultado_resultado_100.jpg,0011,Não cadastrado,Não cadastrado,Desconhecido
resultado_100.jpg,resultado_resultado_100.jpg,0010,Não cadastrado,Não cadastrado,Desconhecido
resultado_100.jpg,resultado_resultado_100.jpg,P097-IIA,Não cadastrado,Não cadastrado,Desconhecido
resultado_100.jpg,resultado_resultado_100.jpg,OBJ 21,Não cadastrado,Não cadastrado,Desconhecido
resultado_100.jpg,resultado_resultado_100.jpg,300,Não cadastrado,Não cadastrado,Desconhecido
resultado_100.jpg,resultado_resultado_100.jpg,10.O1MPAG,Não cadastrado,Não cadastrado,Desconhecido
resultado_100.jpg,resultado_resultado_100.jpg,OBJ 20,Não cadastrado,Não cadastrado,Desconhecido
resultado_100.jpg,resultado_resultado_100.jpg,PO98-IA-V,Não cadastrado,Não cadastrado,Desconhecido
resultado_100.jpg,resultado_resultado_100.jpg,OBJ 25,Não cadastrado,Não cadastrado,Desconhecido
resultado_100.jpg,resultado_resultado_100.jpg,915A_V,Não cadastrado,Não cadastrado,Desconhecido
resultado_100.jpg,resultado_resultado_100.jpg,0BJ 23,Não cadastrado,Não cadastrado,Desconhecido
resultado_100.jpg,resultado_resultado_100.jpg,OL,Não cadastrado,Não cadastrado,Desconhecido
resultado_100.jpg,resultado_resultado_100.jpg,77510 O1MPAG,Não cadastrado,Não cadastrado,Desconhecido
resultado_100.jpg,resultado_resultado_100.jpg,OBJC'5,Não cadastrado,Não cadastrado,Desconhecido
resultado_100.jpg,resultado_resultado_100.jpg,"6""~PO98-IA-V",Não cadastrado,Não cadastrado,Desconhecido
resultado_100.jpg,resultado_resultado_100.jpg,11,Não cadastrado,Não cadastrado,Desconhecido
resultado_100.jpg,resultado_resultado_100.jpg,3O0#,Não cadastrado,Não cadastrado,Desconhecido
resultado_100.jpg,resultado_resultado_100.jpg,REJ,Não cadastrado,Não cadastrado,Desconhecido
resultado_100.jpg,resultado_resultado_100.jpg,L,Não cadastrado,Não cadastrado,Desconhecido
resultado_100.jpg,resultado_resultado_100.jpg,~,Não cadastrado,Não cadastrado,Desconhecido
resultado_100.jpg,resultado_resultado_100.jpg,DBJ,Não cadastrado,Não cadastrado,Desconhecido
resultado_100.jpg,resultado_resultado_100.jpg,],Não cadastrado,Não cadastrado,Desconhecido
resultado_100.jpg,resultado_resultado_100.jpg,3,Não cadastrado,Não cadastrado,Desconhecido
resultado_100.jpg,resultado_resultado_100.jpg,8,Não cadastrado,Não cadastrado,Desconhecido
resultado_100.jpg,resultado_resultado_100.jpg,1,Não cadastrado,Não cadastrado,Desconhecido
resultado_100.jpg,resultado_resultado_100.jpg,OTE,Não cadastrado,Não cadastrado,Desconhecido
resultado_100.jpg,resultado_resultado_100.jpg,OBJ .,Não cadastrado,Não cadastrado,Desconhecido
resultado_100.jpg,resultado_resultado_100.jpg,19.85,Não cadastrado,Não cadastrado,Desconhecido
resultado_100.jpg,resultado_resultado_100.jpg,SA-V,Não cadastrado,Não cadastrado,Desconhecido
resultado_100.jpg,resultado_resultado_100.jpg,TIA-,Não cadastrado,Não cadastrado,Desconhecido
resultado_100.jpg,resultado_resultado_100.jpg,T0 UIMPG,Não cadastrado,Não cadastrado,Desconhecido
resultado_100.jpg,resultado_resultado_100.jpg,PBIZ '5,Não cadastrado,Não cadastrado,Desconhecido
resultado_100.jpg,resultado_resultado_100.jpg,2,Não cadastrado,Não cadastrado,Desconhecido
resultado_100.jpg,resultado_resultado_100.jpg,3OOH,Não cadastrado,Não cadastrado,Desconhecido
resultado_100.jpg,resultado_resultado_100.jpg,~PO97-IA-V,Não cadastrado,Não cadastrado,Desconhecido
resultado_100.jpg,resultado_resultado_100.jpg,10,Não cadastrado,Não cadastrado,Desconhecido
resultado_100.jpg,resultado_resultado_100.jpg,QEJ 11,Não cadastrado,Não cadastrado,Desconhecido
resultado_100.jpg,resultado_resultado_100.jpg,"13/4""",Não cadastrado,Não cadastrado,Desconhecido
resultado_100.jpg,resultado_resultado_100.jpg,3/4,Não cadastrado,Não cadastrado,Desconhecido
resultado_100.jpg,resultado_resultado_100.jpg,900_,Não cadastrado,Não cadastrado,Desconhecido
resultado_100.jpg,resultado_resultado_100.jpg,NOTF,Não cadastrado,Não cadastrado,Desconhecido
resultado_100.jpg,resultado_resultado_100.jpg,FB/0,Não cadastrado,Não cadastrado,Desconhecido
resultado_100.jpg,resultado_resultado_100.jpg,JO,Não cadastrado,Não cadastrado,Desconhecido
resultado_100.jpg,resultado_resultado_100.jpg,"9.,85",Não cadastrado,Não cadastrado,Desconhecido
resultado_100.jpg,resultado_resultado_100.jpg,(PSLL,Não cadastrado,Não cadastrado,Desconhecido
resultado_100.jpg,resultado_resultado_100.jpg,QO16C,Não cadastrado,Não cadastrado,Desconhecido
resultado_100.jpg,resultado_resultado_100.jpg,'PSLL,Não cadastrado,Não cadastrado,Desconhecido
resultado_100.jpg,resultado_resultado_100.jpg,QO168,Não cadastrado,Não cadastrado,Desconhecido
resultado_100.jpg,resultado_resultado_100.jpg,QO1GA,Não cadastrado,Não cadastrado,Desconhecido
resultado_100.jpg,resultado_resultado_100.jpg,PSL,Não cadastrado,Não cadastrado,Desconhecido
resultado_100.jpg,resultado_resultado_100.jpg,0017,Não cadastrado,Não cadastrado,Desconhecido
resultado_100.jpg,resultado_resultado_100.jpg,0015,Não cadastrado,Não cadastrado,Desconhecido
resultado_100.jpg,resultado_resultado_100.jpg,PT,Não cadastrado,Não cadastrado,Desconhecido
resultado_100.jpg,resultado_resultado_100.jpg,0014,Não cadastrado,Não cadastrado,Desconhecido
resultado_100.jpg,resultado_resultado_100.jpg,TE,Não cadastrado,Não cadastrado,Desconhecido
resultado_100.jpg,resultado_resultado_100.jpg,0003,Não cadastrado,Não cadastrado,Desconhecido
resultado_100.jpg,resultado_resultado_100.jpg,0004,Não cadastrado,Não cadastrado,Desconhecido
resultado_100.jpg,resultado_resultado_100.jpg,6C,Não cadastrado,Não cadastrado,Desconhecido
resultado_100.jpg,resultado_resultado_100.jpg,001,Não cadastrado,Não cadastrado,Desconhecido
resultado_100.jpg,resultado_resultado_100.jpg,PS,Não cadastrado,Não cadastrado,Desconhecido
resultado_100.jpg,resultado_resultado_100.jpg,6A,Não cadastrado,Não cadastrado,Desconhecido
resultado_100.jpg,resultado_resultado_100.jpg,OBJ 46,Não cadastrado,Não cadastrado,Desconhecido
resultado_100.jpg,resultado_resultado_100.jpg,0O1,Não cadastrado,Não cadastrado,Desconhecido
resultado_100.jpg,resultado_resultado_100.jpg,"36""X24",Não cadastrado,Não cadastrado,Desconhecido
resultado_100.jpg,resultado_resultado_100.jpg,"36""_PO12_154-V",Não cadastrado,Não cadastrado,Desconhecido
resultado_100.jpg,resultado_resultado_100.jpg,QHIF83,Não cadastrado,Não cadastrado,Desconhecido
resultado_100.jpg,resultado_resultado_100.jpg,QHIF8O,Não cadastrado,Não cadastrado,Desconhecido
resultado_100.jpg,resultado_resultado_100.jpg,QHIFSZ,Não cadastrado,Não cadastrado,Desconhecido
resultado_100.jpg,resultado_resultado_100.jpg,"""PS2E",Não cadastrado,Não cadastrado,Desconhecido
resultado_100.jpg,resultado_resultado_100.jpg,(0016,Não cadastrado,Não cadastrado,Desconhecido
resultado_100.jpg,resultado_resultado_100.jpg,(0014,Não cadastrado,Não cadastrado,Desconhecido
resultado_100.jpg,resultado_resultado_100.jpg,OBJ 44,Não cadastrado,Não cadastrado,Desconhecido
resultado_100.jpg,resultado_resultado_100.jpg,OBI,Não cadastrado,Não cadastrado,Desconhecido
resultado_100.jpg,resultado_resultado_100.jpg,OOI68,Não cadastrado,Não cadastrado,Desconhecido
resultado_100.jpg,resultado_resultado_100.jpg,0OIGC,Não cadastrado,Não cadastrado,Desconhecido
resultado_100.jpg,resultado_resultado_100.jpg,"36""X24""",Não cadastrado,Não cadastrado,Desconhecido
resultado_100.jpg,resultado_resultado_100.jpg,36,Não cadastrado,Não cadastrado,Desconhecido
resultado_100.jpg,resultado_resultado_100.jpg,PO12_154-V,Não cadastrado,Não cadastrado,Desconhecido
resultado_100.jpg,resultado_resultado_100.jpg,OBJ 27,Não cadastrado,Não cadastrado,Desconhecido
resultado_100.jpg,resultado_resultado_100.jpg,GA-V,Não cadastrado,Não cadastrado,Desconhecido
resultado_100.jpg,resultado_resultado_100.jpg,FSE 7-10 O1MPAG,Não cadastrado,Não cadastrado,Desconhecido
resultado_100.jpg,resultado_resultado_100.jpg,PSE =10 U1MPOG,Não cadastrado,Não cadastrado,Desconhecido
resultado_100.jpg,resultado_resultado_100.jpg,05,Não cadastrado,Não cadastrado,Desconhecido
resultado_100.jpg,resultado_resultado_100.jpg,OO7,Não cadastrado,Não cadastrado,Desconhecido
resultado_100.jpg,resultado_resultado_100.jpg,OBJZ'5,Não cadastrado,Não cadastrado,Desconhecido
resultado_100.jpg,resultado_resultado_100.jpg,~300,Não cadastrado,Não cadastrado,Desconhecido
resultado_100.jpg,resultado_resultado_100.jpg,"6""-PO98-IA-V",Não cadastrado,Não cadastrado,Desconhecido
resultado_100.jpg,resultado_resultado_100.jpg,AJ 11,Não cadastrado,Não cadastrado,Desconhecido
resultado_100.jpg,resultado_resultado_100.jpg,IHOQ,Não cadastrado,Não cadastrado,Desconhecido
resultado_100.jpg,resultado_resultado_100.jpg,900,Não cadastrado,Não cadastrado,Desconhecido
resultado_100.jpg,resultado_resultado_100.jpg,FB/10,Não cadastrado,Não cadastrado,Desconhecido
resultado_100.jpg,resultado_resultado_100.jpg,FB/LC,Não cadastrado,Não cadastrado,Desconhecido
resultado_100.jpg,resultado_resultado_100.jpg,OKI,Não cadastrado,Não cadastrado,Desconhecido
resultado_100.jpg,resultado_resultado_100.jpg,EL+2669001,Não cadastrado,Não cadastrado,Desconhecido
resultado_100.jpg,resultado_resultado_100.jpg,LSI,Não cadastrado,Não cadastrado,Desconhecido
resultado_100.jpg,resultado_resultado_100.jpg,0034,Não cadastrado,Não cadastrado,Desconhecido
resultado_100.jpg,resultado_resultado_100.jpg,265000,Não cadastrado,Não cadastrado,Desconhecido
resultado_100.jpg,resultado_resultado_100.jpg,BY_VENDOR,Não cadastrado,Não cadastrado,Desconhecido
resultado_100.jpg,resultado_resultado_100.jpg,EL+266900,Não cadastrado,Não cadastrado,Desconhecido
101.jpg,resultado_101.jpg,PI,Não cadastrado,Não cadastrado,Desconhecido
101.jpg,resultado_101.jpg,FB/10,Não cadastrado,Não cadastrado,Desconhecido
101.jpg,resultado_101.jpg,0013,Não cadastrado,Não cadastrado,Desconhecido
101.jpg,resultado_101.jpg,2,Não cadastrado,Não cadastrado,Desconhecido
101.jpg,resultado_101.jpg,3,Não cadastrado,Não cadastrado,Desconhecido
101.jpg,resultado_101.jpg,V-001,Não cadastrado,Não cadastrado,Desconhecido
101.jpg,resultado_101.jpg,B,Não cadastrado,Não cadastrado,Desconhecido
101.jpg,resultado_101.jpg,FB,Não cadastrado,Não cadastrado,Desconhecido
101.jpg,resultado_101.jpg,K,Não cadastrado,Não cadastrado,Desconhecido
101.jpg,resultado_101.jpg,C,Não cadastrado,Não cadastrado,Desconhecido
resultado_101.jpg,resultado_resultado_101.jpg,OBJ 36,Não cadastrado,Não cadastrado,Desconhecido
resultado_101.jpg,resultado_resultado_101.jpg,OBJ 32,Não cadastrado,Não cadastrado,Desconhecido
resultado_101.jpg,resultado_resultado_101.jpg,OBJ 35,Não cadastrado,Não cadastrado,Desconhecido
resultado_101.jpg,resultado_resultado_101.jpg,OBJ 34,Não cadastrado,Não cadastrado,Desconhecido
resultado_101.jpg,resultado_resultado_101.jpg,OBJ 31,Não cadastrado,Não cadastrado,Desconhecido
resultado_101.jpg,resultado_resultado_101.jpg,OBI30,Não cadastrado,Não cadastrado,Desconhecido
resultado_101.jpg,resultado_resultado_101.jpg,OBJ 15,Não cadastrado,Não cadastrado,Desconhecido
resultado_101.jpg,resultado_resultado_101.jpg,OBJ29,Não cadastrado,Não cadastrado,Desconhecido
resultado_101.jpg,resultado_resultado_101.jpg,OBILZ,Não cadastrado,Não cadastrado,Desconhecido
resultado_101.jpg,resultado_resultado_101.jpg,PII,Não cadastrado,Não cadastrado,Desconhecido
resultado_101.jpg,resultado_resultado_101.jpg,FB,Não cadastrado,Não cadastrado,Desconhecido
resultado_101.jpg,resultado_resultado_101.jpg,LO,Não cadastrado,Não cadastrado,Desconhecido
resultado_101.jpg,resultado_resultado_101.jpg,0013,Não cadastrado,Não cadastrado,Desconhecido
resultado_101.jpg,resultado_resultado_101.jpg,OBJ 27,Não cadastrado,Não cadastrado,Desconhecido
resultado_101.jpg,resultado_resultado_101.jpg,OBJ 5,Não cadastrado,Não cadastrado,Desconhecido
resultado_101.jpg,resultado_resultado_101.jpg,3,Não cadastrado,Não cadastrado,Desconhecido
resultado_101.jpg,resultado_resultado_101.jpg,OBIZO,Não cadastrado,Não cadastrado,Desconhecido
resultado_101.jpg,resultado_resultado_101.jpg,OBJZ,Não cadastrado,Não cadastrado,Desconhecido
resultado_101.jpg,resultado_resultado_101.jpg,4BI28,Não cadastrado,Não cadastrado,Desconhecido
resultado_101.jpg,resultado_resultado_101.jpg,OBJ 21,Não cadastrado,Não cadastrado,Desconhecido
resultado_101.jpg,resultado_resultado_101.jpg,OBJ 17,Não cadastrado,Não cadastrado,Desconhecido
resultado_101.jpg,resultado_resultado_101.jpg,OBJ 18,Não cadastrado,Não cadastrado,Desconhecido
resultado_101.jpg,resultado_resultado_101.jpg,OBJ 2,Não cadastrado,Não cadastrado,Desconhecido
resultado_101.jpg,resultado_resultado_101.jpg,OBJ 16,Não cadastrado,Não cadastrado,Desconhecido
resultado_101.jpg,resultado_resultado_101.jpg,2,Não cadastrado,Não cadastrado,Desconhecido
resultado_101.jpg,resultado_resultado_101.jpg,OBI,Não cadastrado,Não cadastrado,Desconhecido
resultado_101.jpg,resultado_resultado_101.jpg,OBI29,Não cadastrado,Não cadastrado,Desconhecido
resultado_101.jpg,resultado_resultado_101.jpg,PI,Não cadastrado,Não cadastrado,Desconhecido
resultado_101.jpg,resultado_resultado_101.jpg,FB/LO,Não cadastrado,Não cadastrado,Desconhecido
resultado_101.jpg,resultado_resultado_101.jpg,OBI27,Não cadastrado,Não cadastrado,Desconhecido
resultado_101.jpg,resultado_resultado_101.jpg,OBI2O,Não cadastrado,Não cadastrado,Desconhecido
resultado_101.jpg,resultado_resultado_101.jpg,OBJ17,Não cadastrado,Não cadastrado,Desconhecido
resultado_101.jpg,resultado_resultado_101.jpg,OBJ 2 IPBJ 16,Não cadastrado,Não cadastrado,Desconhecido
resultado_101.jpg,resultado_resultado_101.jpg,OBI_,Não cadastrado,Não cadastrado,Desconhecido
resultado_101.jpg,resultado_resultado_101.jpg,JBI_,Não cadastrado,Não cadastrado,Desconhecido
resultado_101.jpg,resultado_resultado_101.jpg,OBJ,Não cadastrado,Não cadastrado,Desconhecido
resultado_101.jpg,resultado_resultado_101.jpg,B,Não cadastrado,Não cadastrado,Desconhecido
resultado_101.jpg,resultado_resultado_101.jpg,001,Não cadastrado,Não cadastrado,Desconhecido
resultado_101.jpg,resultado_resultado_101.jpg,0,Não cadastrado,Não cadastrado,Desconhecido
resultado_101.jpg,resultado_resultado_101.jpg,00,Não cadastrado,Não cadastrado,Desconhecido
102.jpg,resultado_102.jpg,LO,Não cadastrado,Não cadastrado,Desconhecido
102.jpg,resultado_102.jpg,FB,Não cadastrado,Não cadastrado,Desconhecido
102.jpg,resultado_102.jpg,LC,Não cadastrado,Não cadastrado,Desconhecido
102.jpg,resultado_102.jpg,S3:,Não cadastrado,Não cadastrado,Desconhecido
102.jpg,resultado_102.jpg,0,Não cadastrado,Não cadastrado,Desconhecido
102.jpg,resultado_102.jpg,LC X,Não cadastrado,Não cadastrado,Desconhecido
102.jpg,resultado_102.jpg,DAL,Não cadastrado,Não cadastrado,Desconhecido
102.jpg,resultado_102.jpg,10L,Não cadastrado,Não cadastrado,Desconhecido
resultado_102.jpg,resultado_resultado_102.jpg,OBJ 5,Não cadastrado,Não cadastrado,Desconhecido
resultado_102.jpg,resultado_resultado_102.jpg,OBJ 4,Não cadastrado,Não cadastrado,Desconhecido
resultado_102.jpg,resultado_resultado_102.jpg,LO,Não cadastrado,Não cadastrado,Desconhecido
resultado_102.jpg,resultado_resultado_102.jpg,OBJ 8,Não cadastrado,Não cadastrado,Desconhecido
resultado_102.jpg,resultado_resultado_102.jpg,FB,Não cadastrado,Não cadastrado,Desconhecido
resultado_102.jpg,resultado_resultado_102.jpg,LC,Não cadastrado,Não cadastrado,Desconhecido
resultado_102.jpg,resultado_resultado_102.jpg,OBJ $,Não cadastrado,Não cadastrado,Desconhecido
resultado_102.jpg,resultado_resultado_102.jpg,FBB,Não cadastrado,Não cadastrado,Desconhecido
resultado_102.jpg,resultado_resultado_102.jpg,OBJ 6,Não cadastrado,Não cadastrado,Desconhecido
resultado_102.jpg,resultado_resultado_102.jpg,OBJ,Não cadastrado,Não cadastrado,Desconhecido
resultado_102.jpg,resultado_resultado_102.jpg,O,Não cadastrado,Não cadastrado,Desconhecido
resultado_102.jpg,resultado_resultado_102.jpg,4L4,Não cadastrado,Não cadastrado,Desconhecido
resultado_102.jpg,resultado_resultado_102.jpg,2,Não cadastrado,Não cadastrado,Desconhecido
resultado_102.jpg,resultado_resultado_102.jpg,10,Não cadastrado,Não cadastrado,Desconhecido
resultado_102.jpg,resultado_resultado_102.jpg,FB2,Não cadastrado,Não cadastrado,Desconhecido
resultado_102.jpg,resultado_resultado_102.jpg,"""B",Não cadastrado,Não cadastrado,Desconhecido
103.jpg,resultado_103.jpg,Nenhuma,N/A,N/A,Sem leitura
resultado_103.jpg,resultado_resultado_103.jpg,OBJ 1,Não cadastrado,Não cadastrado,Desconhecido
resultado_103.jpg,resultado_resultado_103.jpg,OBJ,Não cadastrado,Não cadastrado,Desconhecido
resultado_103.jpg,resultado_resultado_103.jpg,OBJ 3,Não cadastrado,Não cadastrado,Desconhecido
resultado_103.jpg,resultado_resultado_103.jpg,OBL,Não cadastrado,Não cadastrado,Desconhecido
resultado_103.jpg,resultado_resultado_103.jpg,OBJ .,Não cadastrado,Não cadastrado,Desconhecido
resultado_103.jpg,resultado_resultado_103.jpg,OB,Não cadastrado,Não cadastrado,Desconhecido
104.jpg,resultado_104.jpg,>15A-V,Não cadastrado,Não cadastrado,Desconhecido
104.jpg,resultado_104.jpg,MA-V,Não cadastrado,Não cadastrado,Desconhecido
104.jpg,resultado_104.jpg,NOTE,Não cadastrado,Não cadastrado,Desconhecido
104.jpg,resultado_104.jpg,1,Não cadastrado,Não cadastrado,Desconhecido
104.jpg,resultado_104.jpg,PSET=I0.O1MPAG,Não cadastrado,Não cadastrado,Desconhecido
104.jpg,resultado_104.jpg,JOO#,Não cadastrado,Não cadastrado,Desconhecido
104.jpg,resultado_104.jpg,30,Não cadastrado,Não cadastrado,Desconhecido
104.jpg,resultado_104.jpg,~,Não cadastrado,Não cadastrado,Desconhecido
104.jpg,resultado_104.jpg,1.90,Não cadastrado,Não cadastrado,Desconhecido
104.jpg,resultado_104.jpg,3/4,Não cadastrado,Não cadastrado,Desconhecido
104.jpg,resultado_104.jpg,SP,Não cadastrado,Não cadastrado,Desconhecido
104.jpg,resultado_104.jpg,900#,Não cadastrado,Não cadastrado,Desconhecido
104.jpg,resultado_104.jpg,64,Não cadastrado,Não cadastrado,Desconhecido
104.jpg,resultado_104.jpg,8,Não cadastrado,Não cadastrado,Desconhecido
104.jpg,resultado_104.jpg,FB /LO,Não cadastrado,Não cadastrado,Desconhecido
104.jpg,resultado_104.jpg,0013,Não cadastrado,Não cadastrado,Desconhecido
104.jpg,resultado_104.jpg,G,Não cadastrado,Não cadastrado,Desconhecido
104.jpg,resultado_104.jpg,"3""_PI",Não cadastrado,Não cadastrado,Desconhecido
104.jpg,resultado_104.jpg,9.85,Não cadastrado,Não cadastrado,Desconhecido
104.jpg,resultado_104.jpg,EL+266900,Não cadastrado,Não cadastrado,Desconhecido
104.jpg,resultado_104.jpg,LG,Não cadastrado,Não cadastrado,Desconhecido
104.jpg,resultado_104.jpg,0031,Não cadastrado,Não cadastrado,Desconhecido
104.jpg,resultado_104.jpg,3,Não cadastrado,Não cadastrado,Desconhecido
104.jpg,resultado_104.jpg,EL+265000,Não cadastrado,Não cadastrado,Desconhecido
104.jpg,resultado_104.jpg,BY_ VENDOR,Não cadastrado,Não cadastrado,Desconhecido
104.jpg,resultado_104.jpg,"4""X2""",Não cadastrado,Não cadastrado,Desconhecido
104.jpg,resultado_104.jpg,BDO04-15A-E,Não cadastrado,Não cadastrado,Desconhecido
104.jpg,resultado_104.jpg,"2""-BDO04-154",Não cadastrado,Não cadastrado,Desconhecido
104.jpg,resultado_104.jpg,5,Não cadastrado,Não cadastrado,Desconhecido
104.jpg,resultado_104.jpg,NOTE 7,Não cadastrado,Não cadastrado,Desconhecido
104.jpg,resultado_104.jpg,3/4',Não cadastrado,Não cadastrado,Desconhecido
104.jpg,resultado_104.jpg,LV,Não cadastrado,Não cadastrado,Desconhecido
104.jpg,resultado_104.jpg,12,Não cadastrado,Não cadastrado,Desconhecido
104.jpg,resultado_104.jpg,0001,Não cadastrado,Não cadastrado,Desconhecido
104.jpg,resultado_104.jpg,"4""X2",Não cadastrado,Não cadastrado,Desconhecido
104.jpg,resultado_104.jpg,LC,Não cadastrado,Não cadastrado,Desconhecido
104.jpg,resultado_104.jpg,FC,Fail Close,Falha de Válvula,Identificado
104.jpg,resultado_104.jpg,"4""X2'",Não cadastrado,Não cadastrado,Desconhecido
104.jpg,resultado_104.jpg,2,Não cadastrado,Não cadastrado,Desconhecido
104.jpg,resultado_104.jpg,DOO,Não cadastrado,Não cadastrado,Desconhecido
104.jpg,resultado_104.jpg,004,Não cadastrado,Não cadastrado,Desconhecido
104.jpg,resultado_104.jpg,5000,Não cadastrado,Não cadastrado,Desconhecido
104.jpg,resultado_104.jpg,900,Não cadastrado,Não cadastrado,Desconhecido
104.jpg,resultado_104.jpg,"3/4""",Não cadastrado,Não cadastrado,Desconhecido
104.jpg,resultado_104.jpg,ILA],Não cadastrado,Não cadastrado,Desconhecido
104.jpg,resultado_104.jpg,MOTF,Não cadastrado,Não cadastrado,Desconhecido
104.jpg,resultado_104.jpg,30O,Não cadastrado,Não cadastrado,Desconhecido
104.jpg,resultado_104.jpg,PSV,Não cadastrado,Não cadastrado,Desconhecido
104.jpg,resultado_104.jpg,PSET=10.01MPAG,Não cadastrado,Não cadastrado,Desconhecido
104.jpg,resultado_104.jpg,0010,Não cadastrado,Não cadastrado,Desconhecido
104.jpg,resultado_104.jpg,P0G8,Não cadastrado,Não cadastrado,Desconhecido
104.jpg,resultado_104.jpg,7.90,Não cadastrado,Não cadastrado,Desconhecido
104.jpg,resultado_104.jpg,2O0H,Não cadastrado,Não cadastrado,Desconhecido
104.jpg,resultado_104.jpg,FB/LO,Não cadastrado,Não cadastrado,Desconhecido
104.jpg,resultado_104.jpg,15A,Não cadastrado,Não cadastrado,Desconhecido
104.jpg,resultado_104.jpg,PS,Não cadastrado,Não cadastrado,Desconhecido
104.jpg,resultado_104.jpg,0O1,Não cadastrado,Não cadastrado,Desconhecido
104.jpg,resultado_104.jpg,O0,Não cadastrado,Não cadastrado,Desconhecido
104.jpg,resultado_104.jpg,PSET-I0.01MPAG,Não cadastrado,Não cadastrado,Desconhecido
104.jpg,resultado_104.jpg,4,Não cadastrado,Não cadastrado,Desconhecido
104.jpg,resultado_104.jpg,+265000,Não cadastrado,Não cadastrado,Desconhecido
104.jpg,resultado_104.jpg,)004-15A-,Não cadastrado,Não cadastrado,Desconhecido
104.jpg,resultado_104.jpg,[+8,Não cadastrado,Não cadastrado,Desconhecido
104.jpg,resultado_104.jpg,LV_DO1,Não cadastrado,Não cadastrado,Desconhecido
resultado_104.jpg,resultado_resultado_104.jpg,OBJ 25,Não cadastrado,Não cadastrado,Desconhecido
resultado_104.jpg,resultado_resultado_104.jpg,OPIT,Não cadastrado,Não cadastrado,Desconhecido
resultado_104.jpg,resultado_resultado_104.jpg,OBJ 24,Não cadastrado,Não cadastrado,Desconhecido
resultado_104.jpg,resultado_resultado_104.jpg,OBJ 23,Não cadastrado,Não cadastrado,Desconhecido
resultado_104.jpg,resultado_resultado_104.jpg,3,Não cadastrado,Não cadastrado,Desconhecido
resultado_104.jpg,resultado_resultado_104.jpg,V MA_V,Não cadastrado,Não cadastrado,Desconhecido
resultado_104.jpg,resultado_resultado_104.jpg,NOTE,Não cadastrado,Não cadastrado,Desconhecido
resultado_104.jpg,resultado_resultado_104.jpg,1,Não cadastrado,Não cadastrado,Desconhecido
resultado_104.jpg,resultado_resultado_104.jpg,"0BIZ """,Não cadastrado,Não cadastrado,Desconhecido
resultado_104.jpg,resultado_resultado_104.jpg,POG8,Não cadastrado,Não cadastrado,Desconhecido
resultado_104.jpg,resultado_resultado_104.jpg,@UJ,Não cadastrado,Não cadastrado,Desconhecido
resultado_104.jpg,resultado_resultado_104.jpg,3/47,Não cadastrado,Não cadastrado,Desconhecido
resultado_104.jpg,resultado_resultado_104.jpg,OBJ,Não cadastrado,Não cadastrado,Desconhecido
resultado_104.jpg,resultado_resultado_104.jpg,NQTE,Não cadastrado,Não cadastrado,Desconhecido
resultado_104.jpg,resultado_resultado_104.jpg,FB/LO,Não cadastrado,Não cadastrado,Desconhecido
resultado_104.jpg,resultado_resultado_104.jpg,OBJ 18,Não cadastrado,Não cadastrado,Desconhecido
resultado_104.jpg,resultado_resultado_104.jpg,00,Não cadastrado,Não cadastrado,Desconhecido
resultado_104.jpg,resultado_resultado_104.jpg,PBJZO,Não cadastrado,Não cadastrado,Desconhecido
resultado_104.jpg,resultado_resultado_104.jpg,"3""_P",Não cadastrado,Não cadastrado,Desconhecido
resultado_104.jpg,resultado_resultado_104.jpg,9.85,Não cadastrado,Não cadastrado,Desconhecido
resultado_104.jpg,resultado_resultado_104.jpg,OBJ 11,Não cadastrado,Não cadastrado,Desconhecido
resultado_104.jpg,resultado_resultado_104.jpg,EL+266900,Não cadastrado,Não cadastrado,Desconhecido
resultado_104.jpg,resultado_resultado_104.jpg,OBJ 36,Não cadastrado,Não cadastrado,Desconhecido
resultado_104.jpg,resultado_resultado_104.jpg,0031,Não cadastrado,Não cadastrado,Desconhecido
resultado_104.jpg,resultado_resultado_104.jpg,"OBJ """,Não cadastrado,Não cadastrado,Desconhecido
resultado_104.jpg,resultado_resultado_104.jpg,OBJ 35,Não cadastrado,Não cadastrado,Desconhecido
resultado_104.jpg,resultado_resultado_104.jpg,265000,Não cadastrado,Não cadastrado,Desconhecido
resultado_104.jpg,resultado_resultado_104.jpg,2,Não cadastrado,Não cadastrado,Desconhecido
resultado_104.jpg,resultado_resultado_104.jpg,BY_ VENDOR,Não cadastrado,Não cadastrado,Desconhecido
resultado_104.jpg,resultado_resultado_104.jpg,OBI34,Não cadastrado,Não cadastrado,Desconhecido
resultado_104.jpg,resultado_resultado_104.jpg,OBJ-,Não cadastrado,Não cadastrado,Desconhecido
resultado_104.jpg,resultado_resultado_104.jpg,"4""X2",Não cadastrado,Não cadastrado,Desconhecido
resultado_104.jpg,resultado_resultado_104.jpg,OBJ 7,Não cadastrado,Não cadastrado,Desconhecido
resultado_104.jpg,resultado_resultado_104.jpg,5A_F,Não cadastrado,Não cadastrado,Desconhecido
resultado_104.jpg,resultado_resultado_104.jpg,5,Não cadastrado,Não cadastrado,Desconhecido
resultado_104.jpg,resultado_resultado_104.jpg,"OBJ 2,OBJ",Não cadastrado,Não cadastrado,Desconhecido
resultado_104.jpg,resultado_resultado_104.jpg,3/4',Não cadastrado,Não cadastrado,Desconhecido
resultado_104.jpg,resultado_resultado_104.jpg,LV,Não cadastrado,Não cadastrado,Desconhecido
resultado_104.jpg,resultado_resultado_104.jpg,0001,Não cadastrado,Não cadastrado,Desconhecido
resultado_104.jpg,resultado_resultado_104.jpg,LC,Não cadastrado,Não cadastrado,Desconhecido
resultado_104.jpg,resultado_resultado_104.jpg,FC,Fail Close,Falha de Válvula,Identificado
resultado_104.jpg,resultado_resultado_104.jpg,"4""X2""",Não cadastrado,Não cadastrado,Desconhecido
resultado_104.jpg,resultado_resultado_104.jpg,PS,Não cadastrado,Não cadastrado,Desconhecido
resultado_104.jpg,resultado_resultado_104.jpg,FSET=10.01MPAG,Não cadastrado,Não cadastrado,Desconhecido
resultado_104.jpg,resultado_resultado_104.jpg,OBJ 20,Não cadastrado,Não cadastrado,Desconhecido
resultado_104.jpg,resultado_resultado_104.jpg,~300,Não cadastrado,Não cadastrado,Desconhecido
resultado_104.jpg,resultado_resultado_104.jpg,Z0,Não cadastrado,Não cadastrado,Desconhecido
resultado_104.jpg,resultado_resultado_104.jpg,PO98,Não cadastrado,Não cadastrado,Desconhecido
resultado_104.jpg,resultado_resultado_104.jpg,90,Não cadastrado,Não cadastrado,Desconhecido
resultado_104.jpg,resultado_resultado_104.jpg,~,Não cadastrado,Não cadastrado,Desconhecido
resultado_104.jpg,resultado_resultado_104.jpg,OBJ .,Não cadastrado,Não cadastrado,Desconhecido
resultado_104.jpg,resultado_resultado_104.jpg,FB /LO,Não cadastrado,Não cadastrado,Desconhecido
resultado_104.jpg,resultado_resultado_104.jpg,EL+2669001,Não cadastrado,Não cadastrado,Desconhecido
resultado_104.jpg,resultado_resultado_104.jpg,OBJ 9,Não cadastrado,Não cadastrado,Desconhecido
resultado_104.jpg,resultado_resultado_104.jpg,OBJ -,Não cadastrado,Não cadastrado,Desconhecido
resultado_104.jpg,resultado_resultado_104.jpg,45A_F,Não cadastrado,Não cadastrado,Desconhecido
resultado_104.jpg,resultado_resultado_104.jpg,OBJ 2 OBJ 27,Não cadastrado,Não cadastrado,Desconhecido
resultado_104.jpg,resultado_resultado_104.jpg,NOTE 5,Não cadastrado,Não cadastrado,Desconhecido
resultado_104.jpg,resultado_resultado_104.jpg,26,Não cadastrado,Não cadastrado,Desconhecido
resultado_104.jpg,resultado_resultado_104.jpg,30,Não cadastrado,Não cadastrado,Desconhecido
resultado_104.jpg,resultado_resultado_104.jpg,12,Não cadastrado,Não cadastrado,Desconhecido
resultado_104.jpg,resultado_resultado_104.jpg,"4""X2'",Não cadastrado,Não cadastrado,Desconhecido
resultado_104.jpg,resultado_resultado_104.jpg,8,Não cadastrado,Não cadastrado,Desconhecido
resultado_104.jpg,resultado_resultado_104.jpg,"3/4""",Não cadastrado,Não cadastrado,Desconhecido
resultado_104.jpg,resultado_resultado_104.jpg,BJ 5,Não cadastrado,Não cadastrado,Desconhecido
resultado_104.jpg,resultado_resultado_104.jpg,004-15A-,Não cadastrado,Não cadastrado,Desconhecido
resultado_104.jpg,resultado_resultado_104.jpg,[+8,Não cadastrado,Não cadastrado,Desconhecido
resultado_104.jpg,resultado_resultado_104.jpg,OBJ 3,Não cadastrado,Não cadastrado,Desconhecido
resultado_104.jpg,resultado_resultado_104.jpg,ABJ,Não cadastrado,Não cadastrado,Desconhecido
resultado_104.jpg,resultado_resultado_104.jpg,BY_VENDOR,Não cadastrado,Não cadastrado,Desconhecido
resultado_104.jpg,resultado_resultado_104.jpg,OBJ 2OBJ 27,Não cadastrado,Não cadastrado,Desconhecido
resultado_104.jpg,resultado_resultado_104.jpg,NQOR,Não cadastrado,Não cadastrado,Desconhecido
resultado_104.jpg,resultado_resultado_104.jpg,31,Não cadastrado,Não cadastrado,Desconhecido
resultado_104.jpg,resultado_resultado_104.jpg,001,Não cadastrado,Não cadastrado,Desconhecido
resultado_104.jpg,resultado_resultado_104.jpg,XIT 265000,Não cadastrado,Não cadastrado,Desconhecido
resultado_104.jpg,resultado_resultado_104.jpg,0O1,Não cadastrado,Não cadastrado,Desconhecido
resultado_104.jpg,resultado_resultado_104.jpg,OBJ 39,Não cadastrado,Não cadastrado,Desconhecido
resultado_104.jpg,resultado_resultado_104.jpg,"3""_PE",Não cadastrado,Não cadastrado,Desconhecido
resultado_104.jpg,resultado_resultado_104.jpg,POG8=,Não cadastrado,Não cadastrado,Desconhecido
resultado_104.jpg,resultado_resultado_104.jpg,OBIZ %,Não cadastrado,Não cadastrado,Desconhecido
resultado_104.jpg,resultado_resultado_104.jpg,L,Não cadastrado,Não cadastrado,Desconhecido
resultado_104.jpg,resultado_resultado_104.jpg,M1A_V,Não cadastrado,Não cadastrado,Desconhecido
resultado_104.jpg,resultado_resultado_104.jpg,FSET=10.O1MPAG,Não cadastrado,Não cadastrado,Desconhecido
resultado_104.jpg,resultado_resultado_104.jpg,ZC,Não cadastrado,Não cadastrado,Desconhecido
resultado_104.jpg,resultado_resultado_104.jpg,@UIL,Não cadastrado,Não cadastrado,Desconhecido
resultado_104.jpg,resultado_resultado_104.jpg,VOTE,Não cadastrado,Não cadastrado,Desconhecido
105.jpg,resultado_105.jpg,5.20,Não cadastrado,Não cadastrado,Desconhecido
105.jpg,resultado_105.jpg,"3""14""",Não cadastrado,Não cadastrado,Desconhecido
105.jpg,resultado_105.jpg,PSV,Não cadastrado,Não cadastrado,Desconhecido
105.jpg,resultado_105.jpg,109,Não cadastrado,Não cadastrado,Desconhecido
105.jpg,resultado_105.jpg,"8""-0-14029-3",Não cadastrado,Não cadastrado,Desconhecido
105.jpg,resultado_105.jpg,00-4122,Não cadastrado,Não cadastrado,Desconhecido
105.jpg,resultado_105.jpg,1CCC576,Não cadastrado,Não cadastrado,Desconhecido
105.jpg,resultado_105.jpg,XXXXXX,Não cadastrado,Não cadastrado,Desconhecido
105.jpg,resultado_105.jpg,"8""-P-|CC-4422-B14-IS",Não cadastrado,Não cadastrado,Desconhecido
105.jpg,resultado_105.jpg,1,Não cadastrado,Não cadastrado,Desconhecido
105.jpg,resultado_105.jpg,"10""-0",Não cadastrado,Não cadastrado,Desconhecido
105.jpg,resultado_105.jpg,4025-41,Não cadastrado,Não cadastrado,Desconhecido
105.jpg,resultado_105.jpg,100-4420-414-8,Não cadastrado,Não cadastrado,Desconhecido
105.jpg,resultado_105.jpg,000575,Não cadastrado,Não cadastrado,Desconhecido
105.jpg,resultado_105.jpg,100-4122,Não cadastrado,Não cadastrado,Desconhecido
105.jpg,resultado_105.jpg,"0.75""",Não cadastrado,Não cadastrado,Desconhecido
105.jpg,resultado_105.jpg,0.75,Não cadastrado,Não cadastrado,Desconhecido
105.jpg,resultado_105.jpg,100-P-1Z0-A,Não cadastrado,Não cadastrado,Desconhecido
105.jpg,resultado_105.jpg,100-P 1Z0B,Não cadastrado,Não cadastrado,Desconhecido
105.jpg,resultado_105.jpg,00963,Não cadastrado,Não cadastrado,Desconhecido
105.jpg,resultado_105.jpg,100-P-1Z0-C,Não cadastrado,Não cadastrado,Desconhecido
105.jpg,resultado_105.jpg,Q096C,Não cadastrado,Não cadastrado,Desconhecido
105.jpg,resultado_105.jpg,00952,Não cadastrado,Não cadastrado,Desconhecido
105.jpg,resultado_105.jpg,00953,Não cadastrado,Não cadastrado,Desconhecido
105.jpg,resultado_105.jpg,0095C,Não cadastrado,Não cadastrado,Desconhecido
105.jpg,resultado_105.jpg,NOTE 2,Não cadastrado,Não cadastrado,Desconhecido
105.jpg,resultado_105.jpg,ATMAT,Não cadastrado,Não cadastrado,Desconhecido
105.jpg,resultado_105.jpg,SAFELCCATION,Não cadastrado,Não cadastrado,Desconhecido
105.jpg,resultado_105.jpg,HOLD,Não cadastrado,Não cadastrado,Desconhecido
105.jpg,resultado_105.jpg,FOLD,Não cadastrado,Não cadastrado,Desconhecido
105.jpg,resultado_105.jpg,100-X-003,Não cadastrado,Não cadastrado,Desconhecido
105.jpg,resultado_105.jpg,QQOP,Não cadastrado,Não cadastrado,Desconhecido
105.jpg,resultado_105.jpg,C017,Não cadastrado,Não cadastrado,Desconhecido
105.jpg,resultado_105.jpg,TYPE MIZ,Não cadastrado,Não cadastrado,Desconhecido
105.jpg,resultado_105.jpg,0236,Não cadastrado,Não cadastrado,Desconhecido
105.jpg,resultado_105.jpg,"75""",Não cadastrado,Não cadastrado,Desconhecido
105.jpg,resultado_105.jpg,HPT,Não cadastrado,Não cadastrado,Desconhecido
105.jpg,resultado_105.jpg,HCLD,Não cadastrado,Não cadastrado,Desconhecido
105.jpg,resultado_105.jpg,NOTE,Não cadastrado,Não cadastrado,Desconhecido
105.jpg,resultado_105.jpg,STO?,Não cadastrado,Não cadastrado,Desconhecido
105.jpg,resultado_105.jpg,HIC,Não cadastrado,Não cadastrado,Desconhecido
105.jpg,resultado_105.jpg,START,Não cadastrado,Não cadastrado,Desconhecido
105.jpg,resultado_105.jpg,TYPE V1Z,Não cadastrado,Não cadastrado,Desconhecido
105.jpg,resultado_105.jpg,ATM,Não cadastrado,Não cadastrado,Desconhecido
105.jpg,resultado_105.jpg,100-PM-1Z0-A,Não cadastrado,Não cadastrado,Desconhecido
105.jpg,resultado_105.jpg,VCC,Não cadastrado,Não cadastrado,Desconhecido
105.jpg,resultado_105.jpg,"1""-P-1CC-4427-B14-IS",Não cadastrado,Não cadastrado,Desconhecido
105.jpg,resultado_105.jpg,100-PM1Z0-C,Não cadastrado,Não cadastrado,Desconhecido
105.jpg,resultado_105.jpg,MCC,Não cadastrado,Não cadastrado,Desconhecido
105.jpg,resultado_105.jpg,127-100-4423-314-18,Não cadastrado,Não cadastrado,Desconhecido
105.jpg,resultado_105.jpg,3MS100-4023-BIA-IH,Não cadastrado,Não cadastrado,Desconhecido
105.jpg,resultado_105.jpg,0235,Não cadastrado,Não cadastrado,Desconhecido
105.jpg,resultado_105.jpg,0.75',Não cadastrado,Não cadastrado,Desconhecido
105.jpg,resultado_105.jpg,"1""P-100-4428-B14-IS",Não cadastrado,Não cadastrado,Desconhecido
105.jpg,resultado_105.jpg,0014,Não cadastrado,Não cadastrado,Desconhecido
105.jpg,resultado_105.jpg,1000580,Não cadastrado,Não cadastrado,Desconhecido
105.jpg,resultado_105.jpg,105-5303,Não cadastrado,Não cadastrado,Desconhecido
105.jpg,resultado_105.jpg,HCD,Não cadastrado,Não cadastrado,Desconhecido
105.jpg,resultado_105.jpg,1000577,Não cadastrado,Não cadastrado,Desconhecido
105.jpg,resultado_105.jpg,FCD,Não cadastrado,Não cadastrado,Desconhecido
105.jpg,resultado_105.jpg,1000578,Não cadastrado,Não cadastrado,Desconhecido
105.jpg,resultado_105.jpg,0170C,Não cadastrado,Não cadastrado,Desconhecido
105.jpg,resultado_105.jpg,0005,Não cadastrado,Não cadastrado,Desconhecido
105.jpg,resultado_105.jpg,10C0579,Não cadastrado,Não cadastrado,Desconhecido
105.jpg,resultado_105.jpg,1C5-5404,Não cadastrado,Não cadastrado,Desconhecido
105.jpg,resultado_105.jpg,405-5202,Não cadastrado,Não cadastrado,Desconhecido
105.jpg,resultado_105.jpg,105-5202,Não cadastrado,Não cadastrado,Desconhecido
105.jpg,resultado_105.jpg,1-HCD-100-4070-A14-I8,Não cadastrado,Não cadastrado,Desconhecido
105.jpg,resultado_105.jpg,"""""-HCD-100-4071-414-IS",Não cadastrado,Não cadastrado,Desconhecido
105.jpg,resultado_105.jpg,"1""-HCD-100-2072-A14-IS",Não cadastrado,Não cadastrado,Desconhecido
105.jpg,resultado_105.jpg,UC,Não cadastrado,Não cadastrado,Desconhecido
105.jpg,resultado_105.jpg,QQQP,Não cadastrado,Não cadastrado,Desconhecido
105.jpg,resultado_105.jpg,ATV AT,Não cadastrado,Não cadastrado,Desconhecido
105.jpg,resultado_105.jpg,SAFE LOCATION,Não cadastrado,Não cadastrado,Desconhecido
105.jpg,resultado_105.jpg,XXXJXXX,Não cadastrado,Não cadastrado,Desconhecido
105.jpg,resultado_105.jpg,"6""ATMJOO AD2AIAN",Não cadastrado,Não cadastrado,Desconhecido
105.jpg,resultado_105.jpg,1000582,Não cadastrado,Não cadastrado,Desconhecido
105.jpg,resultado_105.jpg,6-18-100-407-41A-IH,Não cadastrado,Não cadastrado,Desconhecido
105.jpg,resultado_105.jpg,100-P-110-A,Não cadastrado,Não cadastrado,Desconhecido
105.jpg,resultado_105.jpg,100R-11OB,Não cadastrado,Não cadastrado,Desconhecido
105.jpg,resultado_105.jpg,100-P110-C,Não cadastrado,Não cadastrado,Desconhecido
105.jpg,resultado_105.jpg,1C5-5303,Não cadastrado,Não cadastrado,Desconhecido
105.jpg,resultado_105.jpg,NOTE 3,Não cadastrado,Não cadastrado,Desconhecido
105.jpg,resultado_105.jpg,SS-1224,Não cadastrado,Não cadastrado,Desconhecido
105.jpg,resultado_105.jpg,0-B,Não cadastrado,Não cadastrado,Desconhecido
105.jpg,resultado_105.jpg,'HC,Não cadastrado,Não cadastrado,Desconhecido
105.jpg,resultado_105.jpg,00-R,Não cadastrado,Não cadastrado,Desconhecido
105.jpg,resultado_105.jpg,121_,Não cadastrado,Não cadastrado,Desconhecido
105.jpg,resultado_105.jpg,PG,Não cadastrado,Não cadastrado,Desconhecido
105.jpg,resultado_105.jpg,003,Não cadastrado,Não cadastrado,Desconhecido
105.jpg,resultado_105.jpg,6-ATM-JQOAMZAIAN,Não cadastrado,Não cadastrado,Desconhecido
105.jpg,resultado_105.jpg,NOTE 1,Não cadastrado,Não cadastrado,Desconhecido
105.jpg,resultado_105.jpg,"7,0.75'",Não cadastrado,Não cadastrado,Desconhecido
105.jpg,resultado_105.jpg,"3""14'",Não cadastrado,Não cadastrado,Desconhecido
105.jpg,resultado_105.jpg,XXXXX,Não cadastrado,Não cadastrado,Desconhecido
105.jpg,resultado_105.jpg,X XTX,Não cadastrado,Não cadastrado,Desconhecido
105.jpg,resultado_105.jpg,118 _,Não cadastrado,Não cadastrado,Desconhecido
105.jpg,resultado_105.jpg,100-P-I1O-A,Não cadastrado,Não cadastrado,Desconhecido
105.jpg,resultado_105.jpg,NOTE3,Não cadastrado,Não cadastrado,Desconhecido
105.jpg,resultado_105.jpg,119_,Não cadastrado,Não cadastrado,Desconhecido
105.jpg,resultado_105.jpg,118,Não cadastrado,Não cadastrado,Desconhecido
105.jpg,resultado_105.jpg,100-PT-170-B,Não cadastrado,Não cadastrado,Desconhecido
105.jpg,resultado_105.jpg,100-4428-3,Não cadastrado,Não cadastrado,Desconhecido
105.jpg,resultado_105.jpg,100-4023-B,Não cadastrado,Não cadastrado,Desconhecido
105.jpg,resultado_105.jpg,10-PMIZOC,Não cadastrado,Não cadastrado,Desconhecido
105.jpg,resultado_105.jpg,10-PMIZOA,Não cadastrado,Não cadastrado,Desconhecido
105.jpg,resultado_105.jpg,CJA,Não cadastrado,Não cadastrado,Desconhecido
105.jpg,resultado_105.jpg,0233,Não cadastrado,Não cadastrado,Desconhecido
105.jpg,resultado_105.jpg,100-P.IZ0B,Não cadastrado,Não cadastrado,Desconhecido
105.jpg,resultado_105.jpg,100-P.1Z0-A,Não cadastrado,Não cadastrado,Desconhecido
105.jpg,resultado_105.jpg,1000575,Não cadastrado,Não cadastrado,Desconhecido
105.jpg,resultado_105.jpg,1COC576,Não cadastrado,Não cadastrado,Desconhecido
105.jpg,resultado_105.jpg,"8""-0-14029-8",Não cadastrado,Não cadastrado,Desconhecido
105.jpg,resultado_105.jpg,XXXXXXXX,Não cadastrado,Não cadastrado,Desconhecido
105.jpg,resultado_105.jpg,"8""-P-ICC-4422-B14-IS",Não cadastrado,Não cadastrado,Desconhecido
105.jpg,resultado_105.jpg,"10""-0-14025-41",Não cadastrado,Não cadastrado,Desconhecido
105.jpg,resultado_105.jpg,10-7-100-4420-414-8,Não cadastrado,Não cadastrado,Desconhecido
105.jpg,resultado_105.jpg,4,Não cadastrado,Não cadastrado,Desconhecido
105.jpg,resultado_105.jpg,8,Não cadastrado,Não cadastrado,Desconhecido
105.jpg,resultado_105.jpg,100-P1Z0-A,Não cadastrado,Não cadastrado,Desconhecido
105.jpg,resultado_105.jpg,100-P 1ZOB,Não cadastrado,Não cadastrado,Desconhecido
105.jpg,resultado_105.jpg,100-P1Z0-C,Não cadastrado,Não cadastrado,Desconhecido
105.jpg,resultado_105.jpg,2,Não cadastrado,Não cadastrado,Desconhecido
105.jpg,resultado_105.jpg,0095C _,Não cadastrado,Não cadastrado,Desconhecido
105.jpg,resultado_105.jpg,Q00P,Não cadastrado,Não cadastrado,Desconhecido
105.jpg,resultado_105.jpg,"X075""",Não cadastrado,Não cadastrado,Desconhecido
105.jpg,resultado_105.jpg,00I7,Não cadastrado,Não cadastrado,Desconhecido
105.jpg,resultado_105.jpg,0017,Não cadastrado,Não cadastrado,Desconhecido
105.jpg,resultado_105.jpg,075',Não cadastrado,Não cadastrado,Desconhecido
105.jpg,resultado_105.jpg,STC?,Não cadastrado,Não cadastrado,Desconhecido
105.jpg,resultado_105.jpg,"1""-P-1CO-4427-B1A-IS",Não cadastrado,Não cadastrado,Desconhecido
105.jpg,resultado_105.jpg,TYPE VIZ,Não cadastrado,Não cadastrado,Desconhecido
105.jpg,resultado_105.jpg,100-PM1ZO-A,Não cadastrado,Não cadastrado,Desconhecido
105.jpg,resultado_105.jpg,100-PM1Z-C,Não cadastrado,Não cadastrado,Desconhecido
105.jpg,resultado_105.jpg,3 -MS-100-4023-BIA-IH,Não cadastrado,Não cadastrado,Desconhecido
105.jpg,resultado_105.jpg,"1""-P-100-4428-314-IS",Não cadastrado,Não cadastrado,Desconhecido
105.jpg,resultado_105.jpg,MIN,Não cadastrado,Não cadastrado,Desconhecido
105.jpg,resultado_105.jpg,VS,Não cadastrado,Não cadastrado,Desconhecido
105.jpg,resultado_105.jpg,1CC0579,Não cadastrado,Não cadastrado,Desconhecido
105.jpg,resultado_105.jpg,105-5404,Não cadastrado,Não cadastrado,Desconhecido
105.jpg,resultado_105.jpg,105-502,Não cadastrado,Não cadastrado,Desconhecido
105.jpg,resultado_105.jpg,"1""-HCD-100-2072-414-IS",Não cadastrado,Não cadastrado,Desconhecido
105.jpg,resultado_105.jpg,100-PL-170-B,Não cadastrado,Não cadastrado,Desconhecido
105.jpg,resultado_105.jpg,"6""-ATM-400AM2-AIAN",Não cadastrado,Não cadastrado,Desconhecido
105.jpg,resultado_105.jpg,6-18-100-40 7-A1A-IH,Não cadastrado,Não cadastrado,Desconhecido
105.jpg,resultado_105.jpg,100-R-110-B,Não cadastrado,Não cadastrado,Desconhecido
105.jpg,resultado_105.jpg,100-PI1OC,Não cadastrado,Não cadastrado,Desconhecido
105.jpg,resultado_105.jpg,6,Não cadastrado,Não cadastrado,Desconhecido
105.jpg,resultado_105.jpg,"70.75""",Não cadastrado,Não cadastrado,Desconhecido
105.jpg,resultado_105.jpg,],Não cadastrado,Não cadastrado,Desconhecido
105.jpg,resultado_105.jpg,"'0.75""",Não cadastrado,Não cadastrado,Desconhecido
105.jpg,resultado_105.jpg,10CC579,Não cadastrado,Não cadastrado,Desconhecido
105.jpg,resultado_105.jpg,OD1O,Não cadastrado,Não cadastrado,Desconhecido
105.jpg,resultado_105.jpg,"DX0.75""",Não cadastrado,Não cadastrado,Desconhecido
105.jpg,resultado_105.jpg,HOLC,Não cadastrado,Não cadastrado,Desconhecido
105.jpg,resultado_105.jpg,"7075""",Não cadastrado,Não cadastrado,Desconhecido
105.jpg,resultado_105.jpg,"Y075""",Não cadastrado,Não cadastrado,Desconhecido
105.jpg,resultado_105.jpg,HOLI,Não cadastrado,Não cadastrado,Desconhecido
105.jpg,resultado_105.jpg,JLD,Não cadastrado,Não cadastrado,Desconhecido
105.jpg,resultado_105.jpg,'0.75,Não cadastrado,Não cadastrado,Desconhecido
105.jpg,resultado_105.jpg,R-1Z0B,Não cadastrado,Não cadastrado,Desconhecido
105.jpg,resultado_105.jpg,OTE 2,Não cadastrado,Não cadastrado,Desconhecido
105.jpg,resultado_105.jpg,)LD,Não cadastrado,Não cadastrado,Desconhecido
resultado_105.jpg,resultado_resultado_105.jpg,5.20,Não cadastrado,Não cadastrado,Desconhecido
resultado_105.jpg,resultado_resultado_105.jpg,"3""14'",Não cadastrado,Não cadastrado,Desconhecido
resultado_105.jpg,resultado_resultado_105.jpg,PSV,Não cadastrado,Não cadastrado,Desconhecido
resultado_105.jpg,resultado_resultado_105.jpg,OBJ,Não cadastrado,Não cadastrado,Desconhecido
resultado_105.jpg,resultado_resultado_105.jpg,HC,Não cadastrado,Não cadastrado,Desconhecido
resultado_105.jpg,resultado_resultado_105.jpg,109_,Não cadastrado,Não cadastrado,Desconhecido
resultado_105.jpg,resultado_resultado_105.jpg,OBJ 20,Não cadastrado,Não cadastrado,Desconhecido
resultado_105.jpg,resultado_resultado_105.jpg,QBJ,Não cadastrado,Não cadastrado,Desconhecido
resultado_105.jpg,resultado_resultado_105.jpg,'HC,Não cadastrado,Não cadastrado,Desconhecido
resultado_105.jpg,resultado_resultado_105.jpg,OBI,Não cadastrado,Não cadastrado,Desconhecido
resultado_105.jpg,resultado_resultado_105.jpg,"0.75""",Não cadastrado,Não cadastrado,Desconhecido
resultado_105.jpg,resultado_resultado_105.jpg,OB,Não cadastrado,Não cadastrado,Desconhecido
resultado_105.jpg,resultado_resultado_105.jpg,0.75',Não cadastrado,Não cadastrado,Desconhecido
resultado_105.jpg,resultado_resultado_105.jpg,"'0.75""",Não cadastrado,Não cadastrado,Desconhecido
resultado_105.jpg,resultado_resultado_105.jpg,105-5303,Não cadastrado,Não cadastrado,Desconhecido
resultado_105.jpg,resultado_resultado_105.jpg,119_,Não cadastrado,Não cadastrado,Desconhecido
resultado_105.jpg,resultado_resultado_105.jpg,OB_,Não cadastrado,Não cadastrado,Desconhecido
resultado_105.jpg,resultado_resultado_105.jpg,118_,Não cadastrado,Não cadastrado,Desconhecido
resultado_105.jpg,resultado_resultado_105.jpg,121_,Não cadastrado,Não cadastrado,Desconhecido
resultado_105.jpg,resultado_resultado_105.jpg,120_,Não cadastrado,Não cadastrado,Desconhecido
resultado_105.jpg,resultado_resultado_105.jpg,0BI52,Não cadastrado,Não cadastrado,Desconhecido
resultado_105.jpg,resultado_resultado_105.jpg,OBI 51,Não cadastrado,Não cadastrado,Desconhecido
resultado_105.jpg,resultado_resultado_105.jpg,"OBI,50",Não cadastrado,Não cadastrado,Desconhecido
resultado_105.jpg,resultado_resultado_105.jpg,OBJ 49,Não cadastrado,Não cadastrado,Desconhecido
resultado_105.jpg,resultado_resultado_105.jpg,120,Não cadastrado,Não cadastrado,Desconhecido
resultado_105.jpg,resultado_resultado_105.jpg,48,Não cadastrado,Não cadastrado,Desconhecido
resultado_105.jpg,resultado_resultado_105.jpg,OBJ 47,Não cadastrado,Não cadastrado,Desconhecido
resultado_105.jpg,resultado_resultado_105.jpg,OBJ 28,Não cadastrado,Não cadastrado,Desconhecido
resultado_105.jpg,resultado_resultado_105.jpg,118 _,Não cadastrado,Não cadastrado,Desconhecido
resultado_105.jpg,resultado_resultado_105.jpg,119,Não cadastrado,Não cadastrado,Desconhecido
resultado_105.jpg,resultado_resultado_105.jpg,1J0-P-11O-C,Não cadastrado,Não cadastrado,Desconhecido
resultado_105.jpg,resultado_resultado_105.jpg,NOTE 3,Não cadastrado,Não cadastrado,Desconhecido
resultado_105.jpg,resultado_resultado_105.jpg,OBJ 7,Não cadastrado,Não cadastrado,Desconhecido
resultado_105.jpg,resultado_resultado_105.jpg,PBIZE,Não cadastrado,Não cadastrado,Desconhecido
resultado_105.jpg,resultado_resultado_105.jpg,XDX,Não cadastrado,Não cadastrado,Desconhecido
resultado_105.jpg,resultado_resultado_105.jpg,X 3,Não cadastrado,Não cadastrado,Desconhecido
resultado_105.jpg,resultado_resultado_105.jpg,45,Não cadastrado,Não cadastrado,Desconhecido
resultado_105.jpg,resultado_resultado_105.jpg,419,Não cadastrado,Não cadastrado,Desconhecido
resultado_105.jpg,resultado_resultado_105.jpg,XX,Não cadastrado,Não cadastrado,Desconhecido
resultado_105.jpg,resultado_resultado_105.jpg,OBJ 2 OBJ 1,Não cadastrado,Não cadastrado,Desconhecido
resultado_105.jpg,resultado_resultado_105.jpg,'TM,Não cadastrado,Não cadastrado,Desconhecido
resultado_105.jpg,resultado_resultado_105.jpg,"3""14""",Não cadastrado,Não cadastrado,Desconhecido
resultado_105.jpg,resultado_resultado_105.jpg,PG,Não cadastrado,Não cadastrado,Desconhecido
resultado_105.jpg,resultado_resultado_105.jpg,0.75,Não cadastrado,Não cadastrado,Desconhecido
resultado_105.jpg,resultado_resultado_105.jpg,OBJ 31,Não cadastrado,Não cadastrado,Desconhecido
resultado_105.jpg,resultado_resultado_105.jpg,OBJ 30,Não cadastrado,Não cadastrado,Desconhecido
resultado_105.jpg,resultado_resultado_105.jpg,OBJ 34,Não cadastrado,Não cadastrado,Desconhecido
resultado_105.jpg,resultado_resultado_105.jpg,OBJ 33,Não cadastrado,Não cadastrado,Desconhecido
resultado_105.jpg,resultado_resultado_105.jpg,OBI 50,Não cadastrado,Não cadastrado,Desconhecido
resultado_105.jpg,resultado_resultado_105.jpg,1J8-R110,Não cadastrado,Não cadastrado,Desconhecido
resultado_105.jpg,resultado_resultado_105.jpg,OBI 52,Não cadastrado,Não cadastrado,Desconhecido
resultado_105.jpg,resultado_resultado_105.jpg,OBJ =,Não cadastrado,Não cadastrado,Desconhecido
resultado_105.jpg,resultado_resultado_105.jpg,"3""_4""",Não cadastrado,Não cadastrado,Desconhecido
resultado_105.jpg,resultado_resultado_105.jpg,"3""14"",",Não cadastrado,Não cadastrado,Desconhecido
resultado_105.jpg,resultado_resultado_105.jpg,OBJ 40,Não cadastrado,Não cadastrado,Desconhecido
resultado_105.jpg,resultado_resultado_105.jpg,NOTE,Não cadastrado,Não cadastrado,Desconhecido
resultado_105.jpg,resultado_resultado_105.jpg,OBJ Z90BJ 38,Não cadastrado,Não cadastrado,Desconhecido
resultado_105.jpg,resultado_resultado_105.jpg,6-18-100-40 7-A1A-IH,Não cadastrado,Não cadastrado,Desconhecido
resultado_105.jpg,resultado_resultado_105.jpg,OBJ 36,Não cadastrado,Não cadastrado,Desconhecido
resultado_105.jpg,resultado_resultado_105.jpg,OBI 31,Não cadastrado,Não cadastrado,Desconhecido
resultado_105.jpg,resultado_resultado_105.jpg,121 _,Não cadastrado,Não cadastrado,Desconhecido
resultado_105.jpg,resultado_resultado_105.jpg,40-P-110,Não cadastrado,Não cadastrado,Desconhecido
resultado_105.jpg,resultado_resultado_105.jpg,OBJ 46,Não cadastrado,Não cadastrado,Desconhecido
resultado_105.jpg,resultado_resultado_105.jpg,JBI 31,Não cadastrado,Não cadastrado,Desconhecido
resultado_105.jpg,resultado_resultado_105.jpg,#J8-P11OC,Não cadastrado,Não cadastrado,Desconhecido
resultado_105.jpg,resultado_resultado_105.jpg,PBJ18,Não cadastrado,Não cadastrado,Desconhecido
resultado_105.jpg,resultado_resultado_105.jpg,0.6,Não cadastrado,Não cadastrado,Desconhecido
resultado_105.jpg,resultado_resultado_105.jpg,OBI 54,Não cadastrado,Não cadastrado,Desconhecido
resultado_105.jpg,resultado_resultado_105.jpg,1108,Não cadastrado,Não cadastrado,Desconhecido
resultado_105.jpg,resultado_resultado_105.jpg,NOTE 2,Não cadastrado,Não cadastrado,Desconhecido
resultado_105.jpg,resultado_resultado_105.jpg,ATV AT,Não cadastrado,Não cadastrado,Desconhecido
resultado_105.jpg,resultado_resultado_105.jpg,SAFE LOCATION,Não cadastrado,Não cadastrado,Desconhecido
resultado_105.jpg,resultado_resultado_105.jpg,OBI43,Não cadastrado,Não cadastrado,Desconhecido
resultado_105.jpg,resultado_resultado_105.jpg,1C5-5303,Não cadastrado,Não cadastrado,Desconhecido
resultado_105.jpg,resultado_resultado_105.jpg,OBJ 35,Não cadastrado,Não cadastrado,Desconhecido
resultado_105.jpg,resultado_resultado_105.jpg,UZ /,Não cadastrado,Não cadastrado,Desconhecido
resultado_105.jpg,resultado_resultado_105.jpg,0235,Não cadastrado,Não cadastrado,Desconhecido
resultado_105.jpg,resultado_resultado_105.jpg,0233,Não cadastrado,Não cadastrado,Desconhecido
resultado_105.jpg,resultado_resultado_105.jpg,"73""",Não cadastrado,Não cadastrado,Desconhecido
resultado_105.jpg,resultado_resultado_105.jpg,HOLC,Não cadastrado,Não cadastrado,Desconhecido
resultado_105.jpg,resultado_resultado_105.jpg,HOLE,Não cadastrado,Não cadastrado,Desconhecido
resultado_105.jpg,resultado_resultado_105.jpg,QBJ 131,Não cadastrado,Não cadastrado,Desconhecido
resultado_105.jpg,resultado_resultado_105.jpg,OBJ 133,Não cadastrado,Não cadastrado,Desconhecido
resultado_105.jpg,resultado_resultado_105.jpg,"075""",Não cadastrado,Não cadastrado,Desconhecido
resultado_105.jpg,resultado_resultado_105.jpg,Q0963,Não cadastrado,Não cadastrado,Desconhecido
resultado_105.jpg,resultado_resultado_105.jpg,OBJ 98,Não cadastrado,Não cadastrado,Desconhecido
resultado_105.jpg,resultado_resultado_105.jpg,J94,Não cadastrado,Não cadastrado,Desconhecido
resultado_105.jpg,resultado_resultado_105.jpg,"Q096C ,",Não cadastrado,Não cadastrado,Desconhecido
resultado_105.jpg,resultado_resultado_105.jpg,JBJ,Não cadastrado,Não cadastrado,Desconhecido
resultado_105.jpg,resultado_resultado_105.jpg,35,Não cadastrado,Não cadastrado,Desconhecido
resultado_105.jpg,resultado_resultado_105.jpg,HOLD,Não cadastrado,Não cadastrado,Desconhecido
resultado_105.jpg,resultado_resultado_105.jpg,TYPE MIZ,Não cadastrado,Não cadastrado,Desconhecido
resultado_105.jpg,resultado_resultado_105.jpg,HCLD,Não cadastrado,Não cadastrado,Desconhecido
resultado_105.jpg,resultado_resultado_105.jpg,OBIL66,Não cadastrado,Não cadastrado,Desconhecido
resultado_105.jpg,resultado_resultado_105.jpg,OBJ 94,Não cadastrado,Não cadastrado,Desconhecido
resultado_105.jpg,resultado_resultado_105.jpg,PBJ 435,Não cadastrado,Não cadastrado,Desconhecido
resultado_105.jpg,resultado_resultado_105.jpg,OBJ 141,Não cadastrado,Não cadastrado,Desconhecido
resultado_105.jpg,resultado_resultado_105.jpg,JTE 2,Não cadastrado,Não cadastrado,Desconhecido
resultado_105.jpg,resultado_resultado_105.jpg,FOLD,Não cadastrado,Não cadastrado,Desconhecido
resultado_105.jpg,resultado_resultado_105.jpg,OBJ 142,Não cadastrado,Não cadastrado,Desconhecido
resultado_105.jpg,resultado_resultado_105.jpg,J 96,Não cadastrado,Não cadastrado,Desconhecido
resultado_105.jpg,resultado_resultado_105.jpg,OHLETYPEMIZ,Não cadastrado,Não cadastrado,Desconhecido
resultado_105.jpg,resultado_resultado_105.jpg,OBJ 96,Não cadastrado,Não cadastrado,Desconhecido
resultado_105.jpg,resultado_resultado_105.jpg,PBJ,Não cadastrado,Não cadastrado,Desconhecido
resultado_105.jpg,resultado_resultado_105.jpg,IPIZOA,Não cadastrado,Não cadastrado,Desconhecido
resultado_105.jpg,resultado_resultado_105.jpg,OBJ 148,Não cadastrado,Não cadastrado,Desconhecido
resultado_105.jpg,resultado_resultado_105.jpg,4,Não cadastrado,Não cadastrado,Desconhecido
resultado_105.jpg,resultado_resultado_105.jpg,OBJ 95,Não cadastrado,Não cadastrado,Desconhecido
resultado_105.jpg,resultado_resultado_105.jpg,OBJE,Não cadastrado,Não cadastrado,Desconhecido
resultado_105.jpg,resultado_resultado_105.jpg,009,Não cadastrado,Não cadastrado,Desconhecido
resultado_105.jpg,resultado_resultado_105.jpg,00953,Não cadastrado,Não cadastrado,Desconhecido
resultado_105.jpg,resultado_resultado_105.jpg,ATMAT,Não cadastrado,Não cadastrado,Desconhecido
resultado_105.jpg,resultado_resultado_105.jpg,SAFELCCATION,Não cadastrado,Não cadastrado,Desconhecido
resultado_105.jpg,resultado_resultado_105.jpg,"3""-ATV-100-4011-AIAN",Não cadastrado,Não cadastrado,Desconhecido
resultado_105.jpg,resultado_resultado_105.jpg,QHJJ8R,Não cadastrado,Não cadastrado,Desconhecido
resultado_105.jpg,resultado_resultado_105.jpg,HOLL,Não cadastrado,Não cadastrado,Desconhecido
resultado_105.jpg,resultado_resultado_105.jpg,QHIZ,Não cadastrado,Não cadastrado,Desconhecido
resultado_105.jpg,resultado_resultado_105.jpg,C017,Não cadastrado,Não cadastrado,Desconhecido
resultado_105.jpg,resultado_resultado_105.jpg,0236,Não cadastrado,Não cadastrado,Desconhecido
resultado_105.jpg,resultado_resultado_105.jpg,00I7,Não cadastrado,Não cadastrado,Desconhecido
resultado_105.jpg,resultado_resultado_105.jpg,0017,Não cadastrado,Não cadastrado,Desconhecido
resultado_105.jpg,resultado_resultado_105.jpg,TC?,Não cadastrado,Não cadastrado,Desconhecido
resultado_105.jpg,resultado_resultado_105.jpg,OBITL7,Não cadastrado,Não cadastrado,Desconhecido
resultado_105.jpg,resultado_resultado_105.jpg,VCC,Não cadastrado,Não cadastrado,Desconhecido
resultado_105.jpg,resultado_resultado_105.jpg,"1""-P-1CC-4427-B1A-IS",Não cadastrado,Não cadastrado,Desconhecido
resultado_105.jpg,resultado_resultado_105.jpg,OBJ 63,Não cadastrado,Não cadastrado,Desconhecido
resultado_105.jpg,resultado_resultado_105.jpg,3-MS,Não cadastrado,Não cadastrado,Desconhecido
resultado_105.jpg,resultado_resultado_105.jpg,[00-4023-B ~-IH,Não cadastrado,Não cadastrado,Desconhecido
resultado_105.jpg,resultado_resultado_105.jpg,PBJKBO,Não cadastrado,Não cadastrado,Desconhecido
resultado_105.jpg,resultado_resultado_105.jpg,OBJ 74,Não cadastrado,Não cadastrado,Desconhecido
resultado_105.jpg,resultado_resultado_105.jpg,OBJ 120BJ 124,Não cadastrado,Não cadastrado,Desconhecido
resultado_105.jpg,resultado_resultado_105.jpg,UBJ,Não cadastrado,Não cadastrado,Desconhecido
resultado_105.jpg,resultado_resultado_105.jpg,DS,Não cadastrado,Não cadastrado,Desconhecido
resultado_105.jpg,resultado_resultado_105.jpg,1000580,Não cadastrado,Não cadastrado,Desconhecido
resultado_105.jpg,resultado_resultado_105.jpg,OBJ 11 5BJC14,Não cadastrado,Não cadastrado,Desconhecido
resultado_105.jpg,resultado_resultado_105.jpg,OBJ 12DBJ 121,Não cadastrado,Não cadastrado,Desconhecido
resultado_105.jpg,resultado_resultado_105.jpg,01704_,Não cadastrado,Não cadastrado,Desconhecido
resultado_105.jpg,resultado_resultado_105.jpg,105-5404,Não cadastrado,Não cadastrado,Desconhecido
resultado_105.jpg,resultado_resultado_105.jpg,06873,Não cadastrado,Não cadastrado,Desconhecido
resultado_105.jpg,resultado_resultado_105.jpg,1-HCD-100-4070-A1A-IS,Não cadastrado,Não cadastrado,Desconhecido
resultado_105.jpg,resultado_resultado_105.jpg,108,Não cadastrado,Não cadastrado,Desconhecido
resultado_105.jpg,resultado_resultado_105.jpg,05,Não cadastrado,Não cadastrado,Desconhecido
resultado_105.jpg,resultado_resultado_105.jpg,OBJ 390BJ 38,Não cadastrado,Não cadastrado,Desconhecido
resultado_105.jpg,resultado_resultado_105.jpg,100U382,Não cadastrado,Não cadastrado,Desconhecido
resultado_105.jpg,resultado_resultado_105.jpg,6 -18-100-40 7-A1A-IH,Não cadastrado,Não cadastrado,Desconhecido
resultado_105.jpg,resultado_resultado_105.jpg,928-P-110_,Não cadastrado,Não cadastrado,Desconhecido
resultado_105.jpg,resultado_resultado_105.jpg,300,Não cadastrado,Não cadastrado,Desconhecido
resultado_105.jpg,resultado_resultado_105.jpg,"45,",Não cadastrado,Não cadastrado,Desconhecido
resultado_105.jpg,resultado_resultado_105.jpg,OBJ 5,Não cadastrado,Não cadastrado,Desconhecido
resultado_105.jpg,resultado_resultado_105.jpg,OPI4,Não cadastrado,Não cadastrado,Desconhecido
resultado_105.jpg,resultado_resultado_105.jpg,X,Não cadastrado,Não cadastrado,Desconhecido
resultado_105.jpg,resultado_resultado_105.jpg,X----,Não cadastrado,Não cadastrado,Desconhecido
resultado_105.jpg,resultado_resultado_105.jpg,10J-PL110-B,Não cadastrado,Não cadastrado,Desconhecido
resultado_105.jpg,resultado_resultado_105.jpg,OBJ 2   OBJ,Não cadastrado,Não cadastrado,Desconhecido
resultado_105.jpg,resultado_resultado_105.jpg,EX344,Não cadastrado,Não cadastrado,Desconhecido
resultado_105.jpg,resultado_resultado_105.jpg,1,Não cadastrado,Não cadastrado,Desconhecido
resultado_105.jpg,resultado_resultado_105.jpg,"8""-P-ICC-4422-B14-IS",Não cadastrado,Não cadastrado,Desconhecido
resultado_105.jpg,resultado_resultado_105.jpg,20-414-8,Não cadastrado,Não cadastrado,Desconhecido
resultado_105.jpg,resultado_resultado_105.jpg,J 148,Não cadastrado,Não cadastrado,Desconhecido
resultado_105.jpg,resultado_resultado_105.jpg,OBJ 147,Não cadastrado,Não cadastrado,Desconhecido
resultado_105.jpg,resultado_resultado_105.jpg,OBJ 146,Não cadastrado,Não cadastrado,Desconhecido
resultado_105.jpg,resultado_resultado_105.jpg,00963,Não cadastrado,Não cadastrado,Desconhecido
resultado_105.jpg,resultado_resultado_105.jpg,Q096C,Não cadastrado,Não cadastrado,Desconhecido
resultado_105.jpg,resultado_resultado_105.jpg,009I,Não cadastrado,Não cadastrado,Desconhecido
resultado_105.jpg,resultado_resultado_105.jpg,OTE 2,Não cadastrado,Não cadastrado,Desconhecido
resultado_105.jpg,resultado_resultado_105.jpg,DBJ,Não cadastrado,Não cadastrado,Desconhecido
resultado_105.jpg,resultado_resultado_105.jpg,AOLD,Não cadastrado,Não cadastrado,Desconhecido
resultado_105.jpg,resultado_resultado_105.jpg,HCLL,Não cadastrado,Não cadastrado,Desconhecido
resultado_105.jpg,resultado_resultado_105.jpg,OBJ 131,Não cadastrado,Não cadastrado,Desconhecido
resultado_105.jpg,resultado_resultado_105.jpg,OEF 129,Não cadastrado,Não cadastrado,Desconhecido
resultado_105.jpg,resultado_resultado_105.jpg,TYPE MIZZ,Não cadastrado,Não cadastrado,Desconhecido
resultado_105.jpg,resultado_resultado_105.jpg,IOLI,Não cadastrado,Não cadastrado,Desconhecido
resultado_105.jpg,resultado_resultado_105.jpg,075',Não cadastrado,Não cadastrado,Desconhecido
resultado_105.jpg,resultado_resultado_105.jpg,2A,Não cadastrado,Não cadastrado,Desconhecido
resultado_105.jpg,resultado_resultado_105.jpg,NCC,Não cadastrado,Não cadastrado,Desconhecido
resultado_105.jpg,resultado_resultado_105.jpg,MCC,Não cadastrado,Não cadastrado,Desconhecido
resultado_105.jpg,resultado_resultado_105.jpg,OBJ=,Não cadastrado,Não cadastrado,Desconhecido
resultado_105.jpg,resultado_resultado_105.jpg,OBJ 12PBJ 121,Não cadastrado,Não cadastrado,Desconhecido
resultado_105.jpg,resultado_resultado_105.jpg,OBJ 120BJ 119,Não cadastrado,Não cadastrado,Desconhecido
resultado_105.jpg,resultado_resultado_105.jpg,036,Não cadastrado,Não cadastrado,Desconhecido
resultado_105.jpg,resultado_resultado_105.jpg,OBJ 110BJ 117,Não cadastrado,Não cadastrado,Desconhecido
resultado_105.jpg,resultado_resultado_105.jpg,(01704/,Não cadastrado,Não cadastrado,Desconhecido
resultado_105.jpg,resultado_resultado_105.jpg,CCO5,Não cadastrado,Não cadastrado,Desconhecido
resultado_105.jpg,resultado_resultado_105.jpg,PKE,Não cadastrado,Não cadastrado,Desconhecido
resultado_105.jpg,resultado_resultado_105.jpg,105-5202,Não cadastrado,Não cadastrado,Desconhecido
resultado_105.jpg,resultado_resultado_105.jpg,105-5402,Não cadastrado,Não cadastrado,Desconhecido
resultado_105.jpg,resultado_resultado_105.jpg,OBL,Não cadastrado,Não cadastrado,Desconhecido
resultado_105.jpg,resultado_resultado_105.jpg,0BI68,Não cadastrado,Não cadastrado,Desconhecido
resultado_105.jpg,resultado_resultado_105.jpg,"""-HCD-100-4071-A14-IS",Não cadastrado,Não cadastrado,Desconhecido
resultado_105.jpg,resultado_resultado_105.jpg,"1""-HCD-100-2072-414-IS",Não cadastrado,Não cadastrado,Desconhecido
resultado_105.jpg,resultado_resultado_105.jpg,142`,Não cadastrado,Não cadastrado,Desconhecido
resultado_105.jpg,resultado_resultado_105.jpg,100-4423.3,Não cadastrado,Não cadastrado,Desconhecido
resultado_105.jpg,resultado_resultado_105.jpg,PKES,Não cadastrado,Não cadastrado,Desconhecido
resultado_105.jpg,resultado_resultado_105.jpg,-100-4071-A14-IS,Não cadastrado,Não cadastrado,Desconhecido
resultado_105.jpg,resultado_resultado_105.jpg,OLCS,Não cadastrado,Não cadastrado,Desconhecido
resultado_105.jpg,resultado_resultado_105.jpg,XXXXXXXX,Não cadastrado,Não cadastrado,Desconhecido
resultado_105.jpg,resultado_resultado_105.jpg,100-4423-314-18,Não cadastrado,Não cadastrado,Desconhecido
resultado_105.jpg,resultado_resultado_105.jpg,BJ 107,Não cadastrado,Não cadastrado,Desconhecido
resultado_105.jpg,resultado_resultado_105.jpg,OBJ 10,Não cadastrado,Não cadastrado,Desconhecido
resultado_105.jpg,resultado_resultado_105.jpg,"8""-0-14029-8",Não cadastrado,Não cadastrado,Desconhecido
resultado_105.jpg,resultado_resultado_105.jpg,100-4122,Não cadastrado,Não cadastrado,Desconhecido
resultado_105.jpg,resultado_resultado_105.jpg,1CCO576,Não cadastrado,Não cadastrado,Desconhecido
resultado_105.jpg,resultado_resultado_105.jpg,J981 OBJ 100,Não cadastrado,Não cadastrado,Desconhecido
resultado_105.jpg,resultado_resultado_105.jpg,2,Não cadastrado,Não cadastrado,Desconhecido
resultado_105.jpg,resultado_resultado_105.jpg,"10""-0-14025-41",Não cadastrado,Não cadastrado,Desconhecido
resultado_105.jpg,resultado_resultado_105.jpg,10 -7-100-4420-414-8,Não cadastrado,Não cadastrado,Desconhecido
resultado_105.jpg,resultado_resultado_105.jpg,200575,Não cadastrado,Não cadastrado,Desconhecido
resultado_105.jpg,resultado_resultado_105.jpg,10044122,Não cadastrado,Não cadastrado,Desconhecido
resultado_105.jpg,resultado_resultado_105.jpg,"OBJ 142 """,Não cadastrado,Não cadastrado,Desconhecido
resultado_105.jpg,resultado_resultado_105.jpg,OBJA,Não cadastrado,Não cadastrado,Desconhecido
resultado_105.jpg,resultado_resultado_105.jpg,OBJ 138,Não cadastrado,Não cadastrado,Desconhecido
resultado_105.jpg,resultado_resultado_105.jpg,'OBJ 133,Não cadastrado,Não cadastrado,Desconhecido
resultado_105.jpg,resultado_resultado_105.jpg,HOLI,Não cadastrado,Não cadastrado,Desconhecido
resultado_105.jpg,resultado_resultado_105.jpg,CC17,Não cadastrado,Não cadastrado,Desconhecido
resultado_105.jpg,resultado_resultado_105.jpg,[10-PMIZ-A,Não cadastrado,Não cadastrado,Desconhecido
resultado_105.jpg,resultado_resultado_105.jpg,AIS,Não cadastrado,Não cadastrado,Desconhecido
resultado_105.jpg,resultado_resultado_105.jpg,0B874,Não cadastrado,Não cadastrado,Desconhecido
resultado_105.jpg,resultado_resultado_105.jpg,06 70,Não cadastrado,Não cadastrado,Desconhecido
resultado_105.jpg,resultado_resultado_105.jpg,OHZ,Não cadastrado,Não cadastrado,Desconhecido
resultado_105.jpg,resultado_resultado_105.jpg,OBJ 120BJ,Não cadastrado,Não cadastrado,Desconhecido
resultado_105.jpg,resultado_resultado_105.jpg,"""UB""",Não cadastrado,Não cadastrado,Desconhecido
resultado_105.jpg,resultado_resultado_105.jpg,155,Não cadastrado,Não cadastrado,Desconhecido
resultado_105.jpg,resultado_resultado_105.jpg,J 108,Não cadastrado,Não cadastrado,Desconhecido
resultado_105.jpg,resultado_resultado_105.jpg,M00-PM170-A,Não cadastrado,Não cadastrado,Desconhecido
resultado_105.jpg,resultado_resultado_105.jpg,OBJ S0,Não cadastrado,Não cadastrado,Desconhecido
resultado_105.jpg,resultado_resultado_105.jpg,(Q1704,Não cadastrado,Não cadastrado,Desconhecido
resultado_105.jpg,resultado_resultado_105.jpg,OBR73,Não cadastrado,Não cadastrado,Desconhecido
resultado_105.jpg,resultado_resultado_105.jpg,OBJ BP81,Não cadastrado,Não cadastrado,Desconhecido
resultado_105.jpg,resultado_resultado_105.jpg,QHI852,Não cadastrado,Não cadastrado,Desconhecido
resultado_105.jpg,resultado_resultado_105.jpg,QHIJ3,Não cadastrado,Não cadastrado,Desconhecido
resultado_105.jpg,resultado_resultado_105.jpg,Q006,Não cadastrado,Não cadastrado,Desconhecido
resultado_105.jpg,resultado_resultado_105.jpg,"8""-0-14029-3",Não cadastrado,Não cadastrado,Desconhecido
resultado_105.jpg,resultado_resultado_105.jpg,"8""-P-1CC-4422-B14-IS",Não cadastrado,Não cadastrado,Desconhecido
resultado_105.jpg,resultado_resultado_105.jpg,10 -7-100-4420-A14-18,Não cadastrado,Não cadastrado,Desconhecido
resultado_105.jpg,resultado_resultado_105.jpg,7,Não cadastrado,Não cadastrado,Desconhecido
resultado_105.jpg,resultado_resultado_105.jpg,MO-P-170-C,Não cadastrado,Não cadastrado,Desconhecido
resultado_105.jpg,resultado_resultado_105.jpg,OBJ-,Não cadastrado,Não cadastrado,Desconhecido
resultado_105.jpg,resultado_resultado_105.jpg,00G;,Não cadastrado,Não cadastrado,Desconhecido
resultado_105.jpg,resultado_resultado_105.jpg,OBI8,Não cadastrado,Não cadastrado,Desconhecido
resultado_105.jpg,resultado_resultado_105.jpg,0093,Não cadastrado,Não cadastrado,Desconhecido
resultado_105.jpg,resultado_resultado_105.jpg,QHIFZ,Não cadastrado,Não cadastrado,Desconhecido
resultado_105.jpg,resultado_resultado_105.jpg,OU,Não cadastrado,Não cadastrado,Desconhecido
resultado_105.jpg,resultado_resultado_105.jpg,003,Não cadastrado,Não cadastrado,Desconhecido
resultado_105.jpg,resultado_resultado_105.jpg,OBI 17,Não cadastrado,Não cadastrado,Desconhecido
resultado_105.jpg,resultado_resultado_105.jpg,HCLI,Não cadastrado,Não cadastrado,Desconhecido
resultado_105.jpg,resultado_resultado_105.jpg,TO?,Não cadastrado,Não cadastrado,Desconhecido
resultado_105.jpg,resultado_resultado_105.jpg,OBF1K27,Não cadastrado,Não cadastrado,Desconhecido
resultado_105.jpg,resultado_resultado_105.jpg,M100-PM170-A,Não cadastrado,Não cadastrado,Desconhecido
resultado_105.jpg,resultado_resultado_105.jpg,127-100-4423-314-8,Não cadastrado,Não cadastrado,Desconhecido
resultado_105.jpg,resultado_resultado_105.jpg,J 63,Não cadastrado,Não cadastrado,Desconhecido
resultado_105.jpg,resultado_resultado_105.jpg,)-4023-B,Não cadastrado,Não cadastrado,Desconhecido
resultado_105.jpg,resultado_resultado_105.jpg,[00-4428-214-IS,Não cadastrado,Não cadastrado,Desconhecido
resultado_105.jpg,resultado_resultado_105.jpg,OBJ 1150BJC14,Não cadastrado,Não cadastrado,Desconhecido
resultado_105.jpg,resultado_resultado_105.jpg,"126,IN",Não cadastrado,Não cadastrado,Desconhecido
resultado_105.jpg,resultado_resultado_105.jpg,OBJ 11@BJ 117,Não cadastrado,Não cadastrado,Desconhecido
resultado_105.jpg,resultado_resultado_105.jpg,0BI56,Não cadastrado,Não cadastrado,Desconhecido
resultado_105.jpg,resultado_resultado_105.jpg,Q170C /,Não cadastrado,Não cadastrado,Desconhecido
resultado_105.jpg,resultado_resultado_105.jpg,0005,Não cadastrado,Não cadastrado,Desconhecido
resultado_105.jpg,resultado_resultado_105.jpg,0BI55,Não cadastrado,Não cadastrado,Desconhecido
resultado_105.jpg,resultado_resultado_105.jpg,1C55404,Não cadastrado,Não cadastrado,Desconhecido
resultado_105.jpg,resultado_resultado_105.jpg,1.75,Não cadastrado,Não cadastrado,Desconhecido
resultado_105.jpg,resultado_resultado_105.jpg,"(0.75""",Não cadastrado,Não cadastrado,Desconhecido
resultado_105.jpg,resultado_resultado_105.jpg,0B873,Não cadastrado,Não cadastrado,Desconhecido
resultado_105.jpg,resultado_resultado_105.jpg,OBL 68,Não cadastrado,Não cadastrado,Desconhecido
resultado_105.jpg,resultado_resultado_105.jpg,"""""-HCD-100-4071-414-IS",Não cadastrado,Não cadastrado,Desconhecido
resultado_105.jpg,resultado_resultado_105.jpg,8,Não cadastrado,Não cadastrado,Desconhecido
resultado_105.jpg,resultado_resultado_105.jpg,YBI 34,Não cadastrado,Não cadastrado,Desconhecido
resultado_105.jpg,resultado_resultado_105.jpg,BI 107,Não cadastrado,Não cadastrado,Desconhecido
106.jpg,resultado_106.jpg,FITTIG SYMBOLS,Não cadastrado,Não cadastrado,Desconhecido
106.jpg,resultado_106.jpg,FLANGE,Não cadastrado,Não cadastrado,Desconhecido
106.jpg,resultado_106.jpg,PHMETALLIC TRANSISTION JOINT,Não cadastrado,Não cadastrado,Desconhecido
106.jpg,resultado_106.jpg,REDLC NG FLANGE,Não cadastrado,Não cadastrado,Desconhecido
106.jpg,resultado_106.jpg,BLIND FLANGE,Não cadastrado,Não cadastrado,Desconhecido
106.jpg,resultado_106.jpg,UNION,Não cadastrado,Não cadastrado,Desconhecido
106.jpg,resultado_106.jpg,D,Não cadastrado,Não cadastrado,Desconhecido
106.jpg,resultado_106.jpg,WELDED ENDCAP,Não cadastrado,Não cadastrado,Desconhecido
106.jpg,resultado_106.jpg,REDUCER,Não cadastrado,Não cadastrado,Desconhecido
106.jpg,resultado_106.jpg,ECCENTRIC REDLCER,Não cadastrado,Não cadastrado,Desconhecido
106.jpg,resultado_106.jpg,(NOTE 21,Não cadastrado,Não cadastrado,Desconhecido
106.jpg,resultado_106.jpg,SPECTACLE BLIND,Não cadastrado,Não cadastrado,Desconhecido
106.jpg,resultado_106.jpg,(NORMAL OPEN),Não cadastrado,Não cadastrado,Desconhecido
106.jpg,resultado_106.jpg,SPECTACLE ELIND,Não cadastrado,Não cadastrado,Desconhecido
106.jpg,resultado_106.jpg,OPEN 9PACER (9PACER RINC),Não cadastrado,Não cadastrado,Desconhecido
106.jpg,resultado_106.jpg,WNOTE 3,Não cadastrado,Não cadastrado,Desconhecido
106.jpg,resultado_106.jpg,HO9E CONNECTION GENERAL/WATERI,Não cadastrado,Não cadastrado,Desconhecido
106.jpg,resultado_106.jpg,HOSE CONNECTICN (AIR),Não cadastrado,Não cadastrado,Desconhecido
106.jpg,resultado_106.jpg,1,Não cadastrado,Não cadastrado,Desconhecido
106.jpg,resultado_106.jpg,INQUI ATIDN ALANGE,Não cadastrado,Não cadastrado,Desconhecido
106.jpg,resultado_106.jpg,MH,Não cadastrado,Não cadastrado,Desconhecido
106.jpg,resultado_106.jpg,FRONTMANHOLE,Não cadastrado,Não cadastrado,Desconhecido
106.jpg,resultado_106.jpg,MA,Não cadastrado,Não cadastrado,Desconhecido
106.jpg,resultado_106.jpg,WYHOLE,Não cadastrado,Não cadastrado,Desconhecido
106.jpg,resultado_106.jpg,COKNFCTION,Não cadastrado,Não cadastrado,Desconhecido
106.jpg,resultado_106.jpg,COMNECION,Não cadastrado,Não cadastrado,Desconhecido
106.jpg,resultado_106.jpg,(GENERAL,Não cadastrado,Não cadastrado,Desconhecido
106.jpg,resultado_106.jpg,CCNNECTION,Não cadastrado,Não cadastrado,Desconhecido
106.jpg,resultado_106.jpg,(SPACER,Não cadastrado,Não cadastrado,Desconhecido
106.jpg,resultado_106.jpg,9PACER,Não cadastrado,Não cadastrado,Desconhecido
106.jpg,resultado_106.jpg,SPACER,Não cadastrado,Não cadastrado,Desconhecido
106.jpg,resultado_106.jpg,(NCRMAL,Não cadastrado,Não cadastrado,Desconhecido
106.jpg,resultado_106.jpg,REDLCER,Não cadastrado,Não cadastrado,Desconhecido
106.jpg,resultado_106.jpg,ECCENTRIC,Não cadastrado,Não cadastrado,Desconhecido
106.jpg,resultado_106.jpg,SCREKED,Não cadastrado,Não cadastrado,Desconhecido
106.jpg,resultado_106.jpg,WELDED,Não cadastrado,Não cadastrado,Desconhecido
106.jpg,resultado_106.jpg,REDLCNG,Não cadastrado,Não cadastrado,Desconhecido
106.jpg,resultado_106.jpg,FITTING SYMBOLS,Não cadastrado,Não cadastrado,Desconhecido
resultado_106.jpg,resultado_resultado_106.jpg,FITTING SYMBOLS,Não cadastrado,Não cadastrado,Desconhecido
resultado_106.jpg,resultado_resultado_106.jpg,OBJ 28,Não cadastrado,Não cadastrado,Desconhecido
resultado_106.jpg,resultado_resultado_106.jpg,OBJ 27,Não cadastrado,Não cadastrado,Desconhecido
resultado_106.jpg,resultado_resultado_106.jpg,OBJ 26,Não cadastrado,Não cadastrado,Desconhecido
resultado_106.jpg,resultado_resultado_106.jpg,OBJ 25,Não cadastrado,Não cadastrado,Desconhecido
resultado_106.jpg,resultado_resultado_106.jpg,OBJ 24,Não cadastrado,Não cadastrado,Desconhecido
resultado_106.jpg,resultado_resultado_106.jpg,OBJ 23,Não cadastrado,Não cadastrado,Desconhecido
resultado_106.jpg,resultado_resultado_106.jpg,BLINDEWE,Não cadastrado,Não cadastrado,Desconhecido
resultado_106.jpg,resultado_resultado_106.jpg,UNION,Não cadastrado,Não cadastrado,Desconhecido
resultado_106.jpg,resultado_resultado_106.jpg,OBJ 22,Não cadastrado,Não cadastrado,Desconhecido
resultado_106.jpg,resultado_resultado_106.jpg,D,Não cadastrado,Não cadastrado,Desconhecido
resultado_106.jpg,resultado_resultado_106.jpg,WELDEDEENDCAP,Não cadastrado,Não cadastrado,Desconhecido
resultado_106.jpg,resultado_resultado_106.jpg,OBJ 21,Não cadastrado,Não cadastrado,Desconhecido
resultado_106.jpg,resultado_resultado_106.jpg,OBJ 20,Não cadastrado,Não cadastrado,Desconhecido
resultado_106.jpg,resultado_resultado_106.jpg,OBJ 19,Não cadastrado,Não cadastrado,Desconhecido
resultado_106.jpg,resultado_resultado_106.jpg,REDUCER,Não cadastrado,Não cadastrado,Desconhecido
resultado_106.jpg,resultado_resultado_106.jpg,OBJ 17,Não cadastrado,Não cadastrado,Desconhecido
resultado_106.jpg,resultado_resultado_106.jpg,(NOTE 21,Não cadastrado,Não cadastrado,Desconhecido
resultado_106.jpg,resultado_resultado_106.jpg,AREOPACLE ELIND,Não cadastrado,Não cadastrado,Desconhecido
resultado_106.jpg,resultado_resultado_106.jpg,OBJ 14,Não cadastrado,Não cadastrado,Desconhecido
resultado_106.jpg,resultado_resultado_106.jpg,BLINDERACER,Não cadastrado,Não cadastrado,Desconhecido
resultado_106.jpg,resultado_resultado_106.jpg,BLIRD PLATE |,Não cadastrado,Não cadastrado,Desconhecido
resultado_106.jpg,resultado_resultado_106.jpg,(NOTEJBJ 13,Não cadastrado,Não cadastrado,Desconhecido
resultado_106.jpg,resultado_resultado_106.jpg,OBJ 12,Não cadastrado,Não cadastrado,Desconhecido
resultado_106.jpg,resultado_resultado_106.jpg,8,Não cadastrado,Não cadastrado,Desconhecido
resultado_106.jpg,resultado_resultado_106.jpg,WNOTE 31,Não cadastrado,Não cadastrado,Desconhecido
resultado_106.jpg,resultado_resultado_106.jpg,OBJ 11,Não cadastrado,Não cadastrado,Desconhecido
resultado_106.jpg,resultado_resultado_106.jpg,OBJ 10,Não cadastrado,Não cadastrado,Desconhecido
resultado_106.jpg,resultado_resultado_106.jpg,{,Não cadastrado,Não cadastrado,Desconhecido
resultado_106.jpg,resultado_resultado_106.jpg,OBJ 9,Não cadastrado,Não cadastrado,Desconhecido
resultado_106.jpg,resultado_resultado_106.jpg,OBJ 8,Não cadastrado,Não cadastrado,Desconhecido
resultado_106.jpg,resultado_resultado_106.jpg,STLAH,Não cadastrado,Não cadastrado,Desconhecido
resultado_106.jpg,resultado_resultado_106.jpg,OBJ 7,Não cadastrado,Não cadastrado,Desconhecido
resultado_106.jpg,resultado_resultado_106.jpg,OBJ 6,Não cadastrado,Não cadastrado,Desconhecido
resultado_106.jpg,resultado_resultado_106.jpg,OBJ 5,Não cadastrado,Não cadastrado,Desconhecido
resultado_106.jpg,resultado_resultado_106.jpg,OBJ -,Não cadastrado,Não cadastrado,Desconhecido
resultado_106.jpg,resultado_resultado_106.jpg,OBJ 3,Não cadastrado,Não cadastrado,Desconhecido
resultado_106.jpg,resultado_resultado_106.jpg,OBJ 2,Não cadastrado,Não cadastrado,Desconhecido
resultado_106.jpg,resultado_resultado_106.jpg,MH,Não cadastrado,Não cadastrado,Desconhecido
resultado_106.jpg,resultado_resultado_106.jpg,OBJ 1,Não cadastrado,Não cadastrado,Desconhecido
resultado_106.jpg,resultado_resultado_106.jpg,MA,Não cadastrado,Não cadastrado,Desconhecido
resultado_106.jpg,resultado_resultado_106.jpg,WHULE,Não cadastrado,Não cadastrado,Desconhecido
resultado_106.jpg,resultado_resultado_106.jpg,FRONTAHLE,Não cadastrado,Não cadastrado,Desconhecido
resultado_106.jpg,resultado_resultado_106.jpg,OBJ,Não cadastrado,Não cadastrado,Desconhecido
resultado_106.jpg,resultado_resultado_106.jpg,(NOTF,Não cadastrado,Não cadastrado,Desconhecido
resultado_106.jpg,resultado_resultado_106.jpg,PACL,Não cadastrado,Não cadastrado,Desconhecido
resultado_106.jpg,resultado_resultado_106.jpg,WE PLUG,Não cadastrado,Não cadastrado,Desconhecido
resultado_106.jpg,resultado_resultado_106.jpg,MELOEOEND,Não cadastrado,Não cadastrado,Desconhecido
107.jpg,resultado_107.jpg,VALVE SYMBOLS,Não cadastrado,Não cadastrado,Desconhecido
107.jpg,resultado_107.jpg,CATE VALVE,Não cadastrado,Não cadastrado,Desconhecido
107.jpg,resultado_107.jpg,CLOBE VALVE,Não cadastrado,Não cadastrado,Desconhecido
107.jpg,resultado_107.jpg,YTYPE CLOBE VALVE,Não cadastrado,Não cadastrado,Desconhecido
107.jpg,resultado_107.jpg,6,Não cadastrado,Não cadastrado,Desconhecido
107.jpg,resultado_107.jpg,ANCLE CLOBE VALVE,Não cadastrado,Não cadastrado,Desconhecido
107.jpg,resultado_107.jpg,DO,Não cadastrado,Não cadastrado,Desconhecido
107.jpg,resultado_107.jpg,RLUGVALVE,Não cadastrado,Não cadastrado,Desconhecido
107.jpg,resultado_107.jpg,EUTTERFLY VALVE,Não cadastrado,Não cadastrado,Desconhecido
107.jpg,resultado_107.jpg,DIAPHRAGM VALVE,Não cadastrado,Não cadastrado,Desconhecido
107.jpg,resultado_107.jpg,PNCHVALVE,Não cadastrado,Não cadastrado,Desconhecido
107.jpg,resultado_107.jpg,1,Não cadastrado,Não cadastrado,Desconhecido
107.jpg,resultado_107.jpg,STC? CHECK VALVE,Não cadastrado,Não cadastrado,Desconhecido
107.jpg,resultado_107.jpg,Y STOP CHECK VALVE,Não cadastrado,Não cadastrado,Desconhecido
107.jpg,resultado_107.jpg,EUTTERFL,Não cadastrado,Não cadastrado,Desconhecido
resultado_107.jpg,resultado_resultado_107.jpg,MALVE SYMBOLS,Não cadastrado,Não cadastrado,Desconhecido
resultado_107.jpg,resultado_resultado_107.jpg,OBJ 14,Não cadastrado,Não cadastrado,Desconhecido
resultado_107.jpg,resultado_resultado_107.jpg,OBJ 13,Não cadastrado,Não cadastrado,Desconhecido
resultado_107.jpg,resultado_resultado_107.jpg,CLOBE VALVE,Não cadastrado,Não cadastrado,Desconhecido
resultado_107.jpg,resultado_resultado_107.jpg,YTYPE CLOBE VALVE,Não cadastrado,Não cadastrado,Desconhecido
resultado_107.jpg,resultado_resultado_107.jpg,OBJ,Não cadastrado,Não cadastrado,Desconhecido
resultado_107.jpg,resultado_resultado_107.jpg,ANCLE CLOBE VALVE,Não cadastrado,Não cadastrado,Desconhecido
resultado_107.jpg,resultado_resultado_107.jpg,OBJ 9,Não cadastrado,Não cadastrado,Desconhecido
resultado_107.jpg,resultado_resultado_107.jpg,RLUGVALVE,Não cadastrado,Não cadastrado,Desconhecido
resultado_107.jpg,resultado_resultado_107.jpg,OBJ 5,Não cadastrado,Não cadastrado,Desconhecido
resultado_107.jpg,resultado_resultado_107.jpg,OBJ 3,Não cadastrado,Não cadastrado,Desconhecido
resultado_107.jpg,resultado_resultado_107.jpg,PNCHVALVE,Não cadastrado,Não cadastrado,Desconhecido
resultado_107.jpg,resultado_resultado_107.jpg,STCP CHECK VALVE,Não cadastrado,Não cadastrado,Desconhecido
resultado_107.jpg,resultado_resultado_107.jpg,Y ST0P CHECK VALVE,Não cadastrado,Não cadastrado,Desconhecido
resultado_107.jpg,resultado_resultado_107.jpg,OBJ 1,Não cadastrado,Não cadastrado,Desconhecido
resultado_107.jpg,resultado_resultado_107.jpg,EUITERFL,Não cadastrado,Não cadastrado,Desconhecido
resultado_107.jpg,resultado_resultado_107.jpg,OBI,Não cadastrado,Não cadastrado,Desconhecido
resultado_107.jpg,resultado_resultado_107.jpg,VALVE SYMBOLS,Não cadastrado,Não cadastrado,Desconhecido
108.jpg,resultado_108.jpg,SPECIAL VALVE SYMBOLS,Não cadastrado,Não cadastrado,Desconhecido
108.jpg,resultado_108.jpg,SP-YZX,Não cadastrado,Não cadastrado,Desconhecido
108.jpg,resultado_108.jpg,X,Não cadastrado,Não cadastrado,Desconhecido
108.jpg,resultado_108.jpg,9ERLAL NUNBER,Não cadastrado,Não cadastrado,Desconhecido
108.jpg,resultado_108.jpg,3 WAYPLUG VALVE,Não cadastrado,Não cadastrado,Desconhecido
108.jpg,resultado_108.jpg,LWAYPLUG VALVE,Não cadastrado,Não cadastrado,Desconhecido
108.jpg,resultado_108.jpg,1,Não cadastrado,Não cadastrado,Desconhecido
108.jpg,resultado_108.jpg,INTERMITTENT ALOWDOWN VAIVE,Não cadastrado,Não cadastrado,Desconhecido
108.jpg,resultado_108.jpg,ANGLE CONTINJOUS BLOWDOWN VA_VE,Não cadastrado,Não cadastrado,Desconhecido
108.jpg,resultado_108.jpg,SPECIAL CHECK VALVE,Não cadastrado,Não cadastrado,Desconhecido
108.jpg,resultado_108.jpg,(NOTE,Não cadastrado,Não cadastrado,Desconhecido
108.jpg,resultado_108.jpg,AUTC RECIRCULATION VALVE,Não cadastrado,Não cadastrado,Desconhecido
108.jpg,resultado_108.jpg,SPECIAL 9AMFLING VALVE (WIH JACKET),Não cadastrado,Não cadastrado,Desconhecido
108.jpg,resultado_108.jpg,JACKETI,Não cadastrado,Não cadastrado,Desconhecido
108.jpg,resultado_108.jpg,9FNFLING,Não cadastrado,Não cadastrado,Desconhecido
108.jpg,resultado_108.jpg,SPECEL,Não cadastrado,Não cadastrado,Desconhecido
108.jpg,resultado_108.jpg,RECIRCULI,Não cadastrado,Não cadastrado,Desconhecido
108.jpg,resultado_108.jpg,CHECK,Não cadastrado,Não cadastrado,Desconhecido
108.jpg,resultado_108.jpg,CPECUL,Não cadastrado,Não cadastrado,Desconhecido
108.jpg,resultado_108.jpg,BLOWDOWN,Não cadastrado,Não cadastrado,Desconhecido
108.jpg,resultado_108.jpg,INTERTT,Não cadastrado,Não cadastrado,Desconhecido
108.jpg,resultado_108.jpg,NUKBER,Não cadastrado,Não cadastrado,Desconhecido
108.jpg,resultado_108.jpg,SYSTEN,Não cadastrado,Não cadastrado,Desconhecido
resultado_108.jpg,resultado_resultado_108.jpg,SP-YZX,Não cadastrado,Não cadastrado,Desconhecido
resultado_108.jpg,resultado_resultado_108.jpg,18,Não cadastrado,Não cadastrado,Desconhecido
resultado_108.jpg,resultado_resultado_108.jpg,OBJ 17,Não cadastrado,Não cadastrado,Desconhecido
resultado_108.jpg,resultado_resultado_108.jpg,3WAY BALL VNLVE,Não cadastrado,Não cadastrado,Desconhecido
resultado_108.jpg,resultado_resultado_108.jpg,OBJ 16,Não cadastrado,Não cadastrado,Desconhecido
resultado_108.jpg,resultado_resultado_108.jpg,3 WAYPLUG VALVE,Não cadastrado,Não cadastrado,Desconhecido
resultado_108.jpg,resultado_resultado_108.jpg,OBJ 15,Não cadastrado,Não cadastrado,Desconhecido
resultado_108.jpg,resultado_resultado_108.jpg,LWAYPLUG VALVE,Não cadastrado,Não cadastrado,Desconhecido
resultado_108.jpg,resultado_resultado_108.jpg,OBJ,Não cadastrado,Não cadastrado,Desconhecido
resultado_108.jpg,resultado_resultado_108.jpg,OBJ 13,Não cadastrado,Não cadastrado,Desconhecido
resultado_108.jpg,resultado_resultado_108.jpg,OBJ 12,Não cadastrado,Não cadastrado,Desconhecido
resultado_108.jpg,resultado_resultado_108.jpg,OBJ 10,Não cadastrado,Não cadastrado,Desconhecido
resultado_108.jpg,resultado_resultado_108.jpg,OBJ 9,Não cadastrado,Não cadastrado,Desconhecido
resultado_108.jpg,resultado_resultado_108.jpg,OBJ 8,Não cadastrado,Não cadastrado,Desconhecido
resultado_108.jpg,resultado_resultado_108.jpg,(NOTE,Não cadastrado,Não cadastrado,Desconhecido
resultado_108.jpg,resultado_resultado_108.jpg,OBJ 6,Não cadastrado,Não cadastrado,Desconhecido
resultado_108.jpg,resultado_resultado_108.jpg,OBJ 5,Não cadastrado,Não cadastrado,Desconhecido
resultado_108.jpg,resultado_resultado_108.jpg,OBJ 3,Não cadastrado,Não cadastrado,Desconhecido
resultado_108.jpg,resultado_resultado_108.jpg,OBJ 2,Não cadastrado,Não cadastrado,Desconhecido
resultado_108.jpg,resultado_resultado_108.jpg,AUTC REECIRCULATION,Não cadastrado,Não cadastrado,Desconhecido
resultado_108.jpg,resultado_resultado_108.jpg,SYHEHCODE,Não cadastrado,Não cadastrado,Desconhecido
resultado_108.jpg,resultado_resultado_108.jpg,SPECIAL VALVE SYMBOLS,Não cadastrado,Não cadastrado,Desconhecido
109.jpg,resultado_109.jpg,ATTRIBUTE OF VALVES,Não cadastrado,Não cadastrado,Desconhecido
109.jpg,resultado_109.jpg,"VALVE TYFE TO BE PER VALVE SYVBOLS,",Não cadastrado,Não cadastrado,Desconhecido
109.jpg,resultado_109.jpg,18,Não cadastrado,Não cadastrado,Desconhecido
109.jpg,resultado_109.jpg,FULL BORE VALVE,Não cadastrado,Não cadastrado,Desconhecido
109.jpg,resultado_109.jpg,FUM J4CKETED VALVE,Não cadastrado,Não cadastrado,Desconhecido
109.jpg,resultado_109.jpg,92MJACKETED VALVE,Não cadastrado,Não cadastrado,Desconhecido
109.jpg,resultado_109.jpg,VENT HCLE,Não cadastrado,Não cadastrado,Desconhecido
109.jpg,resultado_109.jpg,CHECK VALVE WTH DRAIN HOLE,Não cadastrado,Não cadastrado,Desconhecido
109.jpg,resultado_109.jpg,D,Não cadastrado,Não cadastrado,Desconhecido
109.jpg,resultado_109.jpg,HIGHER RATING VALVE,Não cadastrado,Não cadastrado,Desconhecido
109.jpg,resultado_109.jpg,HIGHER,Não cadastrado,Não cadastrado,Desconhecido
109.jpg,resultado_109.jpg,CHECK,Não cadastrado,Não cadastrado,Desconhecido
109.jpg,resultado_109.jpg,JACRETED,Não cadastrado,Não cadastrado,Desconhecido
109.jpg,resultado_109.jpg,SYKBOLS,Não cadastrado,Não cadastrado,Desconhecido
resultado_109.jpg,resultado_resultado_109.jpg,ATTRIBUTE OF VALVESBBJ 11,Não cadastrado,Não cadastrado,Desconhecido
resultado_109.jpg,resultado_resultado_109.jpg,"OPI,1O",Não cadastrado,Não cadastrado,Desconhecido
resultado_109.jpg,resultado_resultado_109.jpg,FULL BORE VALVE,Não cadastrado,Não cadastrado,Desconhecido
resultado_109.jpg,resultado_resultado_109.jpg,OBJ 8,Não cadastrado,Não cadastrado,Desconhecido
resultado_109.jpg,resultado_resultado_109.jpg,OBJ 6,Não cadastrado,Não cadastrado,Desconhecido
resultado_109.jpg,resultado_resultado_109.jpg,VALVEWIH VEXT HCLE,Não cadastrado,Não cadastrado,Desconhecido
resultado_109.jpg,resultado_resultado_109.jpg,(NQIE 5,Não cadastrado,Não cadastrado,Desconhecido
resultado_109.jpg,resultado_resultado_109.jpg,CHEC,Não cadastrado,Não cadastrado,Desconhecido
resultado_109.jpg,resultado_resultado_109.jpg,VALVE WTH DRAIN HOLE,Não cadastrado,Não cadastrado,Desconhecido
resultado_109.jpg,resultado_resultado_109.jpg,OBJ 3,Não cadastrado,Não cadastrado,Desconhecido
resultado_109.jpg,resultado_resultado_109.jpg,OBJ 2,Não cadastrado,Não cadastrado,Desconhecido
resultado_109.jpg,resultado_resultado_109.jpg,HINARIRATING VALVE,Não cadastrado,Não cadastrado,Desconhecido
resultado_109.jpg,resultado_resultado_109.jpg,HIIAIEEI,Não cadastrado,Não cadastrado,Desconhecido
resultado_109.jpg,resultado_resultado_109.jpg,CHECI,Não cadastrado,Não cadastrado,Desconhecido
resultado_109.jpg,resultado_resultado_109.jpg,FUL,Não cadastrado,Não cadastrado,Desconhecido
resultado_109.jpg,resultado_resultado_109.jpg,"OBI,1O",Não cadastrado,Não cadastrado,Desconhecido
resultado_109.jpg,resultado_resultado_109.jpg,ATTRIBUTE QF VALVESHB),Não cadastrado,Não cadastrado,Desconhecido
110.jpg,resultado_110.jpg,"""ZO",Não cadastrado,Não cadastrado,Desconhecido
110.jpg,resultado_110.jpg,LOCKED CLOSED VALVE WITK INERLOC < 9YSTEM,Não cadastrado,Não cadastrado,Desconhecido
110.jpg,resultado_110.jpg,NORHALLY CLOSED VALVE,Não cadastrado,Não cadastrado,Desconhecido
110.jpg,resultado_110.jpg,LOCKED OFEN,Não cadastrado,Não cadastrado,Desconhecido
110.jpg,resultado_110.jpg,LOCKFD CLOSE,Não cadastrado,Não cadastrado,Desconhecido
110.jpg,resultado_110.jpg,LOCRFD,Não cadastrado,Não cadastrado,Desconhecido
110.jpg,resultado_110.jpg,LOCKED,Não cadastrado,Não cadastrado,Desconhecido
110.jpg,resultado_110.jpg,CLOSED,Não cadastrado,Não cadastrado,Desconhecido
110.jpg,resultado_110.jpg,NORMALL,Não cadastrado,Não cadastrado,Desconhecido
110.jpg,resultado_110.jpg,NORHA,Não cadastrado,Não cadastrado,Desconhecido
110.jpg,resultado_110.jpg,CLCSED,Não cadastrado,Não cadastrado,Desconhecido
110.jpg,resultado_110.jpg,WTERL,Não cadastrado,Não cadastrado,Desconhecido
resultado_110.jpg,resultado_resultado_110.jpg,OBJ 20,Não cadastrado,Não cadastrado,Desconhecido
resultado_110.jpg,resultado_resultado_110.jpg,OBJ 19,Não cadastrado,Não cadastrado,Desconhecido
resultado_110.jpg,resultado_resultado_110.jpg,OBJ 18,Não cadastrado,Não cadastrado,Desconhecido
resultado_110.jpg,resultado_resultado_110.jpg,OBJ 17,Não cadastrado,Não cadastrado,Desconhecido
resultado_110.jpg,resultado_resultado_110.jpg,OBJ 16,Não cadastrado,Não cadastrado,Desconhecido
resultado_110.jpg,resultado_resultado_110.jpg,OBJ 14   OBJ 13,Não cadastrado,Não cadastrado,Desconhecido
resultado_110.jpg,resultado_resultado_110.jpg,OBJ 12,Não cadastrado,Não cadastrado,Desconhecido
resultado_110.jpg,resultado_resultado_110.jpg,OBJ 11,Não cadastrado,Não cadastrado,Desconhecido
resultado_110.jpg,resultado_resultado_110.jpg,OBJ 9,Não cadastrado,Não cadastrado,Desconhecido
resultado_110.jpg,resultado_resultado_110.jpg,OBJ 8,Não cadastrado,Não cadastrado,Desconhecido
resultado_110.jpg,resultado_resultado_110.jpg,VALVE,Não cadastrado,Não cadastrado,Desconhecido
resultado_110.jpg,resultado_resultado_110.jpg,OBP,Não cadastrado,Não cadastrado,Desconhecido
resultado_110.jpg,resultado_resultado_110.jpg,OBJ 6,Não cadastrado,Não cadastrado,Desconhecido
resultado_110.jpg,resultado_resultado_110.jpg,OBJ 5,Não cadastrado,Não cadastrado,Desconhecido
resultado_110.jpg,resultado_resultado_110.jpg,OB,Não cadastrado,Não cadastrado,Desconhecido
resultado_110.jpg,resultado_resultado_110.jpg,OBJ 3,Não cadastrado,Não cadastrado,Desconhecido
resultado_110.jpg,resultado_resultado_110.jpg,OFEN,Não cadastrado,Não cadastrado,Desconhecido
resultado_110.jpg,resultado_resultado_110.jpg,OBJ 1,Não cadastrado,Não cadastrado,Desconhecido
resultado_110.jpg,resultado_resultado_110.jpg,ICIEDIOFEM,Não cadastrado,Não cadastrado,Desconhecido
resultado_110.jpg,resultado_resultado_110.jpg,OBJ 2,Não cadastrado,Não cadastrado,Desconhecido
resultado_110.jpg,resultado_resultado_110.jpg,OBR,Não cadastrado,Não cadastrado,Desconhecido
resultado_110.jpg,resultado_resultado_110.jpg,05F10,Não cadastrado,Não cadastrado,Desconhecido
111.jpg,resultado_111.jpg,PSV,Não cadastrado,Não cadastrado,Desconhecido
111.jpg,resultado_111.jpg,PSET-I0.OIMPAG,Não cadastrado,Não cadastrado,Desconhecido
111.jpg,resultado_111.jpg,PSET=10.01MPAG,Não cadastrado,Não cadastrado,Desconhecido
111.jpg,resultado_111.jpg,WHAT INFORMATION IS SHOWN,Não cadastrado,Não cadastrado,Desconhecido
111.jpg,resultado_111.jpg,NQTE,Não cadastrado,Não cadastrado,Desconhecido
111.jpg,resultado_111.jpg,9,Não cadastrado,Não cadastrado,Desconhecido
111.jpg,resultado_111.jpg,"1,90",Não cadastrado,Não cadastrado,Desconhecido
111.jpg,resultado_111.jpg,KIHE,Não cadastrado,Não cadastrado,Desconhecido
111.jpg,resultado_111.jpg,1.90,Não cadastrado,Não cadastrado,Desconhecido
111.jpg,resultado_111.jpg,IN THE RED BUBBLE?,Não cadastrado,Não cadastrado,Desconhecido
111.jpg,resultado_111.jpg,[PS4,Não cadastrado,Não cadastrado,Desconhecido
111.jpg,resultado_111.jpg,NOTE,Não cadastrado,Não cadastrado,Desconhecido
111.jpg,resultado_111.jpg,FB /LO,Não cadastrado,Não cadastrado,Desconhecido
111.jpg,resultado_111.jpg,FB/LC,Não cadastrado,Não cadastrado,Desconhecido
111.jpg,resultado_111.jpg,0013,Não cadastrado,Não cadastrado,Desconhecido
111.jpg,resultado_111.jpg,5,Não cadastrado,Não cadastrado,Desconhecido
111.jpg,resultado_111.jpg,3,Não cadastrado,Não cadastrado,Desconhecido
111.jpg,resultado_111.jpg,"3""_PO96-I5A-V",Não cadastrado,Não cadastrado,Desconhecido
111.jpg,resultado_111.jpg,48,Não cadastrado,Não cadastrado,Desconhecido
111.jpg,resultado_111.jpg,P_J-085I1,Não cadastrado,Não cadastrado,Desconhecido
111.jpg,resultado_111.jpg,RECE VING SCRAPER TRAP,Não cadastrado,Não cadastrado,Desconhecido
111.jpg,resultado_111.jpg,9.85,Não cadastrado,Não cadastrado,Desconhecido
111.jpg,resultado_111.jpg,+286900,Não cadastrado,Não cadastrado,Desconhecido
111.jpg,resultado_111.jpg,V-001,Não cadastrado,Não cadastrado,Desconhecido
111.jpg,resultado_111.jpg,LC,Não cadastrado,Não cadastrado,Desconhecido
111.jpg,resultado_111.jpg,LSHL,Não cadastrado,Não cadastrado,Desconhecido
111.jpg,resultado_111.jpg,LSH,Não cadastrado,Não cadastrado,Desconhecido
111.jpg,resultado_111.jpg,LAH,Não cadastrado,Não cadastrado,Desconhecido
111.jpg,resultado_111.jpg,0002,Não cadastrado,Não cadastrado,Desconhecido
111.jpg,resultado_111.jpg,0034,Não cadastrado,Não cadastrado,Desconhecido
111.jpg,resultado_111.jpg,NQIE,Não cadastrado,Não cadastrado,Desconhecido
111.jpg,resultado_111.jpg,EL+265000,Não cadastrado,Não cadastrado,Desconhecido
111.jpg,resultado_111.jpg,[OEI_,Não cadastrado,Não cadastrado,Desconhecido
111.jpg,resultado_111.jpg,BY_VENDOR,Não cadastrado,Não cadastrado,Desconhecido
111.jpg,resultado_111.jpg,-BDOOL_ISA_V,Não cadastrado,Não cadastrado,Desconhecido
111.jpg,resultado_111.jpg,P 3 08511,Não cadastrado,Não cadastrado,Desconhecido
111.jpg,resultado_111.jpg,RECEMNG SCRAPER TRAP,Não cadastrado,Não cadastrado,Desconhecido
111.jpg,resultado_111.jpg,"79,85",Não cadastrado,Não cadastrado,Desconhecido
111.jpg,resultado_111.jpg,PSET=10. 01MPAG,Não cadastrado,Não cadastrado,Desconhecido
111.jpg,resultado_111.jpg,0031,Não cadastrado,Não cadastrado,Desconhecido
111.jpg,resultado_111.jpg,PO95_ILA-V,Não cadastrado,Não cadastrado,Desconhecido
111.jpg,resultado_111.jpg,900#,Não cadastrado,Não cadastrado,Desconhecido
111.jpg,resultado_111.jpg,"2""_POOIB-15A-V",Não cadastrado,Não cadastrado,Desconhecido
111.jpg,resultado_111.jpg,2,Não cadastrado,Não cadastrado,Desconhecido
111.jpg,resultado_111.jpg,"2""_POGJ-ISA-V",Não cadastrado,Não cadastrado,Desconhecido
111.jpg,resultado_111.jpg,0019,Não cadastrado,Não cadastrado,Desconhecido
111.jpg,resultado_111.jpg,0032,Não cadastrado,Não cadastrado,Desconhecido
111.jpg,resultado_111.jpg,00JJ,Não cadastrado,Não cadastrado,Desconhecido
111.jpg,resultado_111.jpg,P_3-08511,Não cadastrado,Não cadastrado,Desconhecido
111.jpg,resultado_111.jpg,TRAP,Não cadastrado,Não cadastrado,Desconhecido
111.jpg,resultado_111.jpg,NOTE 5,Não cadastrado,Não cadastrado,Desconhecido
111.jpg,resultado_111.jpg,EL+261000,Não cadastrado,Não cadastrado,Desconhecido
111.jpg,resultado_111.jpg,3/4,Não cadastrado,Não cadastrado,Desconhecido
111.jpg,resultado_111.jpg,CDOI,Não cadastrado,Não cadastrado,Desconhecido
111.jpg,resultado_111.jpg,"4""X2""",Não cadastrado,Não cadastrado,Desconhecido
111.jpg,resultado_111.jpg,V-003,Não cadastrado,Não cadastrado,Desconhecido
111.jpg,resultado_111.jpg,'LC,Não cadastrado,Não cadastrado,Desconhecido
111.jpg,resultado_111.jpg,FC,Fail Close,Falha de Válvula,Identificado
111.jpg,resultado_111.jpg,TOEI.,Não cadastrado,Não cadastrado,Desconhecido
111.jpg,resultado_111.jpg,BDOD4-154-E,Não cadastrado,Não cadastrado,Desconhecido
111.jpg,resultado_111.jpg,P-3-08590,Não cadastrado,Não cadastrado,Desconhecido
111.jpg,resultado_111.jpg,EL+259250,Não cadastrado,Não cadastrado,Desconhecido
111.jpg,resultado_111.jpg,"TCET,",Não cadastrado,Não cadastrado,Desconhecido
111.jpg,resultado_111.jpg,"3/4""",Não cadastrado,Não cadastrado,Desconhecido
111.jpg,resultado_111.jpg,CONDEYSATE BURNING PACKACE,Não cadastrado,Não cadastrado,Desconhecido
111.jpg,resultado_111.jpg,10,Não cadastrado,Não cadastrado,Desconhecido
111.jpg,resultado_111.jpg,START /STOP,Não cadastrado,Não cadastrado,Desconhecido
111.jpg,resultado_111.jpg,KSHH,Não cadastrado,Não cadastrado,Desconhecido
111.jpg,resultado_111.jpg,HS,Não cadastrado,Não cadastrado,Desconhecido
111.jpg,resultado_111.jpg,TONE /NOAIIA,Não cadastrado,Não cadastrado,Desconhecido
111.jpg,resultado_111.jpg,0041,Não cadastrado,Não cadastrado,Desconhecido
111.jpg,resultado_111.jpg,NOIE,Não cadastrado,Não cadastrado,Desconhecido
111.jpg,resultado_111.jpg,12,Não cadastrado,Não cadastrado,Desconhecido
111.jpg,resultado_111.jpg,STOP,Não cadastrado,Não cadastrado,Desconhecido
111.jpg,resultado_111.jpg,BDOOIA_ISA_V,Não cadastrado,Não cadastrado,Desconhecido
111.jpg,resultado_111.jpg,BDO04-I5A-E,Não cadastrado,Não cadastrado,Desconhecido
111.jpg,resultado_111.jpg,INOAIIA,Não cadastrado,Não cadastrado,Desconhecido
111.jpg,resultado_111.jpg,FO,Fail Open,Falha de Válvula,Identificado
111.jpg,resultado_111.jpg,0004,Não cadastrado,Não cadastrado,Desconhecido
111.jpg,resultado_111.jpg,MA,Não cadastrado,Não cadastrado,Desconhecido
111.jpg,resultado_111.jpg,BDOOIA_IS4_V,Não cadastrado,Não cadastrado,Desconhecido
111.jpg,resultado_111.jpg,LV,Não cadastrado,Não cadastrado,Desconhecido
111.jpg,resultado_111.jpg,LSHH,Não cadastrado,Não cadastrado,Desconhecido
111.jpg,resultado_111.jpg,TYP MJ,Não cadastrado,Não cadastrado,Desconhecido
111.jpg,resultado_111.jpg,45A-E,Não cadastrado,Não cadastrado,Desconhecido
111.jpg,resultado_111.jpg,B,Não cadastrado,Não cadastrado,Desconhecido
111.jpg,resultado_111.jpg,1,Não cadastrado,Não cadastrado,Desconhecido
111.jpg,resultado_111.jpg,0018,Não cadastrado,Não cadastrado,Desconhecido
111.jpg,resultado_111.jpg,TOET.,Não cadastrado,Não cadastrado,Desconhecido
111.jpg,resultado_111.jpg,MA-B,Não cadastrado,Não cadastrado,Desconhecido
111.jpg,resultado_111.jpg,TOEI:,Não cadastrado,Não cadastrado,Desconhecido
111.jpg,resultado_111.jpg,0C04,Não cadastrado,Não cadastrado,Desconhecido
111.jpg,resultado_111.jpg,C2O5,Não cadastrado,Não cadastrado,Desconhecido
111.jpg,resultado_111.jpg,"6""_BDOO2-MA-V",Não cadastrado,Não cadastrado,Desconhecido
111.jpg,resultado_111.jpg,246,Não cadastrado,Não cadastrado,Desconhecido
111.jpg,resultado_111.jpg,HOSE CONNECTION,Não cadastrado,Não cadastrado,Desconhecido
111.jpg,resultado_111.jpg,MH,Não cadastrado,Não cadastrado,Desconhecido
111.jpg,resultado_111.jpg,PF,Não cadastrado,Não cadastrado,Desconhecido
111.jpg,resultado_111.jpg,BEDIAIAIA TIDNIADEIAIED,Não cadastrado,Não cadastrado,Desconhecido
111.jpg,resultado_111.jpg,777777,Não cadastrado,Não cadastrado,Desconhecido
111.jpg,resultado_111.jpg,V-002,Não cadastrado,Não cadastrado,Desconhecido
111.jpg,resultado_111.jpg,-BDOOIC_WA-V,Não cadastrado,Não cadastrado,Desconhecido
111.jpg,resultado_111.jpg,EL+255500_,Não cadastrado,Não cadastrado,Desconhecido
111.jpg,resultado_111.jpg,P_001,Não cadastrado,Não cadastrado,Desconhecido
111.jpg,resultado_111.jpg,NOTE 10,Não cadastrado,Não cadastrado,Desconhecido
111.jpg,resultado_111.jpg,TOEI . 10,Não cadastrado,Não cadastrado,Desconhecido
111.jpg,resultado_111.jpg,INLET,Não cadastrado,Não cadastrado,Desconhecido
111.jpg,resultado_111.jpg,CAS FILTERS,Não cadastrado,Não cadastrado,Desconhecido
111.jpg,resultado_111.jpg,AOJAFUA,Não cadastrado,Não cadastrado,Desconhecido
111.jpg,resultado_111.jpg,NOT,Não cadastrado,Não cadastrado,Desconhecido
111.jpg,resultado_111.jpg,IDE,Não cadastrado,Não cadastrado,Desconhecido
111.jpg,resultado_111.jpg,EL+255500,Não cadastrado,Não cadastrado,Desconhecido
111.jpg,resultado_111.jpg,OE,Não cadastrado,Não cadastrado,Desconhecido
111.jpg,resultado_111.jpg,SP,Não cadastrado,Não cadastrado,Desconhecido
111.jpg,resultado_111.jpg,BE,Não cadastrado,Não cadastrado,Desconhecido
111.jpg,resultado_111.jpg,BDOIO_WA,Não cadastrado,Não cadastrado,Desconhecido
111.jpg,resultado_111.jpg,CONNE,Não cadastrado,Não cadastrado,Desconhecido
111.jpg,resultado_111.jpg,HOSE,Não cadastrado,Não cadastrado,Desconhecido
111.jpg,resultado_111.jpg,NQT,Não cadastrado,Não cadastrado,Desconhecido
111.jpg,resultado_111.jpg,NO,Não cadastrado,Não cadastrado,Desconhecido
111.jpg,resultado_111.jpg,0024,Não cadastrado,Não cadastrado,Desconhecido
111.jpg,resultado_111.jpg,'LSH,Não cadastrado,Não cadastrado,Desconhecido
111.jpg,resultado_111.jpg,LSL,Não cadastrado,Não cadastrado,Desconhecido
111.jpg,resultado_111.jpg,0C24,Não cadastrado,Não cadastrado,Desconhecido
111.jpg,resultado_111.jpg,K},Não cadastrado,Não cadastrado,Desconhecido
111.jpg,resultado_111.jpg,0205,Não cadastrado,Não cadastrado,Desconhecido
111.jpg,resultado_111.jpg,8,Não cadastrado,Não cadastrado,Desconhecido
111.jpg,resultado_111.jpg,NQ,Não cadastrado,Não cadastrado,Desconhecido
111.jpg,resultado_111.jpg,BLOQIA-ISA-V,Não cadastrado,Não cadastrado,Desconhecido
111.jpg,resultado_111.jpg,[781,Não cadastrado,Não cadastrado,Desconhecido
111.jpg,resultado_111.jpg,4SA-E,Não cadastrado,Não cadastrado,Desconhecido
111.jpg,resultado_111.jpg,JHQTE,Não cadastrado,Não cadastrado,Desconhecido
111.jpg,resultado_111.jpg,13,Não cadastrado,Não cadastrado,Desconhecido
111.jpg,resultado_111.jpg,TOEF.,Não cadastrado,Não cadastrado,Desconhecido
111.jpg,resultado_111.jpg,190,Não cadastrado,Não cadastrado,Desconhecido
111.jpg,resultado_111.jpg,"TOEI,",Não cadastrado,Não cadastrado,Desconhecido
111.jpg,resultado_111.jpg,"4""_BDOQIC_MA-V",Não cadastrado,Não cadastrado,Desconhecido
111.jpg,resultado_111.jpg,1S0,Não cadastrado,Não cadastrado,Desconhecido
111.jpg,resultado_111.jpg,TOEI .,Não cadastrado,Não cadastrado,Desconhecido
111.jpg,resultado_111.jpg,P-J-08515,Não cadastrado,Não cadastrado,Desconhecido
111.jpg,resultado_111.jpg,-0851,Não cadastrado,Não cadastrado,Desconhecido
111.jpg,resultado_111.jpg,BDOOI,Não cadastrado,Não cadastrado,Desconhecido
111.jpg,resultado_111.jpg,(LSHH,Não cadastrado,Não cadastrado,Desconhecido
111.jpg,resultado_111.jpg,BDOC4,Não cadastrado,Não cadastrado,Desconhecido
111.jpg,resultado_111.jpg,BDOOIA-ISA-,Não cadastrado,Não cadastrado,Desconhecido
111.jpg,resultado_111.jpg,ASHH,Não cadastrado,Não cadastrado,Desconhecido
111.jpg,resultado_111.jpg,OHODLL,Não cadastrado,Não cadastrado,Desconhecido
111.jpg,resultado_111.jpg,RT/ST,Não cadastrado,Não cadastrado,Desconhecido
111.jpg,resultado_111.jpg,INAAI,Não cadastrado,Não cadastrado,Desconhecido
111.jpg,resultado_111.jpg,ACKACE,Não cadastrado,Não cadastrado,Desconhecido
111.jpg,resultado_111.jpg,BURNING,Não cadastrado,Não cadastrado,Desconhecido
111.jpg,resultado_111.jpg,RT /STOP,Não cadastrado,Não cadastrado,Desconhecido
111.jpg,resultado_111.jpg,ANOAIIA,Não cadastrado,Não cadastrado,Desconhecido
111.jpg,resultado_111.jpg,TE,Não cadastrado,Não cadastrado,Desconhecido
111.jpg,resultado_111.jpg,I,Não cadastrado,Não cadastrado,Desconhecido
111.jpg,resultado_111.jpg,BDO04,Não cadastrado,Não cadastrado,Desconhecido
111.jpg,resultado_111.jpg,P_3-08590,Não cadastrado,Não cadastrado,Desconhecido
111.jpg,resultado_111.jpg,3-08590,Não cadastrado,Não cadastrado,Desconhecido
111.jpg,resultado_111.jpg,SCRAPRR,Não cadastrado,Não cadastrado,Desconhecido
111.jpg,resultado_111.jpg,RECBMNG,Não cadastrado,Não cadastrado,Desconhecido
111.jpg,resultado_111.jpg,08511,Não cadastrado,Não cadastrado,Desconhecido
111.jpg,resultado_111.jpg,RECHMNC SCRAPER,Não cadastrado,Não cadastrado,Desconhecido
111.jpg,resultado_111.jpg,P-S-C,Não cadastrado,Não cadastrado,Desconhecido
111.jpg,resultado_111.jpg,3-0851,Não cadastrado,Não cadastrado,Desconhecido
111.jpg,resultado_111.jpg,"2""_POG3-ISA-V",Não cadastrado,Não cadastrado,Desconhecido
111.jpg,resultado_111.jpg,0033,Não cadastrado,Não cadastrado,Desconhecido
111.jpg,resultado_111.jpg,G2,Não cadastrado,Não cadastrado,Desconhecido
111.jpg,resultado_111.jpg,EL+261C00,Não cadastrado,Não cadastrado,Desconhecido
111.jpg,resultado_111.jpg,EL+259250_,Não cadastrado,Não cadastrado,Desconhecido
111.jpg,resultado_111.jpg,TOEI. 10,Não cadastrado,Não cadastrado,Desconhecido
111.jpg,resultado_111.jpg,BDOOIA_I5A_V,Não cadastrado,Não cadastrado,Desconhecido
111.jpg,resultado_111.jpg,15A-E,Não cadastrado,Não cadastrado,Desconhecido
111.jpg,resultado_111.jpg,TOET .,Não cadastrado,Não cadastrado,Desconhecido
111.jpg,resultado_111.jpg,IDEI.,Não cadastrado,Não cadastrado,Desconhecido
111.jpg,resultado_111.jpg,0102,Não cadastrado,Não cadastrado,Desconhecido
111.jpg,resultado_111.jpg,4*_BDOOIC_WA-V,Não cadastrado,Não cadastrado,Desconhecido
111.jpg,resultado_111.jpg,NOTE 13,Não cadastrado,Não cadastrado,Desconhecido
111.jpg,resultado_111.jpg,TOEI. 13,Não cadastrado,Não cadastrado,Desconhecido
111.jpg,resultado_111.jpg,[78],Não cadastrado,Não cadastrado,Desconhecido
111.jpg,resultado_111.jpg,FC ),Não cadastrado,Não cadastrado,Desconhecido
111.jpg,resultado_111.jpg,(LSHL,Não cadastrado,Não cadastrado,Desconhecido
111.jpg,resultado_111.jpg,POOIB-154 -,Não cadastrado,Não cadastrado,Desconhecido
111.jpg,resultado_111.jpg,3O0#,Não cadastrado,Não cadastrado,Desconhecido
111.jpg,resultado_111.jpg,003I,Não cadastrado,Não cadastrado,Desconhecido
111.jpg,resultado_111.jpg,3_P094_154-V,Não cadastrado,Não cadastrado,Desconhecido
111.jpg,resultado_111.jpg,J,Não cadastrado,Não cadastrado,Desconhecido
111.jpg,resultado_111.jpg,"9,35",Não cadastrado,Não cadastrado,Desconhecido
111.jpg,resultado_111.jpg,"2""_POOIB-154 -",Não cadastrado,Não cadastrado,Desconhecido
111.jpg,resultado_111.jpg,"2""_PO93-ISA-V",Não cadastrado,Não cadastrado,Desconhecido
111.jpg,resultado_111.jpg,BYVENDOR,Não cadastrado,Não cadastrado,Desconhecido
111.jpg,resultado_111.jpg,IINOAQUEE,Não cadastrado,Não cadastrado,Desconhecido
111.jpg,resultado_111.jpg,EL+ 265000,Não cadastrado,Não cadastrado,Desconhecido
111.jpg,resultado_111.jpg,EL+266900,Não cadastrado,Não cadastrado,Desconhecido
111.jpg,resultado_111.jpg,SCRAPER,Não cadastrado,Não cadastrado,Desconhecido
111.jpg,resultado_111.jpg,00J4,Não cadastrado,Não cadastrado,Desconhecido
111.jpg,resultado_111.jpg,985,Não cadastrado,Não cadastrado,Desconhecido
111.jpg,resultado_111.jpg,FL+266900,Não cadastrado,Não cadastrado,Desconhecido
111.jpg,resultado_111.jpg,J-C85I,Não cadastrado,Não cadastrado,Desconhecido
111.jpg,resultado_111.jpg,P096-,Não cadastrado,Não cadastrado,Desconhecido
111.jpg,resultado_111.jpg,TOE,Não cadastrado,Não cadastrado,Desconhecido
111.jpg,resultado_111.jpg,FSP,Não cadastrado,Não cadastrado,Desconhecido
111.jpg,resultado_111.jpg,3/4',Não cadastrado,Não cadastrado,Desconhecido
111.jpg,resultado_111.jpg,IE],Não cadastrado,Não cadastrado,Desconhecido
111.jpg,resultado_111.jpg,54,Não cadastrado,Não cadastrado,Desconhecido
111.jpg,resultado_111.jpg,NOTF,Não cadastrado,Não cadastrado,Desconhecido
111.jpg,resultado_111.jpg,E,Não cadastrado,Não cadastrado,Desconhecido
111.jpg,resultado_111.jpg,D,Não cadastrado,Não cadastrado,Desconhecido
111.jpg,resultado_111.jpg,H,Não cadastrado,Não cadastrado,Desconhecido
111.jpg,resultado_111.jpg,300#,Não cadastrado,Não cadastrado,Desconhecido
111.jpg,resultado_111.jpg,3004,Não cadastrado,Não cadastrado,Desconhecido
111.jpg,resultado_111.jpg,W,Não cadastrado,Não cadastrado,Desconhecido
111.jpg,resultado_111.jpg,0,Não cadastrado,Não cadastrado,Desconhecido
111.jpg,resultado_111.jpg,A,Não cadastrado,Não cadastrado,Desconhecido
111.jpg,resultado_111.jpg,M,Não cadastrado,Não cadastrado,Desconhecido
111.jpg,resultado_111.jpg,MPAG,Não cadastrado,Não cadastrado,Desconhecido
111.jpg,resultado_111.jpg,5A-VWIA,Não cadastrado,Não cadastrado,Desconhecido
111.jpg,resultado_111.jpg,15A-,Não cadastrado,Não cadastrado,Desconhecido
111.jpg,resultado_111.jpg,900;,Não cadastrado,Não cadastrado,Desconhecido
111.jpg,resultado_111.jpg,PSET-I0 O1MPAG,Não cadastrado,Não cadastrado,Desconhecido
111.jpg,resultado_111.jpg,'SET=10.O1MPAG,Não cadastrado,Não cadastrado,Desconhecido
111.jpg,resultado_111.jpg,ODIO,Não cadastrado,Não cadastrado,Desconhecido
111.jpg,resultado_111.jpg,4,Não cadastrado,Não cadastrado,Desconhecido
111.jpg,resultado_111.jpg,J],Não cadastrado,Não cadastrado,Desconhecido
111.jpg,resultado_111.jpg,JH,Não cadastrado,Não cadastrado,Desconhecido
111.jpg,resultado_111.jpg,"3/4""69",Não cadastrado,Não cadastrado,Desconhecido
111.jpg,resultado_111.jpg,'900#,Não cadastrado,Não cadastrado,Desconhecido
111.jpg,resultado_111.jpg,FB/LO,Não cadastrado,Não cadastrado,Desconhecido
111.jpg,resultado_111.jpg,"TDEJ,",Não cadastrado,Não cadastrado,Desconhecido
111.jpg,resultado_111.jpg,KZ,Não cadastrado,Não cadastrado,Desconhecido
111.jpg,resultado_111.jpg,"3""_PO96-154-V",Não cadastrado,Não cadastrado,Desconhecido
111.jpg,resultado_111.jpg,"9,85",Não cadastrado,Não cadastrado,Desconhecido
111.jpg,resultado_111.jpg,5900,Não cadastrado,Não cadastrado,Desconhecido
111.jpg,resultado_111.jpg,0O31,Não cadastrado,Não cadastrado,Desconhecido
111.jpg,resultado_111.jpg,0022,Não cadastrado,Não cadastrado,Desconhecido
111.jpg,resultado_111.jpg,'TOEI .,Não cadastrado,Não cadastrado,Desconhecido
111.jpg,resultado_111.jpg,BY_VENDOR_,Não cadastrado,Não cadastrado,Desconhecido
111.jpg,resultado_111.jpg,TINODQUEE,Não cadastrado,Não cadastrado,Desconhecido
111.jpg,resultado_111.jpg,"2""",Não cadastrado,Não cadastrado,Desconhecido
111.jpg,resultado_111.jpg,"4""X2'",Não cadastrado,Não cadastrado,Desconhecido
111.jpg,resultado_111.jpg,IOEI.,Não cadastrado,Não cadastrado,Desconhecido
111.jpg,resultado_111.jpg,BDOC4-I54-E,Não cadastrado,Não cadastrado,Desconhecido
111.jpg,resultado_111.jpg,31C,Não cadastrado,Não cadastrado,Desconhecido
111.jpg,resultado_111.jpg,X,Não cadastrado,Não cadastrado,Desconhecido
111.jpg,resultado_111.jpg,00,Não cadastrado,Não cadastrado,Desconhecido
111.jpg,resultado_111.jpg,45A-V,Não cadastrado,Não cadastrado,Desconhecido
111.jpg,resultado_111.jpg,JA-V,Não cadastrado,Não cadastrado,Desconhecido
111.jpg,resultado_111.jpg,PSET=I0.,Não cadastrado,Não cadastrado,Desconhecido
111.jpg,resultado_111.jpg,LOIMPAG,Não cadastrado,Não cadastrado,Desconhecido
111.jpg,resultado_111.jpg,POGZ_I1A,Não cadastrado,Não cadastrado,Desconhecido
111.jpg,resultado_111.jpg,"03/4""",Não cadastrado,Não cadastrado,Desconhecido
111.jpg,resultado_111.jpg,"J""_PO96_454-V",Não cadastrado,Não cadastrado,Desconhecido
111.jpg,resultado_111.jpg,(ODIO,Não cadastrado,Não cadastrado,Desconhecido
resultado_111.jpg,resultado_resultado_111.jpg,TOEL .,Não cadastrado,Não cadastrado,Desconhecido
resultado_111.jpg,resultado_resultado_111.jpg,P_,Não cadastrado,Não cadastrado,Desconhecido
resultado_111.jpg,resultado_resultado_111.jpg,OO,Não cadastrado,Não cadastrado,Desconhecido
resultado_111.jpg,resultado_resultado_111.jpg,NOTE 10,Não cadastrado,Não cadastrado,Desconhecido
resultado_111.jpg,resultado_resultado_111.jpg,OBJ 5,Não cadastrado,Não cadastrado,Desconhecido
resultado_111.jpg,resultado_resultado_111.jpg,13,Não cadastrado,Não cadastrado,Desconhecido
resultado_111.jpg,resultado_resultado_111.jpg,NQTE,Não cadastrado,Não cadastrado,Desconhecido
resultado_111.jpg,resultado_resultado_111.jpg,FO,Fail Open,Falha de Válvula,Identificado
resultado_111.jpg,resultado_resultado_111.jpg,0102,Não cadastrado,Não cadastrado,Desconhecido
resultado_111.jpg,resultado_resultado_111.jpg,V-002,Não cadastrado,Não cadastrado,Desconhecido
resultado_111.jpg,resultado_resultado_111.jpg,OBJ,Não cadastrado,Não cadastrado,Desconhecido
resultado_111.jpg,resultado_resultado_111.jpg,P_OO,Não cadastrado,Não cadastrado,Desconhecido
resultado_111.jpg,resultado_resultado_111.jpg,OBJ !,Não cadastrado,Não cadastrado,Desconhecido
resultado_111.jpg,resultado_resultado_111.jpg,OBJ 8,Não cadastrado,Não cadastrado,Desconhecido
resultado_111.jpg,resultado_resultado_111.jpg,EL+255500,Não cadastrado,Não cadastrado,Desconhecido
resultado_111.jpg,resultado_resultado_111.jpg,0002,Não cadastrado,Não cadastrado,Desconhecido
resultado_111.jpg,resultado_resultado_111.jpg,OBJ 106,Não cadastrado,Não cadastrado,Desconhecido
resultado_111.jpg,resultado_resultado_111.jpg,"14""",Não cadastrado,Não cadastrado,Desconhecido
resultado_111.jpg,resultado_resultado_111.jpg,BDOIO-MIA_,Não cadastrado,Não cadastrado,Desconhecido
resultado_111.jpg,resultado_resultado_111.jpg,OBJ 10,Não cadastrado,Não cadastrado,Desconhecido
resultado_111.jpg,resultado_resultado_111.jpg,OBJ 105,Não cadastrado,Não cadastrado,Desconhecido
resultado_111.jpg,resultado_resultado_111.jpg,OBJ 9,Não cadastrado,Não cadastrado,Desconhecido
resultado_111.jpg,resultado_resultado_111.jpg,OBJ 104,Não cadastrado,Não cadastrado,Desconhecido
resultado_111.jpg,resultado_resultado_111.jpg,~BDOOIC_WA-V,Não cadastrado,Não cadastrado,Desconhecido
resultado_111.jpg,resultado_resultado_111.jpg,1S0,Não cadastrado,Não cadastrado,Desconhecido
resultado_111.jpg,resultado_resultado_111.jpg,OBJ 6,Não cadastrado,Não cadastrado,Desconhecido
resultado_111.jpg,resultado_resultado_111.jpg,6_BDOO}_IIA-B,Não cadastrado,Não cadastrado,Desconhecido
resultado_111.jpg,resultado_resultado_111.jpg,N8,Não cadastrado,Não cadastrado,Desconhecido
resultado_111.jpg,resultado_resultado_111.jpg,NOTE 13,Não cadastrado,Não cadastrado,Desconhecido
resultado_111.jpg,resultado_resultado_111.jpg,TOEI. 13,Não cadastrado,Não cadastrado,Desconhecido
resultado_111.jpg,resultado_resultado_111.jpg,LSH,Não cadastrado,Não cadastrado,Desconhecido
resultado_111.jpg,resultado_resultado_111.jpg,J05,Não cadastrado,Não cadastrado,Desconhecido
resultado_111.jpg,resultado_resultado_111.jpg,OBI,Não cadastrado,Não cadastrado,Desconhecido
resultado_111.jpg,resultado_resultado_111.jpg,PF,Não cadastrado,Não cadastrado,Desconhecido
resultado_111.jpg,resultado_resultado_111.jpg,DBJ 34,Não cadastrado,Não cadastrado,Desconhecido
resultado_111.jpg,resultado_resultado_111.jpg,OBJ 23,Não cadastrado,Não cadastrado,Desconhecido
resultado_111.jpg,resultado_resultado_111.jpg,B,Não cadastrado,Não cadastrado,Desconhecido
resultado_111.jpg,resultado_resultado_111.jpg,OBJ 19,Não cadastrado,Não cadastrado,Desconhecido
resultado_111.jpg,resultado_resultado_111.jpg,OBJ 18,Não cadastrado,Não cadastrado,Desconhecido
resultado_111.jpg,resultado_resultado_111.jpg,OBJ 41,Não cadastrado,Não cadastrado,Desconhecido
resultado_111.jpg,resultado_resultado_111.jpg,"6""_BDOOZ-M1A-V",Não cadastrado,Não cadastrado,Desconhecido
resultado_111.jpg,resultado_resultado_111.jpg,0J3,Não cadastrado,Não cadastrado,Desconhecido
resultado_111.jpg,resultado_resultado_111.jpg,4SA-E,Não cadastrado,Não cadastrado,Desconhecido
resultado_111.jpg,resultado_resultado_111.jpg,MA-B,Não cadastrado,Não cadastrado,Desconhecido
resultado_111.jpg,resultado_resultado_111.jpg,18,Não cadastrado,Não cadastrado,Desconhecido
resultado_111.jpg,resultado_resultado_111.jpg,BDOOIC,Não cadastrado,Não cadastrado,Desconhecido
resultado_111.jpg,resultado_resultado_111.jpg,09,Não cadastrado,Não cadastrado,Desconhecido
resultado_111.jpg,resultado_resultado_111.jpg,FC,Fail Close,Falha de Válvula,Identificado
resultado_111.jpg,resultado_resultado_111.jpg,"3/4""",Não cadastrado,Não cadastrado,Desconhecido
resultado_111.jpg,resultado_resultado_111.jpg,NOTE,Não cadastrado,Não cadastrado,Desconhecido
resultado_111.jpg,resultado_resultado_111.jpg,TOET.,Não cadastrado,Não cadastrado,Desconhecido
resultado_111.jpg,resultado_resultado_111.jpg,QHIN,Não cadastrado,Não cadastrado,Desconhecido
resultado_111.jpg,resultado_resultado_111.jpg,TOEF.,Não cadastrado,Não cadastrado,Desconhecido
resultado_111.jpg,resultado_resultado_111.jpg,IDE,Não cadastrado,Não cadastrado,Desconhecido
resultado_111.jpg,resultado_resultado_111.jpg,OBJ Z90BJ,Não cadastrado,Não cadastrado,Desconhecido
resultado_111.jpg,resultado_resultado_111.jpg,"6""_BDOO3_M1A-B",Não cadastrado,Não cadastrado,Desconhecido
resultado_111.jpg,resultado_resultado_111.jpg,LSHH,Não cadastrado,Não cadastrado,Desconhecido
resultado_111.jpg,resultado_resultado_111.jpg,0041,Não cadastrado,Não cadastrado,Desconhecido
resultado_111.jpg,resultado_resultado_111.jpg,OO0J,Não cadastrado,Não cadastrado,Desconhecido
resultado_111.jpg,resultado_resultado_111.jpg,3/4,Não cadastrado,Não cadastrado,Desconhecido
resultado_111.jpg,resultado_resultado_111.jpg,HS,Não cadastrado,Não cadastrado,Desconhecido
resultado_111.jpg,resultado_resultado_111.jpg,OBJ 69,Não cadastrado,Não cadastrado,Desconhecido
resultado_111.jpg,resultado_resultado_111.jpg,OBJ 70,Não cadastrado,Não cadastrado,Desconhecido
resultado_111.jpg,resultado_resultado_111.jpg,RT/STJP,Não cadastrado,Não cadastrado,Desconhecido
resultado_111.jpg,resultado_resultado_111.jpg,"ANOAI""",Não cadastrado,Não cadastrado,Desconhecido
resultado_111.jpg,resultado_resultado_111.jpg,IE,Não cadastrado,Não cadastrado,Desconhecido
resultado_111.jpg,resultado_resultado_111.jpg,OBJ 80,Não cadastrado,Não cadastrado,Desconhecido
resultado_111.jpg,resultado_resultado_111.jpg,OBJ 870BJ 85 OBJ 86,Não cadastrado,Não cadastrado,Desconhecido
resultado_111.jpg,resultado_resultado_111.jpg,V-003,Não cadastrado,Não cadastrado,Desconhecido
resultado_111.jpg,resultado_resultado_111.jpg,00,Não cadastrado,Não cadastrado,Desconhecido
resultado_111.jpg,resultado_resultado_111.jpg,NOIE U,Não cadastrado,Não cadastrado,Desconhecido
resultado_111.jpg,resultado_resultado_111.jpg,OBJ 111,Não cadastrado,Não cadastrado,Desconhecido
resultado_111.jpg,resultado_resultado_111.jpg,OBI 42,Não cadastrado,Não cadastrado,Desconhecido
resultado_111.jpg,resultado_resultado_111.jpg,V=,Não cadastrado,Não cadastrado,Desconhecido
resultado_111.jpg,resultado_resultado_111.jpg,NOIE,Não cadastrado,Não cadastrado,Desconhecido
resultado_111.jpg,resultado_resultado_111.jpg,TOEI. 10,Não cadastrado,Não cadastrado,Desconhecido
resultado_111.jpg,resultado_resultado_111.jpg,CRAPERI TRAP,Não cadastrado,Não cadastrado,Desconhecido
resultado_111.jpg,resultado_resultado_111.jpg,OBJ 90,Não cadastrado,Não cadastrado,Desconhecido
resultado_111.jpg,resultado_resultado_111.jpg,0032,Não cadastrado,Não cadastrado,Desconhecido
resultado_111.jpg,resultado_resultado_111.jpg,00J3,Não cadastrado,Não cadastrado,Desconhecido
resultado_111.jpg,resultado_resultado_111.jpg,OBJ 76,Não cadastrado,Não cadastrado,Desconhecido
resultado_111.jpg,resultado_resultado_111.jpg,EL+259250,Não cadastrado,Não cadastrado,Desconhecido
resultado_111.jpg,resultado_resultado_111.jpg,OBJ 110,Não cadastrado,Não cadastrado,Desconhecido
resultado_111.jpg,resultado_resultado_111.jpg,LSHL,Não cadastrado,Não cadastrado,Desconhecido
resultado_111.jpg,resultado_resultado_111.jpg,0019,Não cadastrado,Não cadastrado,Desconhecido
resultado_111.jpg,resultado_resultado_111.jpg,NOTE 5,Não cadastrado,Não cadastrado,Desconhecido
resultado_111.jpg,resultado_resultado_111.jpg,"TOEI,",Não cadastrado,Não cadastrado,Desconhecido
resultado_111.jpg,resultado_resultado_111.jpg,83,Não cadastrado,Não cadastrado,Desconhecido
resultado_111.jpg,resultado_resultado_111.jpg,TOEI.,Não cadastrado,Não cadastrado,Desconhecido
resultado_111.jpg,resultado_resultado_111.jpg,NO,Não cadastrado,Não cadastrado,Desconhecido
resultado_111.jpg,resultado_resultado_111.jpg,TDE,Não cadastrado,Não cadastrado,Desconhecido
resultado_111.jpg,resultado_resultado_111.jpg,OBJ 100,Não cadastrado,Não cadastrado,Desconhecido
resultado_111.jpg,resultado_resultado_111.jpg,"4""X2'",Não cadastrado,Não cadastrado,Desconhecido
resultado_111.jpg,resultado_resultado_111.jpg,"4""X2""",Não cadastrado,Não cadastrado,Desconhecido
resultado_111.jpg,resultado_resultado_111.jpg,OBJ 176,Não cadastrado,Não cadastrado,Desconhecido
resultado_111.jpg,resultado_resultado_111.jpg,1.90,Não cadastrado,Não cadastrado,Desconhecido
resultado_111.jpg,resultado_resultado_111.jpg,3_P094_154-V,Não cadastrado,Não cadastrado,Desconhecido
resultado_111.jpg,resultado_resultado_111.jpg,22,Não cadastrado,Não cadastrado,Desconhecido
resultado_111.jpg,resultado_resultado_111.jpg,OBJ 112,Não cadastrado,Não cadastrado,Desconhecido
resultado_111.jpg,resultado_resultado_111.jpg,19,Não cadastrado,Não cadastrado,Desconhecido
resultado_111.jpg,resultado_resultado_111.jpg,J,Não cadastrado,Não cadastrado,Desconhecido
resultado_111.jpg,resultado_resultado_111.jpg,J00#,Não cadastrado,Não cadastrado,Desconhecido
resultado_111.jpg,resultado_resultado_111.jpg,PSV,Não cadastrado,Não cadastrado,Desconhecido
resultado_111.jpg,resultado_resultado_111.jpg,PSET-IQ O1MPAG,Não cadastrado,Não cadastrado,Desconhecido
resultado_111.jpg,resultado_resultado_111.jpg,OBJ 123,Não cadastrado,Não cadastrado,Desconhecido
resultado_111.jpg,resultado_resultado_111.jpg,IJOO#,Não cadastrado,Não cadastrado,Desconhecido
resultado_111.jpg,resultado_resultado_111.jpg,MPAG,Não cadastrado,Não cadastrado,Desconhecido
resultado_111.jpg,resultado_resultado_111.jpg,PSET,Não cadastrado,Não cadastrado,Desconhecido
resultado_111.jpg,resultado_resultado_111.jpg,JA-V,Não cadastrado,Não cadastrado,Desconhecido
resultado_111.jpg,resultado_resultado_111.jpg,"9,85",Não cadastrado,Não cadastrado,Desconhecido
resultado_111.jpg,resultado_resultado_111.jpg,RECEMNG SCRAPER TRAP,Não cadastrado,Não cadastrado,Desconhecido
resultado_111.jpg,resultado_resultado_111.jpg,OBJ 118,Não cadastrado,Não cadastrado,Desconhecido
resultado_111.jpg,resultado_resultado_111.jpg,OBJ 219,Não cadastrado,Não cadastrado,Desconhecido
resultado_111.jpg,resultado_resultado_111.jpg,OBJ 116,Não cadastrado,Não cadastrado,Desconhecido
resultado_111.jpg,resultado_resultado_111.jpg,EPOOIB_154,Não cadastrado,Não cadastrado,Desconhecido
resultado_111.jpg,resultado_resultado_111.jpg,OBJ 102,Não cadastrado,Não cadastrado,Desconhecido
resultado_111.jpg,resultado_resultado_111.jpg,IBJ 126,Não cadastrado,Não cadastrado,Desconhecido
resultado_111.jpg,resultado_resultado_111.jpg,BDOOI-ISA-V,Não cadastrado,Não cadastrado,Desconhecido
resultado_111.jpg,resultado_resultado_111.jpg,OBJ 128BJ 127,Não cadastrado,Não cadastrado,Desconhecido
resultado_111.jpg,resultado_resultado_111.jpg,C,Não cadastrado,Não cadastrado,Desconhecido
resultado_111.jpg,resultado_resultado_111.jpg,KOC2,Não cadastrado,Não cadastrado,Desconhecido
resultado_111.jpg,resultado_resultado_111.jpg,BY VENDOR,Não cadastrado,Não cadastrado,Desconhecido
resultado_111.jpg,resultado_resultado_111.jpg,OBJ 115,Não cadastrado,Não cadastrado,Desconhecido
resultado_111.jpg,resultado_resultado_111.jpg,BJ 176,Não cadastrado,Não cadastrado,Desconhecido
resultado_111.jpg,resultado_resultado_111.jpg,OB,Não cadastrado,Não cadastrado,Desconhecido
resultado_111.jpg,resultado_resultado_111.jpg,OBJ 174,Não cadastrado,Não cadastrado,Desconhecido
resultado_111.jpg,resultado_resultado_111.jpg,LV,Não cadastrado,Não cadastrado,Desconhecido
resultado_111.jpg,resultado_resultado_111.jpg,CJOI,Não cadastrado,Não cadastrado,Desconhecido
resultado_111.jpg,resultado_resultado_111.jpg,LC,Não cadastrado,Não cadastrado,Desconhecido
resultado_111.jpg,resultado_resultado_111.jpg,OBJ 56,Não cadastrado,Não cadastrado,Desconhecido
resultado_111.jpg,resultado_resultado_111.jpg,VENDOR,Não cadastrado,Não cadastrado,Desconhecido
resultado_111.jpg,resultado_resultado_111.jpg,(0034,Não cadastrado,Não cadastrado,Desconhecido
resultado_111.jpg,resultado_resultado_111.jpg,LUCOU,Não cadastrado,Não cadastrado,Desconhecido
resultado_111.jpg,resultado_resultado_111.jpg,OBJ 125,Não cadastrado,Não cadastrado,Desconhecido
resultado_111.jpg,resultado_resultado_111.jpg,OBJ 129,Não cadastrado,Não cadastrado,Desconhecido
resultado_111.jpg,resultado_resultado_111.jpg,OBJ 120BJ 127,Não cadastrado,Não cadastrado,Desconhecido
resultado_111.jpg,resultado_resultado_111.jpg,-BDOOL_ISA_V,Não cadastrado,Não cadastrado,Desconhecido
resultado_111.jpg,resultado_resultado_111.jpg,121,Não cadastrado,Não cadastrado,Desconhecido
resultado_111.jpg,resultado_resultado_111.jpg,"9,35",Não cadastrado,Não cadastrado,Desconhecido
resultado_111.jpg,resultado_resultado_111.jpg,0031,Não cadastrado,Não cadastrado,Desconhecido
resultado_111.jpg,resultado_resultado_111.jpg,IGOO#,Não cadastrado,Não cadastrado,Desconhecido
resultado_111.jpg,resultado_resultado_111.jpg,"2 ""EPOOIB_154",Não cadastrado,Não cadastrado,Desconhecido
resultado_111.jpg,resultado_resultado_111.jpg,126,Não cadastrado,Não cadastrado,Desconhecido
resultado_111.jpg,resultado_resultado_111.jpg,IPFBABJ,Não cadastrado,Não cadastrado,Desconhecido
resultado_111.jpg,resultado_resultado_111.jpg,0B39,Não cadastrado,Não cadastrado,Desconhecido
resultado_111.jpg,resultado_resultado_111.jpg,3085],Não cadastrado,Não cadastrado,Desconhecido
resultado_111.jpg,resultado_resultado_111.jpg,2,Não cadastrado,Não cadastrado,Desconhecido
resultado_111.jpg,resultado_resultado_111.jpg,RECEMNC IECRAPRRI TRAP,Não cadastrado,Não cadastrado,Desconhecido
resultado_111.jpg,resultado_resultado_111.jpg,TOEI  10,Não cadastrado,Não cadastrado,Desconhecido
resultado_111.jpg,resultado_resultado_111.jpg,OBJ 36,Não cadastrado,Não cadastrado,Desconhecido
resultado_111.jpg,resultado_resultado_111.jpg,OBJ 42,Não cadastrado,Não cadastrado,Desconhecido
resultado_111.jpg,resultado_resultado_111.jpg,RECEWIT,Não cadastrado,Não cadastrado,Desconhecido
resultado_111.jpg,resultado_resultado_111.jpg,RECB,Não cadastrado,Não cadastrado,Desconhecido
resultado_111.jpg,resultado_resultado_111.jpg,LAH,Não cadastrado,Não cadastrado,Desconhecido
resultado_111.jpg,resultado_resultado_111.jpg,5900,Não cadastrado,Não cadastrado,Desconhecido
resultado_111.jpg,resultado_resultado_111.jpg,UU,Não cadastrado,Não cadastrado,Desconhecido
resultado_111.jpg,resultado_resultado_111.jpg,OBJ 131,Não cadastrado,Não cadastrado,Desconhecido
resultado_111.jpg,resultado_resultado_111.jpg,EL+265000,Não cadastrado,Não cadastrado,Desconhecido
resultado_111.jpg,resultado_resultado_111.jpg,EL+ 265000,Não cadastrado,Não cadastrado,Desconhecido
resultado_111.jpg,resultado_resultado_111.jpg,7777,Não cadastrado,Não cadastrado,Desconhecido
resultado_111.jpg,resultado_resultado_111.jpg,900,Não cadastrado,Não cadastrado,Desconhecido
resultado_111.jpg,resultado_resultado_111.jpg,F +26,Não cadastrado,Não cadastrado,Desconhecido
resultado_111.jpg,resultado_resultado_111.jpg,TRAP,Não cadastrado,Não cadastrado,Desconhecido
resultado_111.jpg,resultado_resultado_111.jpg,V-DO,Não cadastrado,Não cadastrado,Desconhecido
resultado_111.jpg,resultado_resultado_111.jpg,OBJ -,Não cadastrado,Não cadastrado,Desconhecido
resultado_111.jpg,resultado_resultado_111.jpg,186,Não cadastrado,Não cadastrado,Desconhecido
resultado_111.jpg,resultado_resultado_111.jpg,0179,Não cadastrado,Não cadastrado,Desconhecido
resultado_111.jpg,resultado_resultado_111.jpg,48,Não cadastrado,Não cadastrado,Desconhecido
resultado_111.jpg,resultado_resultado_111.jpg,POO4-ISA-V,Não cadastrado,Não cadastrado,Desconhecido
resultado_111.jpg,resultado_resultado_111.jpg,OBJ 140BJ 138 OBJ 139,Não cadastrado,Não cadastrado,Desconhecido
resultado_111.jpg,resultado_resultado_111.jpg,JE,Não cadastrado,Não cadastrado,Desconhecido
resultado_111.jpg,resultado_resultado_111.jpg,OBJ 142,Não cadastrado,Não cadastrado,Desconhecido
resultado_111.jpg,resultado_resultado_111.jpg,PO96-154-V,Não cadastrado,Não cadastrado,Desconhecido
resultado_111.jpg,resultado_resultado_111.jpg,001,Não cadastrado,Não cadastrado,Desconhecido
resultado_111.jpg,resultado_resultado_111.jpg,FB/LO,Não cadastrado,Não cadastrado,Desconhecido
resultado_111.jpg,resultado_resultado_111.jpg,OBJ 1,Não cadastrado,Não cadastrado,Desconhecido
resultado_111.jpg,resultado_resultado_111.jpg,IEI,Não cadastrado,Não cadastrado,Desconhecido
resultado_111.jpg,resultado_resultado_111.jpg,OBI146,Não cadastrado,Não cadastrado,Desconhecido
resultado_111.jpg,resultado_resultado_111.jpg,3/4',Não cadastrado,Não cadastrado,Desconhecido
resultado_111.jpg,resultado_resultado_111.jpg,3/,Não cadastrado,Não cadastrado,Desconhecido
resultado_111.jpg,resultado_resultado_111.jpg,8 FB/LO,Não cadastrado,Não cadastrado,Desconhecido
resultado_111.jpg,resultado_resultado_111.jpg,FB/LC,Não cadastrado,Não cadastrado,Desconhecido
resultado_111.jpg,resultado_resultado_111.jpg,JO,Não cadastrado,Não cadastrado,Desconhecido
resultado_111.jpg,resultado_resultado_111.jpg,POG6,Não cadastrado,Não cadastrado,Desconhecido
resultado_111.jpg,resultado_resultado_111.jpg,SA-V,Não cadastrado,Não cadastrado,Desconhecido
resultado_111.jpg,resultado_resultado_111.jpg,9.85,Não cadastrado,Não cadastrado,Desconhecido
resultado_111.jpg,resultado_resultado_111.jpg,J900#,Não cadastrado,Não cadastrado,Desconhecido
resultado_111.jpg,resultado_resultado_111.jpg,0OII,Não cadastrado,Não cadastrado,Desconhecido
resultado_111.jpg,resultado_resultado_111.jpg,MA-V,Não cadastrado,Não cadastrado,Desconhecido
resultado_111.jpg,resultado_resultado_111.jpg,(OBJ 168,Não cadastrado,Não cadastrado,Desconhecido
resultado_111.jpg,resultado_resultado_111.jpg,PSEI=IUU,Não cadastrado,Não cadastrado,Desconhecido
resultado_111.jpg,resultado_resultado_111.jpg,MMPAG],Não cadastrado,Não cadastrado,Desconhecido
resultado_111.jpg,resultado_resultado_111.jpg,OBJ 155,Não cadastrado,Não cadastrado,Desconhecido
resultado_111.jpg,resultado_resultado_111.jpg,OBJ 198,Não cadastrado,Não cadastrado,Desconhecido
resultado_111.jpg,resultado_resultado_111.jpg,454_V,Não cadastrado,Não cadastrado,Desconhecido
resultado_111.jpg,resultado_resultado_111.jpg,OBJ 167,Não cadastrado,Não cadastrado,Desconhecido
resultado_111.jpg,resultado_resultado_111.jpg,197,Não cadastrado,Não cadastrado,Desconhecido
resultado_111.jpg,resultado_resultado_111.jpg,OBI 146,Não cadastrado,Não cadastrado,Desconhecido
resultado_111.jpg,resultado_resultado_111.jpg,1,Não cadastrado,Não cadastrado,Desconhecido
resultado_111.jpg,resultado_resultado_111.jpg,4,Não cadastrado,Não cadastrado,Desconhecido
resultado_111.jpg,resultado_resultado_111.jpg,191,Não cadastrado,Não cadastrado,Desconhecido
resultado_111.jpg,resultado_resultado_111.jpg,[BEI .,Não cadastrado,Não cadastrado,Desconhecido
resultado_111.jpg,resultado_resultado_111.jpg,OBJ 173,Não cadastrado,Não cadastrado,Desconhecido
resultado_111.jpg,resultado_resultado_111.jpg,OBJ 193,Não cadastrado,Não cadastrado,Desconhecido
resultado_111.jpg,resultado_resultado_111.jpg,OBJ 172,Não cadastrado,Não cadastrado,Desconhecido
resultado_111.jpg,resultado_resultado_111.jpg,OBPBJ194,Não cadastrado,Não cadastrado,Desconhecido
resultado_111.jpg,resultado_resultado_111.jpg,OBJ 201,Não cadastrado,Não cadastrado,Desconhecido
resultado_111.jpg,resultado_resultado_111.jpg,JSA-VJIA-K,Não cadastrado,Não cadastrado,Desconhecido
resultado_111.jpg,resultado_resultado_111.jpg,OBJ 168,Não cadastrado,Não cadastrado,Desconhecido
resultado_111.jpg,resultado_resultado_111.jpg,OBJ 164 OBJ 166,Não cadastrado,Não cadastrado,Desconhecido
resultado_111.jpg,resultado_resultado_111.jpg,OBJ 165,Não cadastrado,Não cadastrado,Desconhecido
resultado_111.jpg,resultado_resultado_111.jpg,OBJ 163,Não cadastrado,Não cadastrado,Desconhecido
resultado_111.jpg,resultado_resultado_111.jpg,OBJ 162 OBJ 161OBJ 160,Não cadastrado,Não cadastrado,Desconhecido
resultado_111.jpg,resultado_resultado_111.jpg,OBJ 159,Não cadastrado,Não cadastrado,Desconhecido
resultado_111.jpg,resultado_resultado_111.jpg,OBJ 1OBJ 157,Não cadastrado,Não cadastrado,Desconhecido
resultado_111.jpg,resultado_resultado_111.jpg,PSLEI=IUUE,Não cadastrado,Não cadastrado,Desconhecido
resultado_111.jpg,resultado_resultado_111.jpg,MPAG],Não cadastrado,Não cadastrado,Desconhecido
resultado_111.jpg,resultado_resultado_111.jpg,OS,Não cadastrado,Não cadastrado,Desconhecido
resultado_111.jpg,resultado_resultado_111.jpg,OBI 154,Não cadastrado,Não cadastrado,Desconhecido
resultado_111.jpg,resultado_resultado_111.jpg,1OBJ 1530BJ 152,Não cadastrado,Não cadastrado,Desconhecido
resultado_111.jpg,resultado_resultado_111.jpg,OBJ 10BJ 150,Não cadastrado,Não cadastrado,Desconhecido
resultado_111.jpg,resultado_resultado_111.jpg,3004,Não cadastrado,Não cadastrado,Desconhecido
resultado_111.jpg,resultado_resultado_111.jpg,"6""_POG8_LA_V",Não cadastrado,Não cadastrado,Desconhecido
resultado_111.jpg,resultado_resultado_111.jpg,BOO#,Não cadastrado,Não cadastrado,Desconhecido
resultado_111.jpg,resultado_resultado_111.jpg,OBJ 149,Não cadastrado,Não cadastrado,Desconhecido
resultado_111.jpg,resultado_resultado_111.jpg,3,Não cadastrado,Não cadastrado,Desconhecido
resultado_111.jpg,resultado_resultado_111.jpg,OBIL146,Não cadastrado,Não cadastrado,Desconhecido
resultado_111.jpg,resultado_resultado_111.jpg,I0O,Não cadastrado,Não cadastrado,Desconhecido
resultado_111.jpg,resultado_resultado_111.jpg,900#,Não cadastrado,Não cadastrado,Desconhecido
resultado_111.jpg,resultado_resultado_111.jpg,OBJ 191,Não cadastrado,Não cadastrado,Desconhecido
resultado_111.jpg,resultado_resultado_111.jpg,8,Não cadastrado,Não cadastrado,Desconhecido
resultado_111.jpg,resultado_resultado_111.jpg,FB /LO,Não cadastrado,Não cadastrado,Desconhecido
resultado_111.jpg,resultado_resultado_111.jpg,E,Não cadastrado,Não cadastrado,Desconhecido
resultado_111.jpg,resultado_resultado_111.jpg,3O,Não cadastrado,Não cadastrado,Desconhecido
resultado_111.jpg,resultado_resultado_111.jpg,P096,Não cadastrado,Não cadastrado,Desconhecido
resultado_111.jpg,resultado_resultado_111.jpg,5A-V,Não cadastrado,Não cadastrado,Desconhecido
resultado_111.jpg,resultado_resultado_111.jpg,OBJ 137,Não cadastrado,Não cadastrado,Desconhecido
resultado_111.jpg,resultado_resultado_111.jpg,OBJ 141,Não cadastrado,Não cadastrado,Desconhecido
resultado_111.jpg,resultado_resultado_111.jpg,QBI187,Não cadastrado,Não cadastrado,Desconhecido
resultado_111.jpg,resultado_resultado_111.jpg,LOBJEZ,Não cadastrado,Não cadastrado,Desconhecido
resultado_111.jpg,resultado_resultado_111.jpg,0B13,Não cadastrado,Não cadastrado,Desconhecido
resultado_111.jpg,resultado_resultado_111.jpg,V,Não cadastrado,Não cadastrado,Desconhecido
resultado_111.jpg,resultado_resultado_111.jpg,OBJ 171,Não cadastrado,Não cadastrado,Desconhecido
resultado_111.jpg,resultado_resultado_111.jpg,FEL+2639001,Não cadastrado,Não cadastrado,Desconhecido
resultado_111.jpg,resultado_resultado_111.jpg,LL,Não cadastrado,Não cadastrado,Desconhecido
resultado_111.jpg,resultado_resultado_111.jpg,GOE,Não cadastrado,Não cadastrado,Desconhecido
resultado_111.jpg,resultado_resultado_111.jpg,KOU34,Não cadastrado,Não cadastrado,Desconhecido
resultado_111.jpg,resultado_resultado_111.jpg,NOIEE,Não cadastrado,Não cadastrado,Desconhecido
resultado_111.jpg,resultado_resultado_111.jpg,[OBJ 120BJ 127,Não cadastrado,Não cadastrado,Desconhecido
resultado_111.jpg,resultado_resultado_111.jpg,BY_VENDOR,Não cadastrado,Não cadastrado,Desconhecido
resultado_111.jpg,resultado_resultado_111.jpg,BJ 121,Não cadastrado,Não cadastrado,Desconhecido
resultado_111.jpg,resultado_resultado_111.jpg,TINODQUEE,Não cadastrado,Não cadastrado,Desconhecido
resultado_111.jpg,resultado_resultado_111.jpg,P 3 48511,Não cadastrado,Não cadastrado,Desconhecido
resultado_111.jpg,resultado_resultado_111.jpg,RECBMNG SCRAPR TRAP,Não cadastrado,Não cadastrado,Desconhecido
resultado_111.jpg,resultado_resultado_111.jpg,00JI,Não cadastrado,Não cadastrado,Desconhecido
resultado_111.jpg,resultado_resultado_111.jpg,J0,Não cadastrado,Não cadastrado,Desconhecido
resultado_111.jpg,resultado_resultado_111.jpg,3_P094_1S4-V,Não cadastrado,Não cadastrado,Desconhecido
resultado_111.jpg,resultado_resultado_111.jpg,POOIB_154,Não cadastrado,Não cadastrado,Desconhecido
resultado_111.jpg,resultado_resultado_111.jpg,OBI 102,Não cadastrado,Não cadastrado,Desconhecido
resultado_111.jpg,resultado_resultado_111.jpg,BJ 126,Não cadastrado,Não cadastrado,Desconhecido
resultado_111.jpg,resultado_resultado_111.jpg,BDO04-I54-E,Não cadastrado,Não cadastrado,Desconhecido
resultado_111.jpg,resultado_resultado_111.jpg,LODBJ,Não cadastrado,Não cadastrado,Desconhecido
resultado_111.jpg,resultado_resultado_111.jpg,'LSHL,Não cadastrado,Não cadastrado,Desconhecido
resultado_111.jpg,resultado_resultado_111.jpg,[30851,Não cadastrado,Não cadastrado,Desconhecido
resultado_111.jpg,resultado_resultado_111.jpg,00JJ,Não cadastrado,Não cadastrado,Desconhecido
resultado_111.jpg,resultado_resultado_111.jpg,RECEMNC IECRAPER,Não cadastrado,Não cadastrado,Desconhecido
resultado_111.jpg,resultado_resultado_111.jpg,5,Não cadastrado,Não cadastrado,Desconhecido
resultado_111.jpg,resultado_resultado_111.jpg,NOTE 7,Não cadastrado,Não cadastrado,Desconhecido
resultado_111.jpg,resultado_resultado_111.jpg,OBJ 84,Não cadastrado,Não cadastrado,Desconhecido
resultado_111.jpg,resultado_resultado_111.jpg,OBJ 82,Não cadastrado,Não cadastrado,Desconhecido
resultado_111.jpg,resultado_resultado_111.jpg,OBI 78,Não cadastrado,Não cadastrado,Desconhecido
resultado_111.jpg,resultado_resultado_111.jpg,OBI 73,Não cadastrado,Não cadastrado,Desconhecido
resultado_111.jpg,resultado_resultado_111.jpg,ANOOA,Não cadastrado,Não cadastrado,Desconhecido
resultado_111.jpg,resultado_resultado_111.jpg,54-F,Não cadastrado,Não cadastrado,Desconhecido
resultado_111.jpg,resultado_resultado_111.jpg,ACKACE,Não cadastrado,Não cadastrado,Desconhecido
resultado_111.jpg,resultado_resultado_111.jpg,RT/ST,Não cadastrado,Não cadastrado,Desconhecido
resultado_111.jpg,resultado_resultado_111.jpg,NGEE,Não cadastrado,Não cadastrado,Desconhecido
resultado_111.jpg,resultado_resultado_111.jpg,10,Não cadastrado,Não cadastrado,Desconhecido
resultado_111.jpg,resultado_resultado_111.jpg,STOF,Não cadastrado,Não cadastrado,Desconhecido
resultado_111.jpg,resultado_resultado_111.jpg,BQQQIA,Não cadastrado,Não cadastrado,Desconhecido
resultado_111.jpg,resultado_resultado_111.jpg,INAAI,Não cadastrado,Não cadastrado,Desconhecido
resultado_111.jpg,resultado_resultado_111.jpg,TYP.MJ,Não cadastrado,Não cadastrado,Desconhecido
resultado_111.jpg,resultado_resultado_111.jpg,O0JJ,Não cadastrado,Não cadastrado,Desconhecido
resultado_111.jpg,resultado_resultado_111.jpg,OODJ,Não cadastrado,Não cadastrado,Desconhecido
resultado_111.jpg,resultado_resultado_111.jpg,{DEI.NO13,Não cadastrado,Não cadastrado,Desconhecido
resultado_111.jpg,resultado_resultado_111.jpg,15A-E,Não cadastrado,Não cadastrado,Desconhecido
resultado_111.jpg,resultado_resultado_111.jpg,105,Não cadastrado,Não cadastrado,Desconhecido
resultado_111.jpg,resultado_resultado_111.jpg,OBJ 17 OBJ 16,Não cadastrado,Não cadastrado,Desconhecido
resultado_111.jpg,resultado_resultado_111.jpg,OBI 14,Não cadastrado,Não cadastrado,Desconhecido
resultado_111.jpg,resultado_resultado_111.jpg,HOSEI CONNECTION,Não cadastrado,Não cadastrado,Desconhecido
resultado_111.jpg,resultado_resultado_111.jpg,VEJIAIAIA IANIADEIAIED,Não cadastrado,Não cadastrado,Desconhecido
resultado_111.jpg,resultado_resultado_111.jpg,OBI 105,Não cadastrado,Não cadastrado,Desconhecido
resultado_111.jpg,resultado_resultado_111.jpg,BDOIO_MA-,Não cadastrado,Não cadastrado,Desconhecido
resultado_111.jpg,resultado_resultado_111.jpg,EL+255500],Não cadastrado,Não cadastrado,Desconhecido
resultado_111.jpg,resultado_resultado_111.jpg,P_DO1,Não cadastrado,Não cadastrado,Desconhecido
resultado_111.jpg,resultado_resultado_111.jpg,O05,Não cadastrado,Não cadastrado,Desconhecido
resultado_111.jpg,resultado_resultado_111.jpg,OEI . I0,Não cadastrado,Não cadastrado,Desconhecido
resultado_111.jpg,resultado_resultado_111.jpg,21,Não cadastrado,Não cadastrado,Desconhecido
resultado_111.jpg,resultado_resultado_111.jpg,PJS-08515,Não cadastrado,Não cadastrado,Desconhecido
resultado_111.jpg,resultado_resultado_111.jpg,INEICCAS FILTERS,Não cadastrado,Não cadastrado,Desconhecido
resultado_111.jpg,resultado_resultado_111.jpg,QHILC,Não cadastrado,Não cadastrado,Desconhecido
resultado_111.jpg,resultado_resultado_111.jpg,CONNECTION,Não cadastrado,Não cadastrado,Desconhecido
resultado_111.jpg,resultado_resultado_111.jpg,IAIA TANIADE,Não cadastrado,Não cadastrado,Desconhecido
resultado_111.jpg,resultado_resultado_111.jpg,U,Não cadastrado,Não cadastrado,Desconhecido
resultado_111.jpg,resultado_resultado_111.jpg,N,Não cadastrado,Não cadastrado,Desconhecido
resultado_111.jpg,resultado_resultado_111.jpg,OBJ 19BJ,Não cadastrado,Não cadastrado,Desconhecido
resultado_111.jpg,resultado_resultado_111.jpg,RA,Não cadastrado,Não cadastrado,Desconhecido
resultado_111.jpg,resultado_resultado_111.jpg,OM,Não cadastrado,Não cadastrado,Desconhecido
resultado_111.jpg,resultado_resultado_111.jpg,FL,Fail Locked,Falha de Válvula,Identificado
112.jpg,resultado_112.jpg,LFT,Não cadastrado,Não cadastrado,Desconhecido
112.jpg,resultado_112.jpg,VESSEL/COLUMN OR,Não cadastrado,Não cadastrado,Desconhecido
112.jpg,resultado_112.jpg,PROCESS,Não cadastrado,Não cadastrado,Desconhecido
112.jpg,resultado_112.jpg,LINE,Não cadastrado,Não cadastrado,Desconhecido
112.jpg,resultado_112.jpg,IF NECESSARY,Não cadastrado,Não cadastrado,Desconhecido
112.jpg,resultado_112.jpg,NOTES,Não cadastrado,Não cadastrado,Desconhecido
112.jpg,resultado_112.jpg,2,Não cadastrado,Não cadastrado,Desconhecido
112.jpg,resultado_112.jpg,"0.75""",Não cadastrado,Não cadastrado,Desconhecido
112.jpg,resultado_112.jpg,FLARE,Não cadastrado,Não cadastrado,Desconhecido
112.jpg,resultado_112.jpg,HEACE?,Não cadastrado,Não cadastrado,Desconhecido
112.jpg,resultado_112.jpg,NOTE,Não cadastrado,Não cadastrado,Desconhecido
112.jpg,resultado_112.jpg,NO PCCKET,Não cadastrado,Não cadastrado,Desconhecido
112.jpg,resultado_112.jpg,NECESSARY,Não cadastrado,Não cadastrado,Desconhecido
112.jpg,resultado_112.jpg,STEAM,Não cadastrado,Não cadastrado,Desconhecido
112.jpg,resultado_112.jpg,HEADER,Não cadastrado,Não cadastrado,Desconhecido
112.jpg,resultado_112.jpg,"0,75""",Não cadastrado,Não cadastrado,Desconhecido
112.jpg,resultado_112.jpg,FROY,Não cadastrado,Não cadastrado,Desconhecido
112.jpg,resultado_112.jpg,OTHER,Não cadastrado,Não cadastrado,Desconhecido
112.jpg,resultado_112.jpg,LPG,Não cadastrado,Não cadastrado,Desconhecido
112.jpg,resultado_112.jpg,DRAINS,Não cadastrado,Não cadastrado,Desconhecido
112.jpg,resultado_112.jpg,POCKE,Não cadastrado,Não cadastrado,Desconhecido
112.jpg,resultado_112.jpg,(NOTE,Não cadastrado,Não cadastrado,Desconhecido
112.jpg,resultado_112.jpg,3),Não cadastrado,Não cadastrado,Desconhecido
112.jpg,resultado_112.jpg,IF,Não cadastrado,Não cadastrado,Desconhecido
112.jpg,resultado_112.jpg,8,Não cadastrado,Não cadastrado,Desconhecido
112.jpg,resultado_112.jpg,VECESSARY,Não cadastrado,Não cadastrado,Desconhecido
112.jpg,resultado_112.jpg,CONDENSATE,Não cadastrado,Não cadastrado,Desconhecido
112.jpg,resultado_112.jpg,URAIN,Não cadastrado,Não cadastrado,Desconhecido
112.jpg,resultado_112.jpg,HEAIJER,Não cadastrado,Não cadastrado,Desconhecido
112.jpg,resultado_112.jpg,VKA,Não cadastrado,Não cadastrado,Desconhecido
112.jpg,resultado_112.jpg,SARY,Não cadastrado,Não cadastrado,Desconhecido
112.jpg,resultado_112.jpg,EADER,Não cadastrado,Não cadastrado,Desconhecido
112.jpg,resultado_112.jpg,DEN,Não cadastrado,Não cadastrado,Desconhecido
112.jpg,resultado_112.jpg,0.75,Não cadastrado,Não cadastrado,Desconhecido
112.jpg,resultado_112.jpg,3I,Não cadastrado,Não cadastrado,Desconhecido
112.jpg,resultado_112.jpg,DRAIN,Não cadastrado,Não cadastrado,Desconhecido
112.jpg,resultado_112.jpg,NO,Não cadastrado,Não cadastrado,Desconhecido
112.jpg,resultado_112.jpg,PCCKET,Não cadastrado,Não cadastrado,Desconhecido
112.jpg,resultado_112.jpg,STEAN HEADEF,Não cadastrado,Não cadastrado,Desconhecido
112.jpg,resultado_112.jpg,TO POCKE,Não cadastrado,Não cadastrado,Desconhecido
112.jpg,resultado_112.jpg,D1,Não cadastrado,Não cadastrado,Desconhecido
112.jpg,resultado_112.jpg,EACE,Não cadastrado,Não cadastrado,Desconhecido
112.jpg,resultado_112.jpg,PROC,Não cadastrado,Não cadastrado,Desconhecido
112.jpg,resultado_112.jpg,"2 ,",Não cadastrado,Não cadastrado,Desconhecido
112.jpg,resultado_112.jpg,NCTE,Não cadastrado,Não cadastrado,Desconhecido
113.jpg,resultado_113.jpg,VESSEL/COLUMN,Não cadastrado,Não cadastrado,Desconhecido
113.jpg,resultado_113.jpg,OR,Não cadastrado,Não cadastrado,Desconhecido
113.jpg,resultado_113.jpg,LPT,Não cadastrado,Não cadastrado,Desconhecido
113.jpg,resultado_113.jpg,PROCESS,Não cadastrado,Não cadastrado,Desconhecido
113.jpg,resultado_113.jpg,LINE,Não cadastrado,Não cadastrado,Desconhecido
113.jpg,resultado_113.jpg,NOTES 2,Não cadastrado,Não cadastrado,Desconhecido
113.jpg,resultado_113.jpg,NOTE,Não cadastrado,Não cadastrado,Desconhecido
113.jpg,resultado_113.jpg,SY,Não cadastrado,Não cadastrado,Desconhecido
113.jpg,resultado_113.jpg,DRAIN,Não cadastrado,Não cadastrado,Desconhecido
113.jpg,resultado_113.jpg,HEADER,Não cadastrado,Não cadastrado,Desconhecido
113.jpg,resultado_113.jpg,EADE,Não cadastrado,Não cadastrado,Desconhecido
113.jpg,resultado_113.jpg,VOTE,Não cadastrado,Não cadastrado,Desconhecido
113.jpg,resultado_113.jpg,SEL/,Não cadastrado,Não cadastrado,Desconhecido
114.jpg,resultado_114.jpg,DETAIL,Não cadastrado,Não cadastrado,Desconhecido
114.jpg,resultado_114.jpg,1 :,Não cadastrado,Não cadastrado,Desconhecido
114.jpg,resultado_114.jpg,GENERAL,Não cadastrado,Não cadastrado,Desconhecido
114.jpg,resultado_114.jpg,PSV'S,Não cadastrado,Não cadastrado,Desconhecido
114.jpg,resultado_114.jpg,INSTALLATION,Não cadastrado,Não cadastrado,Desconhecido
114.jpg,resultado_114.jpg,NOTE,Não cadastrado,Não cadastrado,Desconhecido
114.jpg,resultado_114.jpg,15,Não cadastrado,Não cadastrado,Desconhecido
114.jpg,resultado_114.jpg,FLARE,Não cadastrado,Não cadastrado,Desconhecido
114.jpg,resultado_114.jpg,HEADER,Não cadastrado,Não cadastrado,Desconhecido
114.jpg,resultado_114.jpg,5,Não cadastrado,Não cadastrado,Desconhecido
114.jpg,resultado_114.jpg,PSV,Não cadastrado,Não cadastrado,Desconhecido
114.jpg,resultado_114.jpg,0.75,Não cadastrado,Não cadastrado,Desconhecido
114.jpg,resultado_114.jpg,V1,Não cadastrado,Não cadastrado,Desconhecido
114.jpg,resultado_114.jpg,NOTES,Não cadastrado,Não cadastrado,Desconhecido
114.jpg,resultado_114.jpg,"3,",Não cadastrado,Não cadastrado,Desconhecido
114.jpg,resultado_114.jpg,9,Não cadastrado,Não cadastrado,Desconhecido
114.jpg,resultado_114.jpg,3.,Não cadastrado,Não cadastrado,Desconhecido
114.jpg,resultado_114.jpg,LO,Não cadastrado,Não cadastrado,Desconhecido
114.jpg,resultado_114.jpg,INOTE,Não cadastrado,Não cadastrado,Desconhecido
114.jpg,resultado_114.jpg,1,Não cadastrado,Não cadastrado,Desconhecido
114.jpg,resultado_114.jpg,V1=,Não cadastrado,Não cadastrado,Desconhecido
114.jpg,resultado_114.jpg,VI,Não cadastrado,Não cadastrado,Desconhecido
114.jpg,resultado_114.jpg,VI=,Não cadastrado,Não cadastrado,Desconhecido
114.jpg,resultado_114.jpg,12,Não cadastrado,Não cadastrado,Desconhecido
114.jpg,resultado_114.jpg,13,Não cadastrado,Não cadastrado,Desconhecido
114.jpg,resultado_114.jpg,"9,",Não cadastrado,Não cadastrado,Desconhecido
114.jpg,resultado_114.jpg,LC,Não cadastrado,Não cadastrado,Desconhecido
114.jpg,resultado_114.jpg,2,Não cadastrado,Não cadastrado,Desconhecido
114.jpg,resultado_114.jpg,".75""",Não cadastrado,Não cadastrado,Desconhecido
114.jpg,resultado_114.jpg,OTE,Não cadastrado,Não cadastrado,Desconhecido
114.jpg,resultado_114.jpg,S,Não cadastrado,Não cadastrado,Desconhecido
114.jpg,resultado_114.jpg,"2""",Não cadastrado,Não cadastrado,Desconhecido
114.jpg,resultado_114.jpg,4,Não cadastrado,Não cadastrado,Desconhecido
114.jpg,resultado_114.jpg,V,Não cadastrado,Não cadastrado,Desconhecido
114.jpg,resultado_114.jpg,EA,Não cadastrado,Não cadastrado,Desconhecido
114.jpg,resultado_114.jpg,A,Não cadastrado,Não cadastrado,Desconhecido
115.jpg,resultado_115.jpg,DETAIL,Não cadastrado,Não cadastrado,Desconhecido
115.jpg,resultado_115.jpg,300# & BELOW,Não cadastrado,Não cadastrado,Desconhecido
115.jpg,resultado_115.jpg,(NON-TOXIC SERVICE),Não cadastrado,Não cadastrado,Desconhecido
115.jpg,resultado_115.jpg,(TOXIC SERVICE),Não cadastrado,Não cadastrado,Desconhecido
115.jpg,resultado_115.jpg,"0.75""X0.5""",Não cadastrado,Não cadastrado,Desconhecido
115.jpg,resultado_115.jpg,"0.75""X0S""",Não cadastrado,Não cadastrado,Desconhecido
115.jpg,resultado_115.jpg,REDUCING COUPLING,Não cadastrado,Não cadastrado,Desconhecido
115.jpg,resultado_115.jpg,"0.75""XO5""",Não cadastrado,Não cadastrado,Desconhecido
115.jpg,resultado_115.jpg,SIPHON,Não cadastrado,Não cadastrado,Desconhecido
115.jpg,resultado_115.jpg,R,Não cadastrado,Não cadastrado,Desconhecido
115.jpg,resultado_115.jpg,"RDF 2"" X 0.75""",Não cadastrado,Não cadastrado,Desconhecido
115.jpg,resultado_115.jpg,300+,Não cadastrado,Não cadastrado,Desconhecido
115.jpg,resultado_115.jpg,3,Não cadastrado,Não cadastrado,Desconhecido
115.jpg,resultado_115.jpg,"RDF 2"" X0.75""",Não cadastrado,Não cadastrado,Desconhecido
115.jpg,resultado_115.jpg,300#,Não cadastrado,Não cadastrado,Desconhecido
115.jpg,resultado_115.jpg,P,Não cadastrado,Não cadastrado,Desconhecido
115.jpg,resultado_115.jpg,MIN;,Não cadastrado,Não cadastrado,Desconhecido
115.jpg,resultado_115.jpg,NOTE 3,Não cadastrado,Não cadastrado,Desconhecido
115.jpg,resultado_115.jpg,FOR STLAM SERVICE,Não cadastrado,Não cadastrado,Desconhecido
115.jpg,resultado_115.jpg,ON EQUIPMENT,Não cadastrado,Não cadastrado,Desconhecido
115.jpg,resultado_115.jpg,NOIE 3,Não cadastrado,Não cadastrado,Desconhecido
115.jpg,resultado_115.jpg,QUIPMENT,Não cadastrado,Não cadastrado,Desconhecido
115.jpg,resultado_115.jpg,RVICE,Não cadastrado,Não cadastrado,Desconhecido
115.jpg,resultado_115.jpg,COUPLING,Não cadastrado,Não cadastrado,Desconhecido
115.jpg,resultado_115.jpg,DUCING,Não cadastrado,Não cadastrado,Desconhecido
115.jpg,resultado_115.jpg,PHON,Não cadastrado,Não cadastrado,Desconhecido
115.jpg,resultado_115.jpg,COUPL,Não cadastrado,Não cadastrado,Desconhecido
115.jpg,resultado_115.jpg,300,Não cadastrado,Não cadastrado,Desconhecido
115.jpg,resultado_115.jpg,MIN,Não cadastrado,Não cadastrado,Desconhecido
115.jpg,resultado_115.jpg,(NON:,Não cadastrado,Não cadastrado,Desconhecido
115.jpg,resultado_115.jpg,RVICF,Não cadastrado,Não cadastrado,Desconhecido
115.jpg,resultado_115.jpg,OO# & BEL,Não cadastrado,Não cadastrado,Desconhecido
115.jpg,resultado_115.jpg,300# & BEL,Não cadastrado,Não cadastrado,Desconhecido
116.jpg,resultado_116.jpg,ESD,Não cadastrado,Não cadastrado,Desconhecido
116.jpg,resultado_116.jpg,E8D,Não cadastrado,Não cadastrado,Desconhecido
116.jpg,resultado_116.jpg,ECDY,Não cadastrado,Não cadastrado,Desconhecido
116.jpg,resultado_116.jpg,ZSCE,Não cadastrado,Não cadastrado,Desconhecido
116.jpg,resultado_116.jpg,S0,Não cadastrado,Não cadastrado,Desconhecido
116.jpg,resultado_116.jpg,ISME,Não cadastrado,Não cadastrado,Desconhecido
116.jpg,resultado_116.jpg,ZHOE,Não cadastrado,Não cadastrado,Desconhecido
116.jpg,resultado_116.jpg,ZAME,Não cadastrado,Não cadastrado,Desconhecido
116.jpg,resultado_116.jpg,ZC,Não cadastrado,Não cadastrado,Desconhecido
116.jpg,resultado_116.jpg,PTN E6,Não cadastrado,Não cadastrado,Desconhecido
116.jpg,resultado_116.jpg,ESDY,Não cadastrado,Não cadastrado,Desconhecido
116.jpg,resultado_116.jpg,CLOSE LIMIT SMITCH,Não cadastrado,Não cadastrado,Desconhecido
116.jpg,resultado_116.jpg,ZSE,Não cadastrado,Não cadastrado,Desconhecido
116.jpg,resultado_116.jpg,ZZME,Não cadastrado,Não cadastrado,Desconhecido
116.jpg,resultado_116.jpg,23C2,Não cadastrado,Não cadastrado,Desconhecido
116.jpg,resultado_116.jpg,EZDV,Não cadastrado,Não cadastrado,Desconhecido
116.jpg,resultado_116.jpg,FC,Fail Close,Falha de Válvula,Identificado
116.jpg,resultado_116.jpg,IESI,Não cadastrado,Não cadastrado,Desconhecido
116.jpg,resultado_116.jpg,OPEN,Não cadastrado,Não cadastrado,Desconhecido
116.jpg,resultado_116.jpg,TEST,Não cadastrado,Não cadastrado,Desconhecido
116.jpg,resultado_116.jpg,RESET,Não cadastrado,Não cadastrado,Desconhecido
116.jpg,resultado_116.jpg,HJE,Não cadastrado,Não cadastrado,Desconhecido
116.jpg,resultado_116.jpg,ZLE,Não cadastrado,Não cadastrado,Desconhecido
116.jpg,resultado_116.jpg,HSE,Não cadastrado,Não cadastrado,Desconhecido
116.jpg,resultado_116.jpg,ZCC,Não cadastrado,Não cadastrado,Desconhecido
116.jpg,resultado_116.jpg,UZ,Não cadastrado,Não cadastrado,Desconhecido
116.jpg,resultado_116.jpg,Z8OE,Não cadastrado,Não cadastrado,Desconhecido
116.jpg,resultado_116.jpg,ZIE,Não cadastrado,Não cadastrado,Desconhecido
116.jpg,resultado_116.jpg,ZWE,Não cadastrado,Não cadastrado,Desconhecido
116.jpg,resultado_116.jpg,2105,Não cadastrado,Não cadastrado,Desconhecido
116.jpg,resultado_116.jpg,R,Não cadastrado,Não cadastrado,Desconhecido
116.jpg,resultado_116.jpg,ESC,Não cadastrado,Não cadastrado,Desconhecido
116.jpg,resultado_116.jpg,HE,Não cadastrado,Não cadastrado,Desconhecido
116.jpg,resultado_116.jpg,RSZET,Não cadastrado,Não cadastrado,Desconhecido
116.jpg,resultado_116.jpg,L,Não cadastrado,Não cadastrado,Desconhecido
116.jpg,resultado_116.jpg,0,Não cadastrado,Não cadastrado,Desconhecido
116.jpg,resultado_116.jpg,ZSOE,Não cadastrado,Não cadastrado,Desconhecido
116.jpg,resultado_116.jpg,ESDW,Não cadastrado,Não cadastrado,Desconhecido
116.jpg,resultado_116.jpg,ZNE,Não cadastrado,Não cadastrado,Desconhecido
116.jpg,resultado_116.jpg,ZHE,Não cadastrado,Não cadastrado,Desconhecido
116.jpg,resultado_116.jpg,ZSQE,Não cadastrado,Não cadastrado,Desconhecido
116.jpg,resultado_116.jpg,SXI,Não cadastrado,Não cadastrado,Desconhecido
116.jpg,resultado_116.jpg,OSE,Não cadastrado,Não cadastrado,Desconhecido
116.jpg,resultado_116.jpg,TION,Não cadastrado,Não cadastrado,Desconhecido
116.jpg,resultado_116.jpg,PTN E,Não cadastrado,Não cadastrado,Desconhecido
116.jpg,resultado_116.jpg,ZAOE,Não cadastrado,Não cadastrado,Desconhecido
116.jpg,resultado_116.jpg,ZAMME,Não cadastrado,Não cadastrado,Desconhecido
116.jpg,resultado_116.jpg,ZAC,Não cadastrado,Não cadastrado,Desconhecido
117.jpg,resultado_117.jpg,2,Não cadastrado,Não cadastrado,Desconhecido
117.jpg,resultado_117.jpg,5,Não cadastrado,Não cadastrado,Desconhecido
117.jpg,resultado_117.jpg,N,Não cadastrado,Não cadastrado,Desconhecido
117.jpg,resultado_117.jpg,PT,Não cadastrado,Não cadastrado,Desconhecido
117.jpg,resultado_117.jpg,0062,Não cadastrado,Não cadastrado,Desconhecido
117.jpg,resultado_117.jpg,PG,Não cadastrado,Não cadastrado,Desconhecido
117.jpg,resultado_117.jpg,0016L,Não cadastrado,Não cadastrado,Desconhecido
117.jpg,resultado_117.jpg,FT,Não cadastrado,Não cadastrado,Desconhecido
117.jpg,resultado_117.jpg,C06?,Não cadastrado,Não cadastrado,Desconhecido
117.jpg,resultado_117.jpg,0D61,Não cadastrado,Não cadastrado,Desconhecido
117.jpg,resultado_117.jpg,0161,Não cadastrado,Não cadastrado,Desconhecido
117.jpg,resultado_117.jpg,1,Não cadastrado,Não cadastrado,Desconhecido
117.jpg,resultado_117.jpg,"2""",Não cadastrado,Não cadastrado,Desconhecido
117.jpg,resultado_117.jpg,PI,Não cadastrado,Não cadastrado,Desconhecido
117.jpg,resultado_117.jpg,NOTE,Não cadastrado,Não cadastrado,Desconhecido
117.jpg,resultado_117.jpg,0063,Não cadastrado,Não cadastrado,Desconhecido
117.jpg,resultado_117.jpg,D061,Não cadastrado,Não cadastrado,Desconhecido
117.jpg,resultado_117.jpg,"0.5""",Não cadastrado,Não cadastrado,Desconhecido
117.jpg,resultado_117.jpg,FI,Não cadastrado,Não cadastrado,Desconhecido
117.jpg,resultado_117.jpg,0061,Não cadastrado,Não cadastrado,Desconhecido
117.jpg,resultado_117.jpg,006?,Não cadastrado,Não cadastrado,Desconhecido
117.jpg,resultado_117.jpg,BL,Não cadastrado,Não cadastrado,Desconhecido
117.jpg,resultado_117.jpg,9,Não cadastrado,Não cadastrado,Desconhecido
117.jpg,resultado_117.jpg,0,Não cadastrado,Não cadastrado,Desconhecido
117.jpg,resultado_117.jpg,8,Não cadastrado,Não cadastrado,Desconhecido
117.jpg,resultado_117.jpg,3,Não cadastrado,Não cadastrado,Desconhecido
117.jpg,resultado_117.jpg,{006?,Não cadastrado,Não cadastrado,Desconhecido
117.jpg,resultado_117.jpg,"0063,",Não cadastrado,Não cadastrado,Desconhecido
117.jpg,resultado_117.jpg,"2,5",Não cadastrado,Não cadastrado,Desconhecido
118.jpg,resultado_118.jpg,HCLD,Não cadastrado,Não cadastrado,Desconhecido
118.jpg,resultado_118.jpg,TOATA,Não cadastrado,Não cadastrado,Desconhecido
118.jpg,resultado_118.jpg,WOIL 4,Não cadastrado,Não cadastrado,Desconhecido
118.jpg,resultado_118.jpg,LOTE ],Não cadastrado,Não cadastrado,Desconhecido
119.jpg,resultado_119.jpg,LS,Não cadastrado,Não cadastrado,Desconhecido
119.jpg,resultado_119.jpg,NOTES,Não cadastrado,Não cadastrado,Desconhecido
119.jpg,resultado_119.jpg,04-Y0904E1,Não cadastrado,Não cadastrado,Desconhecido
119.jpg,resultado_119.jpg,KLD,Não cadastrado,Não cadastrado,Desconhecido
119.jpg,resultado_119.jpg,70Z71,Não cadastrado,Não cadastrado,Desconhecido
119.jpg,resultado_119.jpg,TON FEADER,Não cadastrado,Não cadastrado,Desconhecido
119.jpg,resultado_119.jpg,T0245,Não cadastrado,Não cadastrado,Desconhecido
119.jpg,resultado_119.jpg,8,Não cadastrado,Não cadastrado,Desconhecido
119.jpg,resultado_119.jpg,HCADER,Não cadastrado,Não cadastrado,Desconhecido
119.jpg,resultado_119.jpg,T6245,Não cadastrado,Não cadastrado,Desconhecido
119.jpg,resultado_119.jpg,003,Não cadastrado,Não cadastrado,Desconhecido
119.jpg,resultado_119.jpg,NOIE5,Não cadastrado,Não cadastrado,Desconhecido
119.jpg,resultado_119.jpg,T0216,Não cadastrado,Não cadastrado,Desconhecido
120.jpg,resultado_120.jpg,ME-001,Não cadastrado,Não cadastrado,Desconhecido
120.jpg,resultado_120.jpg,8,Não cadastrado,Não cadastrado,Desconhecido
120.jpg,resultado_120.jpg,HV 0038,Não cadastrado,Não cadastrado,Desconhecido
120.jpg,resultado_120.jpg,1,Não cadastrado,Não cadastrado,Desconhecido
120.jpg,resultado_120.jpg,ME-005,Não cadastrado,Não cadastrado,Desconhecido
120.jpg,resultado_120.jpg,ME-002,Não cadastrado,Não cadastrado,Desconhecido
120.jpg,resultado_120.jpg,ME-003,Não cadastrado,Não cadastrado,Desconhecido
120.jpg,resultado_120.jpg,HV 0035,Não cadastrado,Não cadastrado,Desconhecido
120.jpg,resultado_120.jpg,3,Não cadastrado,Não cadastrado,Desconhecido
120.jpg,resultado_120.jpg,HSV 0040,Não cadastrado,Não cadastrado,Desconhecido
120.jpg,resultado_120.jpg,HSV 0003,Não cadastrado,Não cadastrado,Desconhecido
120.jpg,resultado_120.jpg,HSV0044,Não cadastrado,Não cadastrado,Desconhecido
120.jpg,resultado_120.jpg,HSV X003,Não cadastrado,Não cadastrado,Desconhecido
120.jpg,resultado_120.jpg,HSV 0033,Não cadastrado,Não cadastrado,Desconhecido
120.jpg,resultado_120.jpg,H,Não cadastrado,Não cadastrado,Desconhecido
120.jpg,resultado_120.jpg,HV 0034,Não cadastrado,Não cadastrado,Desconhecido
120.jpg,resultado_120.jpg,SDV 0042,Não cadastrado,Não cadastrado,Desconhecido
120.jpg,resultado_120.jpg,V-OO1,Não cadastrado,Não cadastrado,Desconhecido
120.jpg,resultado_120.jpg,M-001,Não cadastrado,Não cadastrado,Desconhecido
120.jpg,resultado_120.jpg,SDV0041,Não cadastrado,Não cadastrado,Desconhecido
120.jpg,resultado_120.jpg,HSV 0026,Não cadastrado,Não cadastrado,Desconhecido
120.jpg,resultado_120.jpg,HSVX001,Não cadastrado,Não cadastrado,Desconhecido
120.jpg,resultado_120.jpg,HSV X004,Não cadastrado,Não cadastrado,Desconhecido
120.jpg,resultado_120.jpg,HSV 0030,Não cadastrado,Não cadastrado,Desconhecido
120.jpg,resultado_120.jpg,HSV 0028,Não cadastrado,Não cadastrado,Desconhecido
120.jpg,resultado_120.jpg,HV 0037,Não cadastrado,Não cadastrado,Desconhecido
120.jpg,resultado_120.jpg,SDV 0043,Não cadastrado,Não cadastrado,Desconhecido
120.jpg,resultado_120.jpg,HV 0023,Não cadastrado,Não cadastrado,Desconhecido
120.jpg,resultado_120.jpg,HV 0024,Não cadastrado,Não cadastrado,Desconhecido
120.jpg,resultado_120.jpg,COMPRESSOR SHOP BY-PASS,Não cadastrado,Não cadastrado,Desconhecido
120.jpg,resultado_120.jpg,INLET,Não cadastrado,Não cadastrado,Desconhecido
120.jpg,resultado_120.jpg,INLET FACILITIES,Não cadastrado,Não cadastrado,Desconhecido
120.jpg,resultado_120.jpg,SUCTION HEADER,Não cadastrado,Não cadastrado,Desconhecido
120.jpg,resultado_120.jpg,GCU,Não cadastrado,Não cadastrado,Desconhecido
120.jpg,resultado_120.jpg,DISCHARGE,Não cadastrado,Não cadastrado,Desconhecido
120.jpg,resultado_120.jpg,OUTLET,Não cadastrado,Não cadastrado,Desconhecido
120.jpg,resultado_120.jpg,PIPELINE,Não cadastrado,Não cadastrado,Desconhecido
120.jpg,resultado_120.jpg,HEADER,Não cadastrado,Não cadastrado,Desconhecido
120.jpg,resultado_120.jpg,PIPELINES,Não cadastrado,Não cadastrado,Desconhecido
120.jpg,resultado_120.jpg,EA,Não cadastrado,Não cadastrado,Desconhecido
120.jpg,resultado_120.jpg,2,Não cadastrado,Não cadastrado,Desconhecido
120.jpg,resultado_120.jpg,HSVO044,Não cadastrado,Não cadastrado,Desconhecido
120.jpg,resultado_120.jpg,V-001,Não cadastrado,Não cadastrado,Desconhecido
120.jpg,resultado_120.jpg,0041,Não cadastrado,Não cadastrado,Desconhecido
120.jpg,resultado_120.jpg,HSV 0001,Não cadastrado,Não cadastrado,Desconhecido
120.jpg,resultado_120.jpg,HSV X001,Não cadastrado,Não cadastrado,Desconhecido
120.jpg,resultado_120.jpg,FV X005,Não cadastrado,Não cadastrado,Desconhecido
120.jpg,resultado_120.jpg,V-0O1,Não cadastrado,Não cadastrado,Desconhecido
120.jpg,resultado_120.jpg,ME-O01,Não cadastrado,Não cadastrado,Desconhecido
120.jpg,resultado_120.jpg,X003,Não cadastrado,Não cadastrado,Desconhecido
121.jpg,resultado_121.jpg,129C-96-X-0002,Não cadastrado,Não cadastrado,Desconhecido
121.jpg,resultado_121.jpg,TIE-IN FOR,Não cadastrado,Não cadastrado,Desconhecido
121.jpg,resultado_121.jpg,FUTURE,Não cadastrado,Não cadastrado,Desconhecido
121.jpg,resultado_121.jpg,BERTH,Não cadastrado,Não cadastrado,Desconhecido
121.jpg,resultado_121.jpg,31,Não cadastrado,Não cadastrado,Desconhecido
121.jpg,resultado_121.jpg,CONNECTION,Não cadastrado,Não cadastrado,Desconhecido
121.jpg,resultado_121.jpg,129C_96-_K-0001,Não cadastrado,Não cadastrado,Desconhecido
121.jpg,resultado_121.jpg,129C-96-X-0004,Não cadastrado,Não cadastrado,Desconhecido
121.jpg,resultado_121.jpg,129C_96_K-0003,Não cadastrado,Não cadastrado,Desconhecido
121.jpg,resultado_121.jpg,129C_96_X-003,Não cadastrado,Não cadastrado,Desconhecido
121.jpg,resultado_121.jpg,129C-96_K-0002,Não cadastrado,Não cadastrado,Desconhecido
121.jpg,resultado_121.jpg,02,Não cadastrado,Não cadastrado,Desconhecido
121.jpg,resultado_121.jpg,PC,Não cadastrado,Não cadastrado,Desconhecido
121.jpg,resultado_121.jpg,129C-96-X-0001,Não cadastrado,Não cadastrado,Desconhecido
121.jpg,resultado_121.jpg,129C_96-_S-0001,Não cadastrado,Não cadastrado,Desconhecido
121.jpg,resultado_121.jpg,NNF,Não cadastrado,Não cadastrado,Desconhecido
121.jpg,resultado_121.jpg,DOCK SAFET  UNIT   SKID,Não cadastrado,Não cadastrado,Desconhecido
121.jpg,resultado_121.jpg,VAPOR BLOWER SKID,Não cadastrado,Não cadastrado,Desconhecido
121.jpg,resultado_121.jpg,129C-96-V-0001,Não cadastrado,Não cadastrado,Desconhecido
121.jpg,resultado_121.jpg,00,Não cadastrado,Não cadastrado,Desconhecido
121.jpg,resultado_121.jpg,LOWER,Não cadastrado,Não cadastrado,Desconhecido
121.jpg,resultado_121.jpg,VAPOR,Não cadastrado,Não cadastrado,Desconhecido
121.jpg,resultado_121.jpg,SAFET,Não cadastrado,Não cadastrado,Desconhecido
121.jpg,resultado_121.jpg,DOCK,Não cadastrado,Não cadastrado,Desconhecido
121.jpg,resultado_121.jpg,129C_96_S-0001,Não cadastrado,Não cadastrado,Desconhecido
121.jpg,resultado_121.jpg,129C,Não cadastrado,Não cadastrado,Desconhecido
121.jpg,resultado_121.jpg,129C_96_K_0002,Não cadastrado,Não cadastrado,Desconhecido
121.jpg,resultado_121.jpg,TIE-IN,Não cadastrado,Não cadastrado,Desconhecido
121.jpg,resultado_121.jpg,FOR,Não cadastrado,Não cadastrado,Desconhecido
121.jpg,resultado_121.jpg,BERTH 31,Não cadastrado,Não cadastrado,Desconhecido
121.jpg,resultado_121.jpg,ECTION,Não cadastrado,Não cadastrado,Desconhecido
121.jpg,resultado_121.jpg,ERTH,Não cadastrado,Não cadastrado,Desconhecido
121.jpg,resultado_121.jpg,FUTU,Não cadastrado,Não cadastrado,Desconhecido
121.jpg,resultado_121.jpg,129C-_96_K_0001,Não cadastrado,Não cadastrado,Desconhecido
121.jpg,resultado_121.jpg,129C_96_X-0004,Não cadastrado,Não cadastrado,Desconhecido
121.jpg,resultado_121.jpg,129C-_96_K-0002,Não cadastrado,Não cadastrado,Desconhecido
121.jpg,resultado_121.jpg,INIT,Não cadastrado,Não cadastrado,Desconhecido
121.jpg,resultado_121.jpg,129C-96-K-0003,Não cadastrado,Não cadastrado,Desconhecido
121.jpg,resultado_121.jpg,129C_96_K_0Q03,Não cadastrado,Não cadastrado,Desconhecido
121.jpg,resultado_121.jpg,129C-_96_K-0001,Não cadastrado,Não cadastrado,Desconhecido
121.jpg,resultado_121.jpg,129C_96-X-0004,Não cadastrado,Não cadastrado,Desconhecido
121.jpg,resultado_121.jpg,129C_96,Não cadastrado,Não cadastrado,Desconhecido
122.jpg,resultado_122.jpg,VALVES,Não cadastrado,Não cadastrado,Desconhecido
122.jpg,resultado_122.jpg,GATE,Não cadastrado,Não cadastrado,Desconhecido
122.jpg,resultado_122.jpg,NEEDLE,Não cadastrado,Não cadastrado,Desconhecido
122.jpg,resultado_122.jpg,FOUR-WAY,Não cadastrado,Não cadastrado,Desconhecido
122.jpg,resultado_122.jpg,ANGLE,Não cadastrado,Não cadastrado,Desconhecido
122.jpg,resultado_122.jpg,DIAPHRAGM,Não cadastrado,Não cadastrado,Desconhecido
122.jpg,resultado_122.jpg,MANUAL,Não cadastrado,Não cadastrado,Desconhecido
122.jpg,resultado_122.jpg,VALVE,Não cadastrado,Não cadastrado,Desconhecido
122.jpg,resultado_122.jpg,OPERATED,Não cadastrado,Não cadastrado,Desconhecido
122.jpg,resultado_122.jpg,GAUGE,Não cadastrado,Não cadastrado,Desconhecido
122.jpg,resultado_122.jpg,SOLENOID,Não cadastrado,Não cadastrado,Desconhecido
122.jpg,resultado_122.jpg,HYDRAULIC,Não cadastrado,Não cadastrado,Desconhecido
122.jpg,resultado_122.jpg,BACK,Não cadastrado,Não cadastrado,Desconhecido
122.jpg,resultado_122.jpg,PNEUMATIC,Não cadastrado,Não cadastrado,Desconhecido
122.jpg,resultado_122.jpg,PRESSURE,Não cadastrado,Não cadastrado,Desconhecido
122.jpg,resultado_122.jpg,CLOSED,Não cadastrado,Não cadastrado,Desconhecido
122.jpg,resultado_122.jpg,REGULATOR,Não cadastrado,Não cadastrado,Desconhecido
122.jpg,resultado_122.jpg,GLOBE,Não cadastrado,Não cadastrado,Desconhecido
122.jpg,resultado_122.jpg,THREE-WAY,Não cadastrado,Não cadastrado,Desconhecido
122.jpg,resultado_122.jpg,BUTTERFLY,Não cadastrado,Não cadastrado,Desconhecido
122.jpg,resultado_122.jpg,RELIEF,Não cadastrado,Não cadastrado,Desconhecido
122.jpg,resultado_122.jpg,BALL,Não cadastrado,Não cadastrado,Desconhecido
122.jpg,resultado_122.jpg,CHECK VALVE,Não cadastrado,Não cadastrado,Desconhecido
122.jpg,resultado_122.jpg,PLUG,Não cadastrado,Não cadastrado,Desconhecido
122.jpg,resultado_122.jpg,BLEEDER,Não cadastrado,Não cadastrado,Desconhecido
122.jpg,resultado_122.jpg,ORIFICE,Não cadastrado,Não cadastrado,Desconhecido
122.jpg,resultado_122.jpg,BUTTERFLY VALVE,Não cadastrado,Não cadastrado,Desconhecido
122.jpg,resultado_122.jpg,MOTOR,Não cadastrado,Não cadastrado,Desconhecido
122.jpg,resultado_122.jpg,ROTAMETER,Não cadastrado,Não cadastrado,Desconhecido
122.jpg,resultado_122.jpg,PRV,Não cadastrado,Não cadastrado,Desconhecido
122.jpg,resultado_122.jpg,SAFETY,Não cadastrado,Não cadastrado,Desconhecido
122.jpg,resultado_122.jpg,PSV,Não cadastrado,Não cadastrado,Desconhecido
122.jpg,resultado_122.jpg,ALVES,Não cadastrado,Não cadastrado,Desconhecido
122.jpg,resultado_122.jpg,ROTAME,Não cadastrado,Não cadastrado,Desconhecido
122.jpg,resultado_122.jpg,RELIE,Não cadastrado,Não cadastrado,Desconhecido
122.jpg,resultado_122.jpg,REGULA,Não cadastrado,Não cadastrado,Desconhecido
122.jpg,resultado_122.jpg,REGU,Não cadastrado,Não cadastrado,Desconhecido
122.jpg,resultado_122.jpg,RESSU,Não cadastrado,Não cadastrado,Desconhecido
122.jpg,resultado_122.jpg,PRESSU,Não cadastrado,Não cadastrado,Desconhecido
122.jpg,resultado_122.jpg,OPERA,Não cadastrado,Não cadastrado,Desconhecido
122.jpg,resultado_122.jpg,PNEU,Não cadastrado,Não cadastrado,Desconhecido
122.jpg,resultado_122.jpg,HYDRA,Não cadastrado,Não cadastrado,Desconhecido
122.jpg,resultado_122.jpg,DIAPH,Não cadastrado,Não cadastrado,Desconhecido
123.jpg,resultado_123.jpg,COMPRESSORS,Não cadastrado,Não cadastrado,Desconhecido
123.jpg,resultado_123.jpg,UGU,Não cadastrado,Não cadastrado,Desconhecido
123.jpg,resultado_123.jpg,RECIPROCATING,Não cadastrado,Não cadastrado,Desconhecido
123.jpg,resultado_123.jpg,COMPRESSOR &,Não cadastrado,Não cadastrado,Desconhecido
123.jpg,resultado_123.jpg,CENTRIFUGAL,Não cadastrado,Não cadastrado,Desconhecido
123.jpg,resultado_123.jpg,COMPRESSOR,Não cadastrado,Não cadastrado,Desconhecido
123.jpg,resultado_123.jpg,SILENCERS,Não cadastrado,Não cadastrado,Desconhecido
123.jpg,resultado_123.jpg,ROTARY,Não cadastrado,Não cadastrado,Desconhecido
123.jpg,resultado_123.jpg,LIQUID RING,Não cadastrado,Não cadastrado,Desconhecido
123.jpg,resultado_123.jpg,CENTRIFUGAL COMPRESSOR,Não cadastrado,Não cadastrado,Desconhecido
123.jpg,resultado_123.jpg,(TURBINE DRIVEN),Não cadastrado,Não cadastrado,Desconhecido
123.jpg,resultado_123.jpg,DRIVEN,Não cadastrado,Não cadastrado,Desconhecido
123.jpg,resultado_123.jpg,RIFUGAL,Não cadastrado,Não cadastrado,Desconhecido
123.jpg,resultado_123.jpg,LIQUID,Não cadastrado,Não cadastrado,Desconhecido
123.jpg,resultado_123.jpg,TRIFUGAL,Não cadastrado,Não cadastrado,Desconhecido
123.jpg,resultado_123.jpg,RECIPROCA,Não cadastrado,Não cadastrado,Desconhecido
123.jpg,resultado_123.jpg,M,Não cadastrado,Não cadastrado,Desconhecido
124.jpg,resultado_124.jpg,PUMPS & TURBINE,Não cadastrado,Não cadastrado,Desconhecido
124.jpg,resultado_124.jpg,VACUUM,Não cadastrado,Não cadastrado,Desconhecido
124.jpg,resultado_124.jpg,CENTRIFUGAL,Não cadastrado,Não cadastrado,Desconhecido
124.jpg,resultado_124.jpg,PUMPS,Não cadastrado,Não cadastrado,Desconhecido
124.jpg,resultado_124.jpg,PUMP,Não cadastrado,Não cadastrado,Desconhecido
124.jpg,resultado_124.jpg,VERTICAL,Não cadastrado,Não cadastrado,Desconhecido
124.jpg,resultado_124.jpg,SCREW PUMP,Não cadastrado,Não cadastrado,Desconhecido
124.jpg,resultado_124.jpg,GEAR PUMP,Não cadastrado,Não cadastrado,Desconhecido
124.jpg,resultado_124.jpg,TURBINE,Não cadastrado,Não cadastrado,Desconhecido
124.jpg,resultado_124.jpg,GEAR,Não cadastrado,Não cadastrado,Desconhecido
124.jpg,resultado_124.jpg,SCREW,Não cadastrado,Não cadastrado,Desconhecido
124.jpg,resultado_124.jpg,ERTICAL,Não cadastrado,Não cadastrado,Desconhecido
124.jpg,resultado_124.jpg,TRIFUGAL,Não cadastrado,Não cadastrado,Desconhecido
124.jpg,resultado_124.jpg,TU,Não cadastrado,Não cadastrado,Desconhecido
124.jpg,resultado_124.jpg,M,Não cadastrado,Não cadastrado,Desconhecido
125.jpg,resultado_125.jpg,HEAT EXCHANGERS,Não cadastrado,Não cadastrado,Desconhecido
125.jpg,resultado_125.jpg,HAIRPIN EXCHANGER,Não cadastrado,Não cadastrado,Desconhecido
125.jpg,resultado_125.jpg,U-TUBE,Não cadastrado,Não cadastrado,Desconhecido
125.jpg,resultado_125.jpg,SHELL & TUBE HEAT EXCHANGER,Não cadastrado,Não cadastrado,Desconhecido
125.jpg,resultado_125.jpg,HEAT EXCHANGER,Não cadastrado,Não cadastrado,Desconhecido
125.jpg,resultado_125.jpg,SINGLE PASS,Não cadastrado,Não cadastrado,Desconhecido
125.jpg,resultado_125.jpg,REBOILER,Não cadastrado,Não cadastrado,Desconhecido
125.jpg,resultado_125.jpg,HEATER,Não cadastrado,Não cadastrado,Desconhecido
125.jpg,resultado_125.jpg,CONDENSER,Não cadastrado,Não cadastrado,Desconhecido
125.jpg,resultado_125.jpg,CHANGER,Não cadastrado,Não cadastrado,Desconhecido
125.jpg,resultado_125.jpg,SINGLE,Não cadastrado,Não cadastrado,Desconhecido
125.jpg,resultado_125.jpg,CHANGE,Não cadastrado,Não cadastrado,Desconhecido
125.jpg,resultado_125.jpg,EX,Não cadastrado,Não cadastrado,Desconhecido
125.jpg,resultado_125.jpg,"EA""",Não cadastrado,Não cadastrado,Desconhecido
127.jpg,resultado_127.jpg,VESSELS,Não cadastrado,Não cadastrado,Desconhecido
127.jpg,resultado_127.jpg,TEMP INDICATOR,Não cadastrado,Não cadastrado,Desconhecido
127.jpg,resultado_127.jpg,DRUM OR CONDENSER,Não cadastrado,Não cadastrado,Desconhecido
127.jpg,resultado_127.jpg,TEMP TRANSMITTER,Não cadastrado,Não cadastrado,Desconhecido
127.jpg,resultado_127.jpg,TEMP RECORDER,Não cadastrado,Não cadastrado,Desconhecido
127.jpg,resultado_127.jpg,MIXER,Não cadastrado,Não cadastrado,Desconhecido
127.jpg,resultado_127.jpg,LEVEL INDICATOR,Não cadastrado,Não cadastrado,Desconhecido
127.jpg,resultado_127.jpg,LEVEL TRANSMITTER,Não cadastrado,Não cadastrado,Desconhecido
127.jpg,resultado_127.jpg,TANK,Não cadastrado,Não cadastrado,Desconhecido
127.jpg,resultado_127.jpg,LEVEL CONTROLLER,Não cadastrado,Não cadastrado,Desconhecido
127.jpg,resultado_127.jpg,MIXING REACTOR,Não cadastrado,Não cadastrado,Desconhecido
127.jpg,resultado_127.jpg,FORCED-DRAFT COOLING TOWER,Não cadastrado,Não cadastrado,Desconhecido
127.jpg,resultado_127.jpg,FLOW INDICATOR,Não cadastrado,Não cadastrado,Desconhecido
127.jpg,resultado_127.jpg,FLOW TRANSMITTER,Não cadastrado,Não cadastrado,Desconhecido
127.jpg,resultado_127.jpg,FLOW RECORDER,Não cadastrado,Não cadastrado,Desconhecido
127.jpg,resultado_127.jpg,PRESSURE INDICATOR,Não cadastrado,Não cadastrado,Desconhecido
127.jpg,resultado_127.jpg,TOWER,Não cadastrado,Não cadastrado,Desconhecido
127.jpg,resultado_127.jpg,PRESSURE TRANSMITTER,Não cadastrado,Não cadastrado,Desconhecido
127.jpg,resultado_127.jpg,BIN,Não cadastrado,Não cadastrado,Desconhecido
127.jpg,resultado_127.jpg,WITH PACKING,Não cadastrado,Não cadastrado,Desconhecido
127.jpg,resultado_127.jpg,PRC,Não cadastrado,Não cadastrado,Desconhecido
127.jpg,resultado_127.jpg,PRESSURE RECORDING,Não cadastrado,Não cadastrado,Desconhecido
127.jpg,resultado_127.jpg,FURNACE,Não cadastrado,Não cadastrado,Desconhecido
127.jpg,resultado_127.jpg,INDUCED-DRAFT COOLING TOWER,Não cadastrado,Não cadastrado,Desconhecido
127.jpg,resultado_127.jpg,CONTROLLER,Não cadastrado,Não cadastrado,Desconhecido
127.jpg,resultado_127.jpg,CONT,Não cadastrado,Não cadastrado,Desconhecido
127.jpg,resultado_127.jpg,NDUCED-DRA,Não cadastrado,Não cadastrado,Desconhecido
127.jpg,resultado_127.jpg,RNAC,Não cadastrado,Não cadastrado,Desconhecido
127.jpg,resultado_127.jpg,ECORDI,Não cadastrado,Não cadastrado,Desconhecido
127.jpg,resultado_127.jpg,RESSU,Não cadastrado,Não cadastrado,Desconhecido
127.jpg,resultado_127.jpg,PT,Não cadastrado,Não cadastrado,Desconhecido
127.jpg,resultado_127.jpg,PI,Não cadastrado,Não cadastrado,Desconhecido
127.jpg,resultado_127.jpg,ECORDER,Não cadastrado,Não cadastrado,Desconhecido
127.jpg,resultado_127.jpg,FLOW,Não cadastrado,Não cadastrado,Desconhecido
127.jpg,resultado_127.jpg,COOLI,Não cadastrado,Não cadastrado,Desconhecido
127.jpg,resultado_127.jpg,FORCED-,Não cadastrado,Não cadastrado,Desconhecido
127.jpg,resultado_127.jpg,FR,Não cadastrado,Não cadastrado,Desconhecido
127.jpg,resultado_127.jpg,FT,Não cadastrado,Não cadastrado,Desconhecido
127.jpg,resultado_127.jpg,FI,Não cadastrado,Não cadastrado,Desconhecido
127.jpg,resultado_127.jpg,REACT,Não cadastrado,Não cadastrado,Desconhecido
127.jpg,resultado_127.jpg,LC,Não cadastrado,Não cadastrado,Desconhecido
127.jpg,resultado_127.jpg,ECORDE,Não cadastrado,Não cadastrado,Desconhecido
127.jpg,resultado_127.jpg,CONDENSER,Não cadastrado,Não cadastrado,Desconhecido
127.jpg,resultado_127.jpg,SS,Não cadastrado,Não cadastrado,Desconhecido
127.jpg,resultado_127.jpg,TR,Não cadastrado,Não cadastrado,Desconhecido
128.jpg,resultado_128.jpg,COOLING TOWER,Não cadastrado,Não cadastrado,Desconhecido
128.jpg,resultado_128.jpg,VACUUM PUMP,Não cadastrado,Não cadastrado,Desconhecido
128.jpg,resultado_128.jpg,PRODUCT,Não cadastrado,Não cadastrado,Desconhecido
128.jpg,resultado_128.jpg,TANK,Não cadastrado,Não cadastrado,Desconhecido
128.jpg,resultado_128.jpg,DRUM,Não cadastrado,Não cadastrado,Desconhecido
128.jpg,resultado_128.jpg,FURNACE,Não cadastrado,Não cadastrado,Desconhecido
128.jpg,resultado_128.jpg,FEED TANK,Não cadastrado,Não cadastrado,Desconhecido
128.jpg,resultado_128.jpg,COLUMN,Não cadastrado,Não cadastrado,Desconhecido
128.jpg,resultado_128.jpg,REACTORS,Não cadastrado,Não cadastrado,Desconhecido
128.jpg,resultado_128.jpg,BOTTOMS TANK,Não cadastrado,Não cadastrado,Desconhecido
128.jpg,resultado_128.jpg,BOILER,Não cadastrado,Não cadastrado,Desconhecido
128.jpg,resultado_128.jpg,REACTO,Não cadastrado,Não cadastrado,Desconhecido
129.jpg,resultado_129.jpg,BALL,Não cadastrado,Não cadastrado,Desconhecido
129.jpg,resultado_129.jpg,GATE,Não cadastrado,Não cadastrado,Desconhecido
129.jpg,resultado_129.jpg,MANUAL,Não cadastrado,Não cadastrado,Desconhecido
129.jpg,resultado_129.jpg,PNEUMATIC,Não cadastrado,Não cadastrado,Desconhecido
129.jpg,resultado_129.jpg,BLEEDER,Não cadastrado,Não cadastrado,Desconhecido
129.jpg,resultado_129.jpg,VALVE,Não cadastrado,Não cadastrado,Desconhecido
129.jpg,resultado_129.jpg,OPERATED,Não cadastrado,Não cadastrado,Desconhecido
129.jpg,resultado_129.jpg,VALVES,Não cadastrado,Não cadastrado,Desconhecido
129.jpg,resultado_129.jpg,PLUG,Não cadastrado,Não cadastrado,Desconhecido
129.jpg,resultado_129.jpg,ANGLE,Não cadastrado,Não cadastrado,Desconhecido
129.jpg,resultado_129.jpg,GLOBE,Não cadastrado,Não cadastrado,Desconhecido
129.jpg,resultado_129.jpg,KNIFE VALVE,Não cadastrado,Não cadastrado,Desconhecido
129.jpg,resultado_129.jpg,BUTTERFLY,Não cadastrado,Não cadastrado,Desconhecido
129.jpg,resultado_129.jpg,RELIEF,Não cadastrado,Não cadastrado,Desconhecido
129.jpg,resultado_129.jpg,PINCH VALVE,Não cadastrado,Não cadastrado,Desconhecido
129.jpg,resultado_129.jpg,SOLENOID VALVE,Não cadastrado,Não cadastrado,Desconhecido
129.jpg,resultado_129.jpg,SAFETY (GASES),Não cadastrado,Não cadastrado,Desconhecido
129.jpg,resultado_129.jpg,CLOSED,Não cadastrado,Não cadastrado,Desconhecido
129.jpg,resultado_129.jpg,CHECK,Não cadastrado,Não cadastrado,Desconhecido
129.jpg,resultado_129.jpg,STOP CHECK,Não cadastrado,Não cadastrado,Desconhecido
129.jpg,resultado_129.jpg,DIAPHRAGM,Não cadastrado,Não cadastrado,Desconhecido
129.jpg,resultado_129.jpg,THREE-WAY,Não cadastrado,Não cadastrado,Desconhecido
129.jpg,resultado_129.jpg,FOUR-WAY,Não cadastrado,Não cadastrado,Desconhecido
129.jpg,resultado_129.jpg,LOBE,Não cadastrado,Não cadastrado,Desconhecido
129.jpg,resultado_129.jpg,OPE,Não cadastrado,Não cadastrado,Desconhecido
129.jpg,resultado_129.jpg,VALVE SYMBOLS,Não cadastrado,Não cadastrado,Desconhecido
129.jpg,resultado_129.jpg,B,Não cadastrado,Não cadastrado,Desconhecido
129.jpg,resultado_129.jpg,M,Não cadastrado,Não cadastrado,Desconhecido
129.jpg,resultado_129.jpg,F,Não cadastrado,Não cadastrado,Desconhecido
129.jpg,resultado_129.jpg,V,Não cadastrado,Não cadastrado,Desconhecido
129.jpg,resultado_129.jpg,A,Não cadastrado,Não cadastrado,Desconhecido
129.jpg,resultado_129.jpg,S,Não cadastrado,Não cadastrado,Desconhecido
130.jpg,resultado_130.jpg,VACUUM,Não cadastrado,Não cadastrado,Desconhecido
130.jpg,resultado_130.jpg,HORIZONTAL,Não cadastrado,Não cadastrado,Desconhecido
130.jpg,resultado_130.jpg,PUMP,Não cadastrado,Não cadastrado,Desconhecido
130.jpg,resultado_130.jpg,VERTICAL,Não cadastrado,Não cadastrado,Desconhecido
130.jpg,resultado_130.jpg,SUMP PUMP,Não cadastrado,Não cadastrado,Desconhecido
130.jpg,resultado_130.jpg,ORIFICE,Não cadastrado,Não cadastrado,Desconhecido
130.jpg,resultado_130.jpg,CENTRIFUGAL,Não cadastrado,Não cadastrado,Desconhecido
130.jpg,resultado_130.jpg,ROTAMETER,Não cadastrado,Não cadastrado,Desconhecido
130.jpg,resultado_130.jpg,GEAR,Não cadastrado,Não cadastrado,Desconhecido
130.jpg,resultado_130.jpg,POSITIVE,Não cadastrado,Não cadastrado,Desconhecido
130.jpg,resultado_130.jpg,DISPLACEMENT,Não cadastrado,Não cadastrado,Desconhecido
130.jpg,resultado_130.jpg,GAUGE,Não cadastrado,Não cadastrado,Desconhecido
130.jpg,resultado_130.jpg,RECIPROCATING,Não cadastrado,Não cadastrado,Desconhecido
130.jpg,resultado_130.jpg,SCREW PUMP,Não cadastrado,Não cadastrado,Desconhecido
130.jpg,resultado_130.jpg,PROGRESSIVE CAVITY,Não cadastrado,Não cadastrado,Desconhecido
130.jpg,resultado_130.jpg,OG,Não cadastrado,Não cadastrado,Desconhecido
130.jpg,resultado_130.jpg,RIFICE,Não cadastrado,Não cadastrado,Desconhecido
130.jpg,resultado_130.jpg,EQUIPMENT SYMBOLS,Não cadastrado,Não cadastrado,Desconhecido
130.jpg,resultado_130.jpg,B,Não cadastrado,Não cadastrado,Desconhecido
130.jpg,resultado_130.jpg,M,Não cadastrado,Não cadastrado,Desconhecido
130.jpg,resultado_130.jpg,T,Não cadastrado,Não cadastrado,Desconhecido
130.jpg,resultado_130.jpg,N,Não cadastrado,Não cadastrado,Desconhecido
130.jpg,resultado_130.jpg,F,Não cadastrado,Não cadastrado,Desconhecido
130.jpg,resultado_130.jpg,P,Não cadastrado,Não cadastrado,Desconhecido
130.jpg,resultado_130.jpg,U,Não cadastrado,Não cadastrado,Desconhecido
130.jpg,resultado_130.jpg,S,Não cadastrado,Não cadastrado,Desconhecido
131.jpg,resultado_131.jpg,DOUBLE-PIPE,Não cadastrado,Não cadastrado,Desconhecido
131.jpg,resultado_131.jpg,PLATE AND FRAME,Não cadastrado,Não cadastrado,Desconhecido
131.jpg,resultado_131.jpg,SPIRAL HEAT,Não cadastrado,Não cadastrado,Desconhecido
131.jpg,resultado_131.jpg,HEAT EXCHANGER,Não cadastrado,Não cadastrado,Desconhecido
131.jpg,resultado_131.jpg,EXCHANGER,Não cadastrado,Não cadastrado,Desconhecido
131.jpg,resultado_131.jpg,AIR COOLED EXCHANGER,Não cadastrado,Não cadastrado,Desconhecido
131.jpg,resultado_131.jpg,(LOUVERS OPTIONAL),Não cadastrado,Não cadastrado,Desconhecido
131.jpg,resultado_131.jpg,CONDENSER,Não cadastrado,Não cadastrado,Desconhecido
131.jpg,resultado_131.jpg,HEATER,Não cadastrado,Não cadastrado,Desconhecido
131.jpg,resultado_131.jpg,IONA,Não cadastrado,Não cadastrado,Desconhecido
131.jpg,resultado_131.jpg,COOL,Não cadastrado,Não cadastrado,Desconhecido
132.jpg,resultado_132.jpg,INDUCED DRAFT,Não cadastrado,Não cadastrado,Desconhecido
132.jpg,resultado_132.jpg,CROSSFLOW,Não cadastrado,Não cadastrado,Desconhecido
132.jpg,resultado_132.jpg,NATURAL DRAFT,Não cadastrado,Não cadastrado,Desconhecido
132.jpg,resultado_132.jpg,COUNTERFLOW,Não cadastrado,Não cadastrado,Desconhecido
132.jpg,resultado_132.jpg,BOILER,Não cadastrado,Não cadastrado,Desconhecido
132.jpg,resultado_132.jpg,ROTARY SCREW,Não cadastrado,Não cadastrado,Desconhecido
132.jpg,resultado_132.jpg,FURNACE,Não cadastrado,Não cadastrado,Desconhecido
132.jpg,resultado_132.jpg,COMPRESSOR,Não cadastrado,Não cadastrado,Desconhecido
132.jpg,resultado_132.jpg,SO,Não cadastrado,Não cadastrado,Desconhecido
132.jpg,resultado_132.jpg,CO,Não cadastrado,Não cadastrado,Desconhecido
133.jpg,resultado_133.jpg,SINGLE,Não cadastrado,Não cadastrado,Desconhecido
133.jpg,resultado_133.jpg,PASS,Não cadastrado,Não cadastrado,Desconhecido
133.jpg,resultado_133.jpg,DEMISTER,Não cadastrado,Não cadastrado,Desconhecido
133.jpg,resultado_133.jpg,SPRAY,Não cadastrado,Não cadastrado,Desconhecido
133.jpg,resultado_133.jpg,NOZZLE,Não cadastrado,Não cadastrado,Desconhecido
133.jpg,resultado_133.jpg,CHIMNEY,Não cadastrado,Não cadastrado,Desconhecido
133.jpg,resultado_133.jpg,PACKED,Não cadastrado,Não cadastrado,Desconhecido
133.jpg,resultado_133.jpg,TWO PASS,Não cadastrado,Não cadastrado,Desconhecido
133.jpg,resultado_133.jpg,SECTION,Não cadastrado,Não cadastrado,Desconhecido
133.jpg,resultado_133.jpg,DRAW OFF,Não cadastrado,Não cadastrado,Desconhecido
133.jpg,resultado_133.jpg,GENERIC,Não cadastrado,Não cadastrado,Desconhecido
133.jpg,resultado_133.jpg,MANWAY,Não cadastrado,Não cadastrado,Desconhecido
133.jpg,resultado_133.jpg,3,Não cadastrado,Não cadastrado,Desconhecido
133.jpg,resultado_133.jpg,VORTEX,Não cadastrado,Não cadastrado,Desconhecido
133.jpg,resultado_133.jpg,BREAKER,Não cadastrado,Não cadastrado,Desconhecido
133.jpg,resultado_133.jpg,DRUM,Não cadastrado,Não cadastrado,Desconhecido
133.jpg,resultado_133.jpg,SPHERE,Não cadastrado,Não cadastrado,Desconhecido
133.jpg,resultado_133.jpg,DOME ROOF,Não cadastrado,Não cadastrado,Desconhecido
133.jpg,resultado_133.jpg,TANK,Não cadastrado,Não cadastrado,Desconhecido
133.jpg,resultado_133.jpg,CONE ROOF,Não cadastrado,Não cadastrado,Desconhecido
133.jpg,resultado_133.jpg,INTERNAL FLOATING,Não cadastrado,Não cadastrado,Desconhecido
133.jpg,resultado_133.jpg,ROOF TANK,Não cadastrado,Não cadastrado,Desconhecido
133.jpg,resultado_133.jpg,TRAY,Não cadastrado,Não cadastrado,Desconhecido
133.jpg,resultado_133.jpg,OO,Não cadastrado,Não cadastrado,Desconhecido
133.jpg,resultado_133.jpg,R,Não cadastrado,Não cadastrado,Desconhecido
133.jpg,resultado_133.jpg,MANW,Não cadastrado,Não cadastrado,Desconhecido
133.jpg,resultado_133.jpg,GENE,Não cadastrado,Não cadastrado,Desconhecido
133.jpg,resultado_133.jpg,DEMI,Não cadastrado,Não cadastrado,Desconhecido
133.jpg,resultado_133.jpg,33333,Não cadastrado,Não cadastrado,Desconhecido
134.jpg,resultado_134.jpg,GATE VALVES,Não cadastrado,Não cadastrado,Desconhecido
134.jpg,resultado_134.jpg,GATE,Não cadastrado,Não cadastrado,Desconhecido
134.jpg,resultado_134.jpg,MANUAL,Não cadastrado,Não cadastrado,Desconhecido
134.jpg,resultado_134.jpg,PNEUMATIC,Não cadastrado,Não cadastrado,Desconhecido
134.jpg,resultado_134.jpg,MOTOR,Não cadastrado,Não cadastrado,Desconhecido
134.jpg,resultado_134.jpg,HYDRAULIC,Não cadastrado,Não cadastrado,Desconhecido
134.jpg,resultado_134.jpg,BLEEDER,Não cadastrado,Não cadastrado,Desconhecido
134.jpg,resultado_134.jpg,VALVE,Não cadastrado,Não cadastrado,Desconhecido
134.jpg,resultado_134.jpg,OPERATED,Não cadastrado,Não cadastrado,Desconhecido
134.jpg,resultado_134.jpg,VALVES,Não cadastrado,Não cadastrado,Desconhecido
134.jpg,resultado_134.jpg,GLOBE VALVES,Não cadastrado,Não cadastrado,Desconhecido
134.jpg,resultado_134.jpg,ANGLE,Não cadastrado,Não cadastrado,Desconhecido
134.jpg,resultado_134.jpg,GLOBE,Não cadastrado,Não cadastrado,Desconhecido
134.jpg,resultado_134.jpg,NEEDLE,Não cadastrado,Não cadastrado,Desconhecido
134.jpg,resultado_134.jpg,BALL VALVES,Não cadastrado,Não cadastrado,Desconhecido
134.jpg,resultado_134.jpg,PLUG VALVES,Não cadastrado,Não cadastrado,Desconhecido
134.jpg,resultado_134.jpg,BALL,Não cadastrado,Não cadastrado,Desconhecido
134.jpg,resultado_134.jpg,MOTOR OR,Não cadastrado,Não cadastrado,Desconhecido
134.jpg,resultado_134.jpg,BUTTERFLY VALVES,Não cadastrado,Não cadastrado,Desconhecido
134.jpg,resultado_134.jpg,M,Não cadastrado,Não cadastrado,Desconhecido
134.jpg,resultado_134.jpg,BUTTERFLY,Não cadastrado,Não cadastrado,Desconhecido
134.jpg,resultado_134.jpg,SOLENOID VALVE,Não cadastrado,Não cadastrado,Desconhecido
134.jpg,resultado_134.jpg,CLOSED,Não cadastrado,Não cadastrado,Desconhecido
134.jpg,resultado_134.jpg,DIAPHRAGM VALVES,Não cadastrado,Não cadastrado,Desconhecido
134.jpg,resultado_134.jpg,CHECK VALVES,Não cadastrado,Não cadastrado,Desconhecido
134.jpg,resultado_134.jpg,CHECK,Não cadastrado,Não cadastrado,Desconhecido
134.jpg,resultado_134.jpg,DIAPHRAGM,Não cadastrado,Não cadastrado,Desconhecido
134.jpg,resultado_134.jpg,SAFETY (GASES),Não cadastrado,Não cadastrado,Desconhecido
134.jpg,resultado_134.jpg,RELIEF (LIQUIDS),Não cadastrado,Não cadastrado,Desconhecido
134.jpg,resultado_134.jpg,FOUR-WAY,Não cadastrado,Não cadastrado,Desconhecido
134.jpg,resultado_134.jpg,THREE-WAY,Não cadastrado,Não cadastrado,Desconhecido
134.jpg,resultado_134.jpg,RELIEF,Não cadastrado,Não cadastrado,Desconhecido
134.jpg,resultado_134.jpg,KNIFE VALVE,Não cadastrado,Não cadastrado,Desconhecido
134.jpg,resultado_134.jpg,PINCH VALVE,Não cadastrado,Não cadastrado,Desconhecido
134.jpg,resultado_134.jpg,GAUGE,Não cadastrado,Não cadastrado,Desconhecido
134.jpg,resultado_134.jpg,ROTAMETER,Não cadastrado,Não cadastrado,Desconhecido
134.jpg,resultado_134.jpg,ORIFICE,Não cadastrado,Não cadastrado,Desconhecido
134.jpg,resultado_134.jpg,PLUG,Não cadastrado,Não cadastrado,Desconhecido
134.jpg,resultado_134.jpg,STOP,Não cadastrado,Não cadastrado,Desconhecido
134.jpg,resultado_134.jpg,TY,Não cadastrado,Não cadastrado,Desconhecido
134.jpg,resultado_134.jpg,R,Não cadastrado,Não cadastrado,Desconhecido
134.jpg,resultado_134.jpg,H,Não cadastrado,Não cadastrado,Desconhecido
134.jpg,resultado_134.jpg,D,Não cadastrado,Não cadastrado,Desconhecido
134.jpg,resultado_134.jpg,7,Não cadastrado,Não cadastrado,Desconhecido
134.jpg,resultado_134.jpg,B,Não cadastrado,Não cadastrado,Desconhecido
134.jpg,resultado_134.jpg,0,Não cadastrado,Não cadastrado,Desconhecido
135.jpg,resultado_135.jpg,CENTRIFUGAL PUMPS,Não cadastrado,Não cadastrado,Desconhecido
135.jpg,resultado_135.jpg,VERTICAL,Não cadastrado,Não cadastrado,Desconhecido
135.jpg,resultado_135.jpg,HORIZONTAL,Não cadastrado,Não cadastrado,Desconhecido
135.jpg,resultado_135.jpg,SUMP PUMP,Não cadastrado,Não cadastrado,Desconhecido
135.jpg,resultado_135.jpg,M,Não cadastrado,Não cadastrado,Desconhecido
135.jpg,resultado_135.jpg,R,Não cadastrado,Não cadastrado,Desconhecido
136.jpg,resultado_136.jpg,POSITIVE DISPLACEMENT PUMPS,Não cadastrado,Não cadastrado,Desconhecido
136.jpg,resultado_136.jpg,POSITIVE DISPLACEMENT,Não cadastrado,Não cadastrado,Desconhecido
136.jpg,resultado_136.jpg,POSITIVE,Não cadastrado,Não cadastrado,Desconhecido
136.jpg,resultado_136.jpg,DISPLACEMENT,Não cadastrado,Não cadastrado,Desconhecido
136.jpg,resultado_136.jpg,PROGRESSIVE CAVITY,Não cadastrado,Não cadastrado,Desconhecido
136.jpg,resultado_136.jpg,SCREW PUMP,Não cadastrado,Não cadastrado,Desconhecido
136.jpg,resultado_136.jpg,GEAR,Não cadastrado,Não cadastrado,Desconhecido
136.jpg,resultado_136.jpg,PUMP,Não cadastrado,Não cadastrado,Desconhecido
136.jpg,resultado_136.jpg,VERTICAL CAN,Não cadastrado,Não cadastrado,Desconhecido
136.jpg,resultado_136.jpg,VACUUM PUMP,Não cadastrado,Não cadastrado,Desconhecido
136.jpg,resultado_136.jpg,RECIPROCATING PUMP,Não cadastrado,Não cadastrado,Desconhecido
136.jpg,resultado_136.jpg,M,Não cadastrado,Não cadastrado,Desconhecido
136.jpg,resultado_136.jpg,D,Não cadastrado,Não cadastrado,Desconhecido
136.jpg,resultado_136.jpg,0,Não cadastrado,Não cadastrado,Desconhecido
137.jpg,resultado_137.jpg,STORAGE SYMBOLS,Não cadastrado,Não cadastrado,Desconhecido
137.jpg,resultado_137.jpg,DOME ROOF,Não cadastrado,Não cadastrado,Desconhecido
137.jpg,resultado_137.jpg,OPEN,Não cadastrado,Não cadastrado,Desconhecido
137.jpg,resultado_137.jpg,TANK,Não cadastrado,Não cadastrado,Desconhecido
137.jpg,resultado_137.jpg,BIN,Não cadastrado,Não cadastrado,Desconhecido
137.jpg,resultado_137.jpg,INTERNAL FLOATING,Não cadastrado,Não cadastrado,Desconhecido
137.jpg,resultado_137.jpg,DOUBLE WALL,Não cadastrado,Não cadastrado,Desconhecido
137.jpg,resultado_137.jpg,ROOF TANK,Não cadastrado,Não cadastrado,Desconhecido
137.jpg,resultado_137.jpg,CONE ROOF,Não cadastrado,Não cadastrado,Desconhecido
137.jpg,resultado_137.jpg,DRUM,Não cadastrado,Não cadastrado,Desconhecido
137.jpg,resultado_137.jpg,SPHERE,Não cadastrado,Não cadastrado,Desconhecido
137.jpg,resultado_137.jpg,ONION TANK,Não cadastrado,Não cadastrado,Desconhecido
137.jpg,resultado_137.jpg,EXTERNAL FLOATING,Não cadastrado,Não cadastrado,Desconhecido
137.jpg,resultado_137.jpg,ROOF,Não cadastrado,Não cadastrado,Desconhecido
137.jpg,resultado_137.jpg,TOP,Não cadastrado,Não cadastrado,Desconhecido
137.jpg,resultado_137.jpg,INTERNAL,Não cadastrado,Não cadastrado,Desconhecido
137.jpg,resultado_137.jpg,FLOATING,Não cadastrado,Não cadastrado,Desconhecido
137.jpg,resultado_137.jpg,B,Não cadastrado,Não cadastrado,Desconhecido
137.jpg,resultado_137.jpg,0,Não cadastrado,Não cadastrado,Desconhecido
137.jpg,resultado_137.jpg,M,Não cadastrado,Não cadastrado,Desconhecido
137.jpg,resultado_137.jpg,R,Não cadastrado,Não cadastrado,Desconhecido
138.jpg,resultado_138.jpg,CENTRIFUGAL COMPRESSORS,Não cadastrado,Não cadastrado,Desconhecido
138.jpg,resultado_138.jpg,CENTRIFUGAL,Não cadastrado,Não cadastrado,Desconhecido
138.jpg,resultado_138.jpg,CENTRIFUGAL COMPRESSOR,Não cadastrado,Não cadastrado,Desconhecido
138.jpg,resultado_138.jpg,COMPRESSOR,Não cadastrado,Não cadastrado,Desconhecido
138.jpg,resultado_138.jpg,(TURBINE DRIVEN),Não cadastrado,Não cadastrado,Desconhecido
138.jpg,resultado_138.jpg,BLOWER,Não cadastrado,Não cadastrado,Desconhecido
138.jpg,resultado_138.jpg,AXIAL COMPRESSOR,Não cadastrado,Não cadastrado,Desconhecido
138.jpg,resultado_138.jpg,B,Não cadastrado,Não cadastrado,Desconhecido
138.jpg,resultado_138.jpg,R,Não cadastrado,Não cadastrado,Desconhecido
138.jpg,resultado_138.jpg,0,Não cadastrado,Não cadastrado,Desconhecido
138.jpg,resultado_138.jpg,M,Não cadastrado,Não cadastrado,Desconhecido
139.jpg,resultado_139.jpg,PD COMPRESSORS,Não cadastrado,Não cadastrado,Desconhecido
139.jpg,resultado_139.jpg,RECIPROCATING,Não cadastrado,Não cadastrado,Desconhecido
139.jpg,resultado_139.jpg,COMPRESSOR,Não cadastrado,Não cadastrado,Desconhecido
139.jpg,resultado_139.jpg,ROTORY,Não cadastrado,Não cadastrado,Desconhecido
139.jpg,resultado_139.jpg,ROTARY,Não cadastrado,Não cadastrado,Desconhecido
139.jpg,resultado_139.jpg,& SILENCERS,Não cadastrado,Não cadastrado,Desconhecido
139.jpg,resultado_139.jpg,ROTARY SCREW,Não cadastrado,Não cadastrado,Desconhecido
139.jpg,resultado_139.jpg,LIQUID RING,Não cadastrado,Não cadastrado,Desconhecido
139.jpg,resultado_139.jpg,VACUUM,Não cadastrado,Não cadastrado,Desconhecido
139.jpg,resultado_139.jpg,POSITIVE,Não cadastrado,Não cadastrado,Desconhecido
139.jpg,resultado_139.jpg,DISPLACEMENT,Não cadastrado,Não cadastrado,Desconhecido
139.jpg,resultado_139.jpg,BLOWER,Não cadastrado,Não cadastrado,Desconhecido
139.jpg,resultado_139.jpg,RECIPROCATING COMPRESSOR,Não cadastrado,Não cadastrado,Desconhecido
139.jpg,resultado_139.jpg,LIQUID,Não cadastrado,Não cadastrado,Desconhecido
139.jpg,resultado_139.jpg,RING,Não cadastrado,Não cadastrado,Desconhecido
139.jpg,resultado_139.jpg,B,Não cadastrado,Não cadastrado,Desconhecido
139.jpg,resultado_139.jpg,R,Não cadastrado,Não cadastrado,Desconhecido
139.jpg,resultado_139.jpg,0,Não cadastrado,Não cadastrado,Desconhecido
139.jpg,resultado_139.jpg,M,Não cadastrado,Não cadastrado,Desconhecido
139.jpg,resultado_139.jpg,D,Não cadastrado,Não cadastrado,Desconhecido
140.jpg,resultado_140.jpg,STEAM TURBINE,Não cadastrado,Não cadastrado,Desconhecido
140.jpg,resultado_140.jpg,MOTORS,Não cadastrado,Não cadastrado,Desconhecido
140.jpg,resultado_140.jpg,AGITATOR OR MIXER,Não cadastrado,Não cadastrado,Desconhecido
140.jpg,resultado_140.jpg,MOTOR,Não cadastrado,Não cadastrado,Desconhecido
140.jpg,resultado_140.jpg,TURBINE DRIVER,Não cadastrado,Não cadastrado,Desconhecido
140.jpg,resultado_140.jpg,DOUBLEFLOW TURBINE,Não cadastrado,Não cadastrado,Desconhecido
140.jpg,resultado_140.jpg,DIESEL MOTOR,Não cadastrado,Não cadastrado,Desconhecido
140.jpg,resultado_140.jpg,M,Não cadastrado,Não cadastrado,Desconhecido
140.jpg,resultado_140.jpg,R,Não cadastrado,Não cadastrado,Desconhecido
140.jpg,resultado_140.jpg,0,Não cadastrado,Não cadastrado,Desconhecido
140.jpg,resultado_140.jpg,B,Não cadastrado,Não cadastrado,Desconhecido
141.jpg,resultado_141.jpg,PLATE AND FRAME,Não cadastrado,Não cadastrado,Desconhecido
141.jpg,resultado_141.jpg,HEAT EXCHANGER,Não cadastrado,Não cadastrado,Desconhecido
141.jpg,resultado_141.jpg,HAIRPIN EXCHANGER,Não cadastrado,Não cadastrado,Desconhecido
141.jpg,resultado_141.jpg,AIR COOLED EXCHANGER,Não cadastrado,Não cadastrado,Desconhecido
141.jpg,resultado_141.jpg,U-TUBE,Não cadastrado,Não cadastrado,Desconhecido
141.jpg,resultado_141.jpg,(LOUVERS OPTIONAL),Não cadastrado,Não cadastrado,Desconhecido
141.jpg,resultado_141.jpg,DOUBLE-PIPE,Não cadastrado,Não cadastrado,Desconhecido
141.jpg,resultado_141.jpg,SINGLE PASS,Não cadastrado,Não cadastrado,Desconhecido
141.jpg,resultado_141.jpg,HEAT,Não cadastrado,Não cadastrado,Desconhecido
141.jpg,resultado_141.jpg,EXCHANGER,Não cadastrado,Não cadastrado,Desconhecido
141.jpg,resultado_141.jpg,SPIRAL HEAT EXCHANGER,Não cadastrado,Não cadastrado,Desconhecido
141.jpg,resultado_141.jpg,REBOILER,Não cadastrado,Não cadastrado,Desconhecido
141.jpg,resultado_141.jpg,HEATER,Não cadastrado,Não cadastrado,Desconhecido
141.jpg,resultado_141.jpg,CONDENSER,Não cadastrado,Não cadastrado,Desconhecido
141.jpg,resultado_141.jpg,SHELL AND TUBE HEAT EXCHANGER,Não cadastrado,Não cadastrado,Desconhecido
141.jpg,resultado_141.jpg,RP,Não cadastrado,Não cadastrado,Desconhecido
142.jpg,resultado_142.jpg,INDUCED DRAFT,Não cadastrado,Não cadastrado,Desconhecido
142.jpg,resultado_142.jpg,CROSSFLOW,Não cadastrado,Não cadastrado,Desconhecido
142.jpg,resultado_142.jpg,FORCED DRAFT,Não cadastrado,Não cadastrado,Desconhecido
142.jpg,resultado_142.jpg,COUNTERFLOW,Não cadastrado,Não cadastrado,Desconhecido
142.jpg,resultado_142.jpg,HYPERBOLIC,Não cadastrado,Não cadastrado,Desconhecido
142.jpg,resultado_142.jpg,NATURAL DRAFT,Não cadastrado,Não cadastrado,Desconhecido
142.jpg,resultado_142.jpg,CHIMNEY TOWER,Não cadastrado,Não cadastrado,Desconhecido
142.jpg,resultado_142.jpg,FT,Não cadastrado,Não cadastrado,Desconhecido
142.jpg,resultado_142.jpg,R,Não cadastrado,Não cadastrado,Desconhecido
142.jpg,resultado_142.jpg,D,Não cadastrado,Não cadastrado,Desconhecido
142.jpg,resultado_142.jpg,0,Não cadastrado,Não cadastrado,Desconhecido
142.jpg,resultado_142.jpg,B,Não cadastrado,Não cadastrado,Desconhecido
143.jpg,resultado_143.jpg,FURNACE,Não cadastrado,Não cadastrado,Desconhecido
143.jpg,resultado_143.jpg,BOILER,Não cadastrado,Não cadastrado,Desconhecido
143.jpg,resultado_143.jpg,B,Não cadastrado,Não cadastrado,Desconhecido
144.jpg,resultado_144.jpg,PLATE TOWER,Não cadastrado,Não cadastrado,Desconhecido
144.jpg,resultado_144.jpg,PACKED TOWER,Não cadastrado,Não cadastrado,Desconhecido
144.jpg,resultado_144.jpg,"BUBBLE-CAP, SIEVE, VALVE",Não cadastrado,Não cadastrado,Desconhecido
144.jpg,resultado_144.jpg,"SADDLE, RING, SULZER; ROSETTE",Não cadastrado,Não cadastrado,Desconhecido
144.jpg,resultado_144.jpg,B,Não cadastrado,Não cadastrado,Desconhecido
144.jpg,resultado_144.jpg,R,Não cadastrado,Não cadastrado,Desconhecido
144.jpg,resultado_144.jpg,W,Não cadastrado,Não cadastrado,Desconhecido
144.jpg,resultado_144.jpg,0,Não cadastrado,Não cadastrado,Desconhecido
144.jpg,resultado_144.jpg,D,Não cadastrado,Não cadastrado,Desconhecido
145.jpg,resultado_145.jpg,SINGLE PASS,Não cadastrado,Não cadastrado,Desconhecido
145.jpg,resultado_145.jpg,DEMISTER,Não cadastrado,Não cadastrado,Desconhecido
145.jpg,resultado_145.jpg,SPRAY NOZZLE,Não cadastrado,Não cadastrado,Desconhecido
145.jpg,resultado_145.jpg,CHIMNEY,Não cadastrado,Não cadastrado,Desconhecido
145.jpg,resultado_145.jpg,TWO PASS,Não cadastrado,Não cadastrado,Desconhecido
145.jpg,resultado_145.jpg,PACKED SECTION,Não cadastrado,Não cadastrado,Desconhecido
145.jpg,resultado_145.jpg,DRAW OFF,Não cadastrado,Não cadastrado,Desconhecido
145.jpg,resultado_145.jpg,GENERIC,Não cadastrado,Não cadastrado,Desconhecido
145.jpg,resultado_145.jpg,MANWAY,Não cadastrado,Não cadastrado,Desconhecido
145.jpg,resultado_145.jpg,VORTEX BREAKER,Não cadastrado,Não cadastrado,Desconhecido
145.jpg,resultado_145.jpg,TRAY,Não cadastrado,Não cadastrado,Desconhecido
145.jpg,resultado_145.jpg,B,Não cadastrado,Não cadastrado,Desconhecido
145.jpg,resultado_145.jpg,M,Não cadastrado,Não cadastrado,Desconhecido
146.jpg,resultado_146.jpg,FIGURE 12.17,Não cadastrado,Não cadastrado,Desconhecido
146.jpg,resultado_146.jpg,REACTOR SYMBOLS,Não cadastrado,Não cadastrado,Desconhecido
146.jpg,resultado_146.jpg,HYDROCRACKING,Não cadastrado,Não cadastrado,Desconhecido
146.jpg,resultado_146.jpg,HYDRODESULFURIZATION,Não cadastrado,Não cadastrado,Desconhecido
146.jpg,resultado_146.jpg,REFORMER,Não cadastrado,Não cadastrado,Desconhecido
146.jpg,resultado_146.jpg,FLUID CATALYTIC,Não cadastrado,Não cadastrado,Desconhecido
146.jpg,resultado_146.jpg,FLUID COKING,Não cadastrado,Não cadastrado,Desconhecido
146.jpg,resultado_146.jpg,TUBULAR,Não cadastrado,Não cadastrado,Desconhecido
146.jpg,resultado_146.jpg,FLUIDIZED,Não cadastrado,Não cadastrado,Desconhecido
146.jpg,resultado_146.jpg,CRACKING,Não cadastrado,Não cadastrado,Desconhecido
146.jpg,resultado_146.jpg,REACTOR,Não cadastrado,Não cadastrado,Desconhecido
146.jpg,resultado_146.jpg,MIXING REACTOR,Não cadastrado,Não cadastrado,Desconhecido
146.jpg,resultado_146.jpg,ALKYLATION,Não cadastrado,Não cadastrado,Desconhecido
146.jpg,resultado_146.jpg,0,Não cadastrado,Não cadastrado,Desconhecido
146.jpg,resultado_146.jpg,M,Não cadastrado,Não cadastrado,Desconhecido
146.jpg,resultado_146.jpg,R,Não cadastrado,Não cadastrado,Desconhecido
146.jpg,resultado_146.jpg,B,Não cadastrado,Não cadastrado,Desconhecido
146.jpg,resultado_146.jpg,G,Não cadastrado,Não cadastrado,Desconhecido
146.jpg,resultado_146.jpg,F,Não cadastrado,Não cadastrado,Desconhecido
146.jpg,resultado_146.jpg,2,Não cadastrado,Não cadastrado,Desconhecido
147.jpg,resultado_147.jpg,EQUEHENT,Não cadastrado,Não cadastrado,Desconhecido
147.jpg,resultado_147.jpg,ELOWSHEEL_SYMBOLS,Não cadastrado,Não cadastrado,Desconhecido
147.jpg,resultado_147.jpg,CONIROL,Não cadastrado,Não cadastrado,Desconhecido
147.jpg,resultado_147.jpg,NSTRUMNTATION,Não cadastrado,Não cadastrado,Desconhecido
147.jpg,resultado_147.jpg,DDENTIICATION,Não cadastrado,Não cadastrado,Desconhecido
147.jpg,resultado_147.jpg,ETTERS,Não cadastrado,Não cadastrado,Desconhecido
147.jpg,resultado_147.jpg,(USED INSIDE INSTRUKENT BALLOONS QR LD,Não cadastrado,Não cadastrado,Desconhecido
147.jpg,resultado_147.jpg,BLOCKS),Não cadastrado,Não cadastrado,Desconhecido
147.jpg,resultado_147.jpg,PUPS,Não cadastrado,Não cadastrado,Desconhecido
147.jpg,resultado_147.jpg,ELECTRIC BINARY SIGN-L LINE,Não cadastrado,Não cadastrado,Desconhecido
147.jpg,resultado_147.jpg,HORIZONTAL,Não cadastrado,Não cadastrado,Desconhecido
147.jpg,resultado_147.jpg,BAR SYMBOLS,Não cadastrado,Não cadastrado,Desconhecido
147.jpg,resultado_147.jpg,PIPINC CLASS CHANCE,Não cadastrado,Não cadastrado,Desconhecido
147.jpg,resultado_147.jpg,ELECTRIC SICNAL/SUPPLY,Não cadastrado,Não cadastrado,Desconhecido
147.jpg,resultado_147.jpg,FOR FHYSICAL MOUNTING OF DEVICE,Não cadastrado,Não cadastrado,Desconhecido
147.jpg,resultado_147.jpg,ELECTRONIC  DEVICE DETAIL CODES,Não cadastrado,Não cadastrado,Desconhecido
147.jpg,resultado_147.jpg,PAH,Não cadastrado,Não cadastrado,Desconhecido
147.jpg,resultado_147.jpg,PRESSURE ALARM HICH,Não cadastrado,Não cadastrado,Desconhecido
147.jpg,resultado_147.jpg,PAHL,Não cadastrado,Não cadastrado,Desconhecido
147.jpg,resultado_147.jpg,CRESSURE ALARM HICH AN) LOW',Não cadastrado,Não cadastrado,Desconhecido
147.jpg,resultado_147.jpg,WELD CONNECTION,Não cadastrado,Não cadastrado,Desconhecido
147.jpg,resultado_147.jpg,WELL STREAN,Não cadastrado,Não cadastrado,Desconhecido
147.jpg,resultado_147.jpg,AAH,Não cadastrado,Não cadastrado,Desconhecido
147.jpg,resultado_147.jpg,ANALYZE?,Não cadastrado,Não cadastrado,Desconhecido
147.jpg,resultado_147.jpg,HIGH,Não cadastrado,Não cadastrado,Desconhecido
147.jpg,resultado_147.jpg,PAL,Não cadastrado,Não cadastrado,Desconhecido
147.jpg,resultado_147.jpg,FRESSURE ALARM LOW,Não cadastrado,Não cadastrado,Desconhecido
147.jpg,resultado_147.jpg,UNE NO,Não cadastrado,Não cadastrado,Desconhecido
147.jpg,resultado_147.jpg,CHANSE,Não cadastrado,Não cadastrado,Desconhecido
147.jpg,resultado_147.jpg,HEAT TRACE,Não cadastrado,Não cadastrado,Desconhecido
147.jpg,resultado_147.jpg,ANALYZE? CONTROLLER,Não cadastrado,Não cadastrado,Desconhecido
147.jpg,resultado_147.jpg,FRESSURE CONTROLLER,Não cadastrado,Não cadastrado,Desconhecido
147.jpg,resultado_147.jpg,SL CLE FUNCTICN,Não cadastrado,Não cadastrado,Desconhecido
147.jpg,resultado_147.jpg,FIED,Não cadastrado,Não cadastrado,Desconhecido
147.jpg,resultado_147.jpg,ANALYZER,Não cadastrado,Não cadastrado,Desconhecido
147.jpg,resultado_147.jpg,FRESSURE REGULATOR,Não cadastrado,Não cadastrado,Desconhecido
147.jpg,resultado_147.jpg,PLUG,Não cadastrado,Não cadastrado,Desconhecido
147.jpg,resultado_147.jpg,ELECTRONIC_SERIAL,Não cadastrado,Não cadastrado,Desconhecido
147.jpg,resultado_147.jpg,MULT-FUS~TON,Não cadastrado,Não cadastrado,Desconhecido
147.jpg,resultado_147.jpg,FELD,Não cadastrado,Não cadastrado,Desconhecido
147.jpg,resultado_147.jpg,PDA,Não cadastrado,Não cadastrado,Desconhecido
147.jpg,resultado_147.jpg,FRESSURE DIFFERENMAL,Não cadastrado,Não cadastrado,Desconhecido
147.jpg,resultado_147.jpg,MULT V/6,Não cadastrado,Não cadastrado,Desconhecido
147.jpg,resultado_147.jpg,ANALYZER INDICATOR,Não cadastrado,Não cadastrado,Desconhecido
147.jpg,resultado_147.jpg,PDAH,Não cadastrado,Não cadastrado,Desconhecido
147.jpg,resultado_147.jpg,FRESSURE,Não cadastrado,Não cadastrado,Desconhecido
147.jpg,resultado_147.jpg,ALARK HIGH,Não cadastrado,Não cadastrado,Desconhecido
147.jpg,resultado_147.jpg,FULL PLUG,Não cadastrado,Não cadastrado,Desconhecido
147.jpg,resultado_147.jpg,FUTURE UNE,Não cadastrado,Não cadastrado,Desconhecido
147.jpg,resultado_147.jpg,NON-PROGRAVMAZLE,Não cadastrado,Não cadastrado,Desconhecido
147.jpg,resultado_147.jpg,PRCGRAVVARLE CEMCE,Não cadastrado,Não cadastrado,Desconhecido
147.jpg,resultado_147.jpg,XXXX,Não cadastrado,Não cadastrado,Desconhecido
147.jpg,resultado_147.jpg,DISPLAYED,Não cadastrado,Não cadastrado,Desconhecido
147.jpg,resultado_147.jpg,ALTOMATIC / MANUAL-2,Não cadastrado,Não cadastrado,Desconhecido
147.jpg,resultado_147.jpg,POSITION,Não cadastrado,Não cadastrado,Desconhecido
147.jpg,resultado_147.jpg,5WITCH,Não cadastrado,Não cadastrado,Desconhecido
147.jpg,resultado_147.jpg,PDAL,Não cadastrado,Não cadastrado,Desconhecido
147.jpg,resultado_147.jpg,FRESSURE DIFFERENTAL,Não cadastrado,Não cadastrado,Desconhecido
147.jpg,resultado_147.jpg,ALARL,Não cadastrado,Não cadastrado,Desconhecido
147.jpg,resultado_147.jpg,ASH,Não cadastrado,Não cadastrado,Desconhecido
147.jpg,resultado_147.jpg,ANALY ZE? $AFETY,Não cadastrado,Não cadastrado,Desconhecido
147.jpg,resultado_147.jpg,HICH/CAS DETECTOR,Não cadastrado,Não cadastrado,Desconhecido
147.jpg,resultado_147.jpg,DIFFERENAL CCNTROLLER,Não cadastrado,Não cadastrado,Desconhecido
147.jpg,resultado_147.jpg,CENTRIFUGAL,Não cadastrado,Não cadastrado,Desconhecido
147.jpg,resultado_147.jpg,CAP,Não cadastrado,Não cadastrado,Desconhecido
147.jpg,resultado_147.jpg,PRCCESS LINE,Não cadastrado,Não cadastrado,Desconhecido
147.jpg,resultado_147.jpg,FRESSURE DIFFERENTAL INDICATOR,Não cadastrado,Não cadastrado,Desconhecido
147.jpg,resultado_147.jpg,FLIND FLANGE,Não cadastrado,Não cadastrado,Desconhecido
147.jpg,resultado_147.jpg,FIE,Não cadastrado,Não cadastrado,Desconhecido
147.jpg,resultado_147.jpg,FIELD,Não cadastrado,Não cadastrado,Desconhecido
147.jpg,resultado_147.jpg,ANALYZER TRANSMITER,Não cadastrado,Não cadastrado,Desconhecido
147.jpg,resultado_147.jpg,PDIC,Não cadastrado,Não cadastrado,Desconhecido
147.jpg,resultado_147.jpg,PRESSURE DIFFERENTAL,Não cadastrado,Não cadastrado,Desconhecido
147.jpg,resultado_147.jpg,INDICATINC CONTROLLE?,Não cadastrado,Não cadastrado,Desconhecido
147.jpg,resultado_147.jpg,SECCNDARY LINE,Não cadastrado,Não cadastrado,Desconhecido
147.jpg,resultado_147.jpg,BAL,Não cadastrado,Não cadastrado,Desconhecido
147.jpg,resultado_147.jpg,BURNER ALAR LOW,Não cadastrado,Não cadastrado,Desconhecido
147.jpg,resultado_147.jpg,PCR,Não cadastrado,Não cadastrado,Desconhecido
147.jpg,resultado_147.jpg,PRESSURE DIFFERENTAL RECCRDER,Não cadastrado,Não cadastrado,Desconhecido
147.jpg,resultado_147.jpg,FLAME -RRESTOR/SPARK ARRESTOR,Não cadastrado,Não cadastrado,Desconhecido
147.jpg,resultado_147.jpg,PNEUMATIC BINARY SIGNAL LINE,Não cadastrado,Não cadastrado,Desconhecido
147.jpg,resultado_147.jpg,FELC,Não cadastrado,Não cadastrado,Desconhecido
147.jpg,resultado_147.jpg,BDV,Não cadastrado,Não cadastrado,Desconhecido
147.jpg,resultado_147.jpg,BLOWDOWN VALVE,Não cadastrado,Não cadastrado,Desconhecido
147.jpg,resultado_147.jpg,PDISH,Não cadastrado,Não cadastrado,Desconhecido
147.jpg,resultado_147.jpg,PRESSURE DIFFERENAL,Não cadastrado,Não cadastrado,Desconhecido
147.jpg,resultado_147.jpg,'SWTTCH,Não cadastrado,Não cadastrado,Desconhecido
147.jpg,resultado_147.jpg,HICH,Não cadastrado,Não cadastrado,Desconhecido
147.jpg,resultado_147.jpg,VOUNTED,Não cadastrado,Não cadastrado,Desconhecido
147.jpg,resultado_147.jpg,EURNER,Não cadastrado,Não cadastrado,Desconhecido
147.jpg,resultado_147.jpg,EMERT,Não cadastrado,Não cadastrado,Desconhecido
147.jpg,resultado_147.jpg,PDISL,Não cadastrado,Não cadastrado,Desconhecido
147.jpg,resultado_147.jpg,FRESSURE DIFFERENAL SAFETY /SWTCH,Não cadastrado,Não cadastrado,Desconhecido
147.jpg,resultado_147.jpg,LOW,Não cadastrado,Não cadastrado,Desconhecido
147.jpg,resultado_147.jpg,DIACHRAGK/PISTON,Não cadastrado,Não cadastrado,Desconhecido
147.jpg,resultado_147.jpg,DLEED RINC,Não cadastrado,Não cadastrado,Desconhecido
147.jpg,resultado_147.jpg,PVEUMATIC CONTROL (INSTR,Não cadastrado,Não cadastrado,Desconhecido
147.jpg,resultado_147.jpg,AIR/GAS),Não cadastrado,Não cadastrado,Desconhecido
147.jpg,resultado_147.jpg,BSL,Não cadastrado,Não cadastrado,Desconhecido
147.jpg,resultado_147.jpg,@URNER SAFETY LOW,Não cadastrado,Não cadastrado,Desconhecido
147.jpg,resultado_147.jpg,PRESSURE ELEMEC,Não cadastrado,Não cadastrado,Desconhecido
147.jpg,resultado_147.jpg,ELIND SLI? (SKILLET},Não cadastrado,Não cadastrado,Desconhecido
147.jpg,resultado_147.jpg,EURNER SOLENOID VAVLE,Não cadastrado,Não cadastrado,Desconhecido
147.jpg,resultado_147.jpg,RELAY,Não cadastrado,Não cadastrado,Desconhecido
147.jpg,resultado_147.jpg,PRESSURE CONTROL VALVE,Não cadastrado,Não cadastrado,Desconhecido
147.jpg,resultado_147.jpg,HYCRAULIC LIVE,Não cadastrado,Não cadastrado,Desconhecido
147.jpg,resultado_147.jpg,PRESSURE INDICATOR,Não cadastrado,Não cadastrado,Desconhecido
147.jpg,resultado_147.jpg,FIRE LOOP,Não cadastrado,Não cadastrado,Desconhecido
147.jpg,resultado_147.jpg,PROCR-MMA_LE DEVICE,Não cadastrado,Não cadastrado,Desconhecido
147.jpg,resultado_147.jpg,8,Não cadastrado,Não cadastrado,Desconhecido
147.jpg,resultado_147.jpg,CHOKESICALVEOUPON,Não cadastrado,Não cadastrado,Desconhecido
147.jpg,resultado_147.jpg,CRESSURE INDICATINC,Não cadastrado,Não cadastrado,Desconhecido
147.jpg,resultado_147.jpg,CONTROLLER,Não cadastrado,Não cadastrado,Desconhecido
147.jpg,resultado_147.jpg,CORROSION PROEE,Não cadastrado,Não cadastrado,Desconhecido
147.jpg,resultado_147.jpg,PRESSURE RECORLER,Não cadastrado,Não cadastrado,Desconhecido
147.jpg,resultado_147.jpg,SHEET NO. XXX;,Não cadastrado,Não cadastrado,Desconhecido
147.jpg,resultado_147.jpg,LINE N',Não cadastrado,Não cadastrado,Desconhecido
147.jpg,resultado_147.jpg,CCNROL,Não cadastrado,Não cadastrado,Desconhecido
147.jpg,resultado_147.jpg,ESD,Não cadastrado,Não cadastrado,Desconhecido
147.jpg,resultado_147.jpg,EVERCENCY SHUTDOWN,Não cadastrado,Não cadastrado,Desconhecido
147.jpg,resultado_147.jpg,PRESSURF,Não cadastrado,Não cadastrado,Desconhecido
147.jpg,resultado_147.jpg,SWITCH,Não cadastrado,Não cadastrado,Desconhecido
147.jpg,resultado_147.jpg,PSE,Não cadastrado,Não cadastrado,Desconhecido
147.jpg,resultado_147.jpg,PRESSURE SAFET,Não cadastrado,Não cadastrado,Desconhecido
147.jpg,resultado_147.jpg,ELEMENT (RUPTURE DISC},Não cadastrado,Não cadastrado,Desconhecido
147.jpg,resultado_147.jpg,ELEC,Não cadastrado,Não cadastrado,Desconhecido
147.jpg,resultado_147.jpg,SPECTACLE ELIND,Não cadastrado,Não cadastrado,Desconhecido
147.jpg,resultado_147.jpg,CONTNJED TO PANEL,Não cadastrado,Não cadastrado,Desconhecido
147.jpg,resultado_147.jpg,ACCESSIBLE,Não cadastrado,Não cadastrado,Desconhecido
147.jpg,resultado_147.jpg,FLAVE ARRESTCR,Não cadastrado,Não cadastrado,Desconhecido
147.jpg,resultado_147.jpg,PSH,Não cadastrado,Não cadastrado,Desconhecido
147.jpg,resultado_147.jpg,SAFET,Não cadastrado,Não cadastrado,Desconhecido
147.jpg,resultado_147.jpg,'SWMCH HISH,Não cadastrado,Não cadastrado,Desconhecido
147.jpg,resultado_147.jpg,FAH,Não cadastrado,Não cadastrado,Desconhecido
147.jpg,resultado_147.jpg,ALARK HICH,Não cadastrado,Não cadastrado,Desconhecido
147.jpg,resultado_147.jpg,HOSE,Não cadastrado,Não cadastrado,Desconhecido
147.jpg,resultado_147.jpg,PSL,Não cadastrado,Não cadastrado,Desconhecido
147.jpg,resultado_147.jpg,SAFFT,Não cadastrado,Não cadastrado,Desconhecido
147.jpg,resultado_147.jpg,'SWICH,Não cadastrado,Não cadastrado,Desconhecido
147.jpg,resultado_147.jpg,FAL,Não cadastrado,Não cadastrado,Desconhecido
147.jpg,resultado_147.jpg,THERMAL ~EKSONNEL EAKRIER,Não cadastrado,Não cadastrado,Desconhecido
147.jpg,resultado_147.jpg,SKID,Não cadastrado,Não cadastrado,Desconhecido
147.jpg,resultado_147.jpg,OR PACKACE UVITS,Não cadastrado,Não cadastrado,Desconhecido
147.jpg,resultado_147.jpg,SEE INSTRUMENTATON IDENTFIC-TICY LETTERS,Não cadastrado,Não cadastrado,Desconhecido
147.jpg,resultado_147.jpg,CCNTRCLLER,Não cadastrado,Não cadastrado,Desconhecido
147.jpg,resultado_147.jpg,PSV,Não cadastrado,Não cadastrado,Desconhecido
147.jpg,resultado_147.jpg,VALVE,Não cadastrado,Não cadastrado,Desconhecido
147.jpg,resultado_147.jpg,ROTARY,Não cadastrado,Não cadastrado,Desconhecido
147.jpg,resultado_147.jpg,FLO,Não cadastrado,Não cadastrado,Desconhecido
147.jpg,resultado_147.jpg,CONTRCI,Não cadastrado,Não cadastrado,Desconhecido
147.jpg,resultado_147.jpg,SELF CONTAINED,Não cadastrado,Não cadastrado,Desconhecido
147.jpg,resultado_147.jpg,TRANSUMTER,Não cadastrado,Não cadastrado,Desconhecido
147.jpg,resultado_147.jpg,INSULATION  (THICKNESS,Não cadastrado,Não cadastrado,Desconhecido
147.jpg,resultado_147.jpg,NOTED),Não cadastrado,Não cadastrado,Desconhecido
147.jpg,resultado_147.jpg,ANGLE VALVE,Não cadastrado,Não cadastrado,Desconhecido
147.jpg,resultado_147.jpg,CONTROL,Não cadastrado,Não cadastrado,Desconhecido
147.jpg,resultado_147.jpg,F,Não cadastrado,Não cadastrado,Desconhecido
147.jpg,resultado_147.jpg,FLOW ELEMENT,Não cadastrado,Não cadastrado,Desconhecido
147.jpg,resultado_147.jpg,SCLEVOID VALVE 0X RELAY,Não cadastrado,Não cadastrado,Desconhecido
147.jpg,resultado_147.jpg,LOC- INDENTIACATION NUMBER,Não cadastrado,Não cadastrado,Desconhecido
147.jpg,resultado_147.jpg,FLOT SICHT GLASS,Não cadastrado,Não cadastrado,Desconhecido
147.jpg,resultado_147.jpg,FRESSURE POINT,Não cadastrado,Não cadastrado,Desconhecido
147.jpg,resultado_147.jpg,QUICK CONNECT,Não cadastrado,Não cadastrado,Desconhecido
147.jpg,resultado_147.jpg,RALL VALVE,Não cadastrado,Não cadastrado,Desconhecido
147.jpg,resultado_147.jpg,ACCESSIELE,Não cadastrado,Não cadastrado,Desconhecido
147.jpg,resultado_147.jpg,ERAL FLANT/MAINTENA{CE,Não cadastrado,Não cadastrado,Desconhecido
147.jpg,resultado_147.jpg,FLC,Não cadastrado,Não cadastrado,Desconhecido
147.jpg,resultado_147.jpg,QUICK-EREAK CONNECTION,Não cadastrado,Não cadastrado,Desconhecido
147.jpg,resultado_147.jpg,0103-0199,Não cadastrado,Não cadastrado,Desconhecido
147.jpg,resultado_147.jpg,REMENT AND CONROL,Não cadastrado,Não cadastrado,Desconhecido
147.jpg,resultado_147.jpg,FLC   INDICATNC CONTROLLER,Não cadastrado,Não cadastrado,Desconhecido
147.jpg,resultado_147.jpg,SOLENOIC VALVE CR RELAY,Não cadastrado,Não cadastrado,Desconhecido
147.jpg,resultado_147.jpg,(UNIFOLT,Não cadastrado,Não cadastrado,Desconhecido
147.jpg,resultado_147.jpg,GRATLOC,Não cadastrado,Não cadastrado,Desconhecido
147.jpg,resultado_147.jpg,ETC_),Não cadastrado,Não cadastrado,Desconhecido
147.jpg,resultado_147.jpg,CHECK VALVE,Não cadastrado,Não cadastrado,Desconhecido
147.jpg,resultado_147.jpg,DEHYDR-TICN,Não cadastrado,Não cadastrado,Desconhecido
147.jpg,resultado_147.jpg,GLYCOL FUNF,Não cadastrado,Não cadastrado,Desconhecido
147.jpg,resultado_147.jpg,FLCT (RESTRICTION)  ORIFICE,Não cadastrado,Não cadastrado,Desconhecido
147.jpg,resultado_147.jpg,(KIVRAY),Não cadastrado,Não cadastrado,Desconhecido
147.jpg,resultado_147.jpg,FLC % TOTAUZER,Não cadastrado,Não cadastrado,Desconhecido
147.jpg,resultado_147.jpg,INDICATOR,Não cadastrado,Não cadastrado,Desconhecido
147.jpg,resultado_147.jpg,SFEE) ALIRM HISH,Não cadastrado,Não cadastrado,Desconhecido
147.jpg,resultado_147.jpg,"CONTROL VALVE ""/DIAPHRACY OPER:",Não cadastrado,Não cadastrado,Desconhecido
147.jpg,resultado_147.jpg,PROCESSINC,Não cadastrado,Não cadastrado,Desconhecido
147.jpg,resultado_147.jpg,FLOT RECORCER,Não cadastrado,Não cadastrado,Desconhecido
147.jpg,resultado_147.jpg,GAUGE,Não cadastrado,Não cadastrado,Desconhecido
147.jpg,resultado_147.jpg,VALVE (ANDERSCN GREENSWOCD),Não cadastrado,Não cadastrado,Desconhecido
147.jpg,resultado_147.jpg,LOC-L PA E,Não cadastrado,Não cadastrado,Desconhecido
147.jpg,resultado_147.jpg,'0-0/99,Não cadastrado,Não cadastrado,Desconhecido
147.jpg,resultado_147.jpg,KBFRICEXAION,Não cadastrado,Não cadastrado,Desconhecido
147.jpg,resultado_147.jpg,FSH,Não cadastrado,Não cadastrado,Desconhecido
147.jpg,resultado_147.jpg,'SWITCH HICH,Não cadastrado,Não cadastrado,Desconhecido
147.jpg,resultado_147.jpg,SDV,Não cadastrado,Não cadastrado,Desconhecido
147.jpg,resultado_147.jpg,MIT-,Não cadastrado,Não cadastrado,Desconhecido
147.jpg,resultado_147.jpg,"(AR, ELECTRICMY,",Não cadastrado,Não cadastrado,Desconhecido
147.jpg,resultado_147.jpg,PHGNF,Não cadastrado,Não cadastrado,Desconhecido
147.jpg,resultado_147.jpg,ETC ),Não cadastrado,Não cadastrado,Desconhecido
147.jpg,resultado_147.jpg,FSL,Não cadastrado,Não cadastrado,Desconhecido
147.jpg,resultado_147.jpg,STACK FLARE ARRESTOR,Não cadastrado,Não cadastrado,Desconhecido
147.jpg,resultado_147.jpg,GATE VALVE,Não cadastrado,Não cadastrado,Desconhecido
147.jpg,resultado_147.jpg,NORVALLY ACCESSIELE,Não cadastrado,Não cadastrado,Desconhecido
147.jpg,resultado_147.jpg,TOGGX COMPRESSOR,Não cadastrado,Não cadastrado,Desconhecido
147.jpg,resultado_147.jpg,FSH/L,Não cadastrado,Não cadastrado,Desconhecido
147.jpg,resultado_147.jpg,SHUTDCYN VALVE RELAY CR,Não cadastrado,Não cadastrado,Desconhecido
147.jpg,resultado_147.jpg,EEYTNE,Não cadastrado,Não cadastrado,Desconhecido
147.jpg,resultado_147.jpg,THERKAL,Não cadastrado,Não cadastrado,Desconhecido
147.jpg,resultado_147.jpg,TYPE FLOW,Não cadastrado,Não cadastrado,Desconhecido
147.jpg,resultado_147.jpg,ELEMERT,Não cadastrado,Não cadastrado,Desconhecido
147.jpg,resultado_147.jpg,GLOBE VALVEE,Não cadastrado,Não cadastrado,Desconhecido
147.jpg,resultado_147.jpg,FLCW TRANSMMTER,Não cadastrado,Não cadastrado,Desconhecido
147.jpg,resultado_147.jpg,SOLENOID OPERATED VALVE,Não cadastrado,Não cadastrado,Desconhecido
147.jpg,resultado_147.jpg,DFIVEN,Não cadastrado,Não cadastrado,Desconhecido
147.jpg,resultado_147.jpg,FLCW CCNTROL VALVE,Não cadastrado,Não cadastrado,Desconhecido
147.jpg,resultado_147.jpg,SOLENOIL OPERATED VALVE,Não cadastrado,Não cadastrado,Desconhecido
147.jpg,resultado_147.jpg,TURBINE METE?,Não cadastrado,Não cadastrado,Desconhecido
147.jpg,resultado_147.jpg,NEEDLE VALVE,Não cadastrado,Não cadastrado,Desconhecido
147.jpg,resultado_147.jpg,ETC.,Não cadastrado,Não cadastrado,Desconhecido
147.jpg,resultado_147.jpg,SPEEC TRANSVITTE?,Não cadastrado,Não cadastrado,Desconhecido
147.jpg,resultado_147.jpg,PLUC VALVE,Não cadastrado,Não cadastrado,Desconhecido
147.jpg,resultado_147.jpg,OR RELAY,Não cadastrado,Não cadastrado,Desconhecido
147.jpg,resultado_147.jpg,SPEED INDICATING CONTROLLER,Não cadastrado,Não cadastrado,Desconhecido
147.jpg,resultado_147.jpg,PULSATION,Não cadastrado,Não cadastrado,Desconhecido
147.jpg,resultado_147.jpg,'ENER,Não cadastrado,Não cadastrado,Desconhecido
147.jpg,resultado_147.jpg,INDIC-TINC CONTROLLER,Não cadastrado,Não cadastrado,Desconhecido
147.jpg,resultado_147.jpg,RELIEF VALVE (PILOT OPERATED),Não cadastrado,Não cadastrado,Desconhecido
147.jpg,resultado_147.jpg,LCCAL PANEL,Não cadastrado,Não cadastrado,Desconhecido
147.jpg,resultado_147.jpg,(MAVUAL LOADING ST-TON),Não cadastrado,Não cadastrado,Desconhecido
147.jpg,resultado_147.jpg,SSL,Não cadastrado,Não cadastrado,Desconhecido
147.jpg,resultado_147.jpg,ROTCHETER,Não cadastrado,Não cadastrado,Desconhecido
147.jpg,resultado_147.jpg,NORVALLY ACCESSIFLE,Não cadastrado,Não cadastrado,Desconhecido
147.jpg,resultado_147.jpg,HOA,Não cadastrado,Não cadastrado,Desconhecido
147.jpg,resultado_147.jpg,HAND SELECTOR SWITCH (HANO_OFF_AUTO},Não cadastrado,Não cadastrado,Desconhecido
147.jpg,resultado_147.jpg,SSH,Não cadastrado,Não cadastrado,Desconhecido
147.jpg,resultado_147.jpg,SPEED SAFETY/SWITCH HIGH,Não cadastrado,Não cadastrado,Desconhecido
147.jpg,resultado_147.jpg,VERTICAL TURBINE,Não cadastrado,Não cadastrado,Desconhecido
147.jpg,resultado_147.jpg,RELIEF VALVE (SPRING OPERATED},Não cadastrado,Não cadastrado,Desconhecido
147.jpg,resultado_147.jpg,HAND SWITCH,Não cadastrado,Não cadastrado,Desconhecido
147.jpg,resultado_147.jpg,LIQUID DRAIN (TRAPS,Não cadastrado,Não cadastrado,Desconhecido
147.jpg,resultado_147.jpg,HINCE CLOSURE,Não cadastrado,Não cadastrado,Desconhecido
147.jpg,resultado_147.jpg,PRESSURE_VACUUM VENT,Não cadastrado,Não cadastrado,Desconhecido
147.jpg,resultado_147.jpg,REMCTE INPUT/QUTPUT FC? DCS_,Não cadastrado,Não cadastrado,Desconhecido
147.jpg,resultado_147.jpg,"F/C; PLC, RTU",Não cadastrado,Não cadastrado,Desconhecido
147.jpg,resultado_147.jpg,HAND VALVE,Não cadastrado,Não cadastrado,Desconhecido
147.jpg,resultado_147.jpg,TEMPERATURE ALARM HIGH,Não cadastrado,Não cadastrado,Desconhecido
147.jpg,resultado_147.jpg,LOCLC: CONTROLLER,Não cadastrado,Não cadastrado,Desconhecido
147.jpg,resultado_147.jpg,HAND SOLENOID VALVE OR RELAY,Não cadastrado,Não cadastrado,Desconhecido
147.jpg,resultado_147.jpg,TAH,Não cadastrado,Não cadastrado,Desconhecido
147.jpg,resultado_147.jpg,TEMPERATURE ALARM LOX,Não cadastrado,Não cadastrado,Desconhecido
147.jpg,resultado_147.jpg,EXPANSION JOINT,Não cadastrado,Não cadastrado,Desconhecido
147.jpg,resultado_147.jpg,PRESSURE VACUUV RELIEF VALYE,Não cadastrado,Não cadastrado,Desconhecido
147.jpg,resultado_147.jpg,RTU,Não cadastrado,Não cadastrado,Desconhecido
147.jpg,resultado_147.jpg,FEMCTE TELEMETRY,Não cadastrado,Não cadastrado,Desconhecido
147.jpg,resultado_147.jpg,PNEUNATC TRANSDUCER,Não cadastrado,Não cadastrado,Desconhecido
147.jpg,resultado_147.jpg,TEMPERATURE CONTROLLER,Não cadastrado,Não cadastrado,Desconhecido
147.jpg,resultado_147.jpg,PRESSURE SAFETY,Não cadastrado,Não cadastrado,Desconhecido
147.jpg,resultado_147.jpg,ELEMENT,Não cadastrado,Não cadastrado,Desconhecido
147.jpg,resultado_147.jpg,FCR,Não cadastrado,Não cadastrado,Desconhecido
147.jpg,resultado_147.jpg,USE,Não cadastrado,Não cadastrado,Desconhecido
147.jpg,resultado_147.jpg,VR,Não cadastrado,Não cadastrado,Desconhecido
147.jpg,resultado_147.jpg,EEVEENTATO HVEH,Não cadastrado,Não cadastrado,Desconhecido
147.jpg,resultado_147.jpg,TEM-EKATURE,Não cadastrado,Não cadastrado,Desconhecido
147.jpg,resultado_147.jpg,SELF OPERATED,Não cadastrado,Não cadastrado,Desconhecido
147.jpg,resultado_147.jpg,STRAINER,Não cadastrado,Não cadastrado,Desconhecido
147.jpg,resultado_147.jpg,CONTROL AND 1/0 DEVICES,Não cadastrado,Não cadastrado,Desconhecido
147.jpg,resultado_147.jpg,MULTIPLE DEMCES AT SAME STATION,Não cadastrado,Não cadastrado,Desconhecido
147.jpg,resultado_147.jpg,LAHH,Não cadastrado,Não cadastrado,Desconhecido
147.jpg,resultado_147.jpg,LEVEL ~LARN HICH HICH,Não cadastrado,Não cadastrado,Desconhecido
147.jpg,resultado_147.jpg,TEMPERATLRE ELEIETO R,Não cadastrado,Não cadastrado,Desconhecido
147.jpg,resultado_147.jpg,SELF CONTAINED PRESSURE CONTRCL,Não cadastrado,Não cadastrado,Desconhecido
147.jpg,resultado_147.jpg,DISPLAY,Não cadastrado,Não cadastrado,Desconhecido
147.jpg,resultado_147.jpg,LAL,Não cadastrado,Não cadastrado,Desconhecido
147.jpg,resultado_147.jpg,LEEL ALARN LCW,Não cadastrado,Não cadastrado,Desconhecido
147.jpg,resultado_147.jpg,TEMPERATURE INDICATING CONTRCLLER,Não cadastrado,Não cadastrado,Desconhecido
147.jpg,resultado_147.jpg,FILTER,Não cadastrado,Não cadastrado,Desconhecido
147.jpg,resultado_147.jpg,VALVE (RECULATOR},Não cadastrado,Não cadastrado,Desconhecido
147.jpg,resultado_147.jpg,[ADD APPROPRIATE HCRZ . RAR(S)],Não cadastrado,Não cadastrado,Desconhecido
147.jpg,resultado_147.jpg,@ECTXONIC INPUT/OUPUT TYPE,Não cadastrado,Não cadastrado,Desconhecido
147.jpg,resultado_147.jpg,TEMPERATURE RECCRDER,Não cadastrado,Não cadastrado,Desconhecido
147.jpg,resultado_147.jpg,PISTO  OPERATED VALVE,Não cadastrado,Não cadastrado,Desconhecido
147.jpg,resultado_147.jpg,ANALOG INPUT,Não cadastrado,Não cadastrado,Desconhecido
147.jpg,resultado_147.jpg,LALL,Não cadastrado,Não cadastrado,Desconhecido
147.jpg,resultado_147.jpg,TSH,Não cadastrado,Não cadastrado,Desconhecido
147.jpg,resultado_147.jpg,TEMPERATURE S-FETR,Não cadastrado,Não cadastrado,Desconhecido
147.jpg,resultado_147.jpg,SWITCH HIGH,Não cadastrado,Não cadastrado,Desconhecido
147.jpg,resultado_147.jpg,REDUCER,Não cadastrado,Não cadastrado,Desconhecido
147.jpg,resultado_147.jpg,LEVEL CONTROLLER,Não cadastrado,Não cadastrado,Desconhecido
147.jpg,resultado_147.jpg,TEMPERATUFE S-FETT,Não cadastrado,Não cadastrado,Desconhecido
147.jpg,resultado_147.jpg,SOLENOID VALVE,Não cadastrado,Não cadastrado,Desconhecido
147.jpg,resultado_147.jpg,LCH,Não cadastrado,Não cadastrado,Desconhecido
147.jpg,resultado_147.jpg,LEVEL CCNTKOL HICH (STTCH),Não cadastrado,Não cadastrado,Desconhecido
147.jpg,resultado_147.jpg,5,Não cadastrado,Não cadastrado,Desconhecido
147.jpg,resultado_147.jpg,TE-ERATURE,Não cadastrado,Não cadastrado,Desconhecido
147.jpg,resultado_147.jpg,TRAVSVITEER,Não cadastrado,Não cadastrado,Desconhecido
147.jpg,resultado_147.jpg,HYCRAULIC,Não cadastrado,Não cadastrado,Desconhecido
147.jpg,resultado_147.jpg,FLANCE,Não cadastrado,Não cadastrado,Desconhecido
147.jpg,resultado_147.jpg,HSC,Não cadastrado,Não cadastrado,Desconhecido
147.jpg,resultado_147.jpg,HICH SPEED,Não cadastrado,Não cadastrado,Desconhecido
147.jpg,resultado_147.jpg,LCL,Não cadastrado,Não cadastrado,Desconhecido
147.jpg,resultado_147.jpg,LEVEL CONTROL LOW (SWITCH},Não cadastrado,Não cadastrado,Desconhecido
147.jpg,resultado_147.jpg,CONTROL VALVE,Não cadastrado,Não cadastrado,Desconhecido
147.jpg,resultado_147.jpg,'DOUBLE ACTHG ACTUATOR,Não cadastrado,Não cadastrado,Desconhecido
147.jpg,resultado_147.jpg,LCV,Não cadastrado,Não cadastrado,Desconhecido
147.jpg,resultado_147.jpg,LEVEL,Não cadastrado,Não cadastrado,Desconhecido
147.jpg,resultado_147.jpg,"DRAINER,",Não cadastrado,Não cadastrado,Desconhecido
147.jpg,resultado_147.jpg,SFLF,Não cadastrado,Não cadastrado,Desconhecido
147.jpg,resultado_147.jpg,OPERATED,Não cadastrado,Não cadastrado,Desconhecido
147.jpg,resultado_147.jpg,THEKMOWELL,Não cadastrado,Não cadastrado,Desconhecido
147.jpg,resultado_147.jpg,SCCKET WELD,Não cadastrado,Não cadastrado,Desconhecido
147.jpg,resultado_147.jpg,MOTOR OPERATED VALVE,Não cadastrado,Não cadastrado,Desconhecido
147.jpg,resultado_147.jpg,TEM?,Não cadastrado,Não cadastrado,Desconhecido
147.jpg,resultado_147.jpg,SOLENOID VALVE OR TRANSOUCER/RELAY,Não cadastrado,Não cadastrado,Desconhecido
147.jpg,resultado_147.jpg,ELECTRIC NOTOR,Não cadastrado,Não cadastrado,Desconhecido
147.jpg,resultado_147.jpg,UNIOV,Não cadastrado,Não cadastrado,Desconhecido
147.jpg,resultado_147.jpg,SER,Não cadastrado,Não cadastrado,Desconhecido
147.jpg,resultado_147.jpg,LEVEL INDICATUR,Não cadastrado,Não cadastrado,Desconhecido
147.jpg,resultado_147.jpg,TEMP,Não cadastrado,Não cadastrado,Desconhecido
147.jpg,resultado_147.jpg,POINT,Não cadastrado,Não cadastrado,Desconhecido
147.jpg,resultado_147.jpg,THREE WAY INSTRUMENT VALVE,Não cadastrado,Não cadastrado,Desconhecido
147.jpg,resultado_147.jpg,LEVEL INDICATINC CONTROLLER,Não cadastrado,Não cadastrado,Desconhecido
147.jpg,resultado_147.jpg,SCREWED CONNECTION,Não cadastrado,Não cadastrado,Desconhecido
147.jpg,resultado_147.jpg,KON-,Não cadastrado,Não cadastrado,Desconhecido
147.jpg,resultado_147.jpg,VAH,Não cadastrado,Não cadastrado,Desconhecido
147.jpg,resultado_147.jpg,VIBRATION,Não cadastrado,Não cadastrado,Desconhecido
147.jpg,resultado_147.jpg,RECIPROC-TNG,Não cadastrado,Não cadastrado,Desconhecido
147.jpg,resultado_147.jpg,FOUR,Não cadastrado,Não cadastrado,Desconhecido
147.jpg,resultado_147.jpg,WAY NNSTRUKENT VALVE,Não cadastrado,Não cadastrado,Desconhecido
147.jpg,resultado_147.jpg,DEMCE,Não cadastrado,Não cadastrado,Desconhecido
147.jpg,resultado_147.jpg,PRCC AVVABLE DEVICE,Não cadastrado,Não cadastrado,Desconhecido
147.jpg,resultado_147.jpg,LSHH,Não cadastrado,Não cadastrado,Desconhecido
147.jpg,resultado_147.jpg,UF FI,Não cadastrado,Não cadastrado,Desconhecido
147.jpg,resultado_147.jpg,5 ITCH HICH HICH,Não cadastrado,Não cadastrado,Desconhecido
147.jpg,resultado_147.jpg,VSH,Não cadastrado,Não cadastrado,Desconhecido
147.jpg,resultado_147.jpg,ENGINE,Não cadastrado,Não cadastrado,Desconhecido
147.jpg,resultado_147.jpg,RACK /CARD INDENTIFIC-TICV,Não cadastrado,Não cadastrado,Desconhecido
147.jpg,resultado_147.jpg,EDUCTOR,Não cadastrado,Não cadastrado,Desconhecido
147.jpg,resultado_147.jpg,LSLL,Não cadastrado,Não cadastrado,Desconhecido
147.jpg,resultado_147.jpg,ADJUSTAFLE CHOKE,Não cadastrado,Não cadastrado,Desconhecido
147.jpg,resultado_147.jpg,SCHEVE PER DEVICE TYFE,Não cadastrado,Não cadastrado,Desconhecido
147.jpg,resultado_147.jpg,XAL,Não cadastrado,Não cadastrado,Desconhecido
147.jpg,resultado_147.jpg,UNCLASSIFIED ALARN LOW,Não cadastrado,Não cadastrado,Desconhecido
147.jpg,resultado_147.jpg,SPECIALTY ITEM,Não cadastrado,Não cadastrado,Desconhecido
147.jpg,resultado_147.jpg,'R1/S?' FOR RACK,Não cadastrado,Não cadastrado,Desconhecido
147.jpg,resultado_147.jpg,LEVEL SAFETY /SWITCH HIGH,Não cadastrado,Não cadastrado,Desconhecido
147.jpg,resultado_147.jpg,TURBINE,Não cadastrado,Não cadastrado,Desconhecido
147.jpg,resultado_147.jpg,POSMVE CHCKE,Não cadastrado,Não cadastrado,Desconhecido
147.jpg,resultado_147.jpg,LEYEL SAFETY /SWITCH,Não cadastrado,Não cadastrado,Desconhecido
147.jpg,resultado_147.jpg,UNCLASSIFIEC CONTROL VALVE,Não cadastrado,Não cadastrado,Desconhecido
147.jpg,resultado_147.jpg,SCREW,Não cadastrado,Não cadastrado,Desconhecido
147.jpg,resultado_147.jpg,LEVEL TRANSMMTER,Não cadastrado,Não cadastrado,Desconhecido
147.jpg,resultado_147.jpg,SAVPLER,Não cadastrado,Não cadastrado,Desconhecido
147.jpg,resultado_147.jpg,TERMINATON,Não cadastrado,Não cadastrado,Desconhecido
147.jpg,resultado_147.jpg,INDENTIACATON,Não cadastrado,Não cadastrado,Desconhecido
147.jpg,resultado_147.jpg,LE EL CONTROL VAL E,Não cadastrado,Não cadastrado,Desconhecido
147.jpg,resultado_147.jpg,UNCLASSIFIED RELAY 0X SOLENOID VLVE,Não cadastrado,Não cadastrado,Desconhecido
147.jpg,resultado_147.jpg,POSITIVE CISFLACEMENT,Não cadastrado,Não cadastrado,Desconhecido
147.jpg,resultado_147.jpg,LEVEL SOLENOID VALVE OR RELAY,Não cadastrado,Não cadastrado,Desconhecido
147.jpg,resultado_147.jpg,UNCLASSIFIED SAFETY /SWMCH LOW,Não cadastrado,Não cadastrado,Desconhecido
147.jpg,resultado_147.jpg,{RECIPROCATINS),Não cadastrado,Não cadastrado,Desconhecido
147.jpg,resultado_147.jpg,Y-STRAINER,Não cadastrado,Não cadastrado,Desconhecido
147.jpg,resultado_147.jpg,CUICK,Não cadastrado,Não cadastrado,Desconhecido
147.jpg,resultado_147.jpg,CHANCE ORIFCE FITTING (SENICR},Não cadastrado,Não cadastrado,Desconhecido
147.jpg,resultado_147.jpg,FOR SECOND TE?MIN-TICY PAI?),Não cadastrado,Não cadastrado,Desconhecido
147.jpg,resultado_147.jpg,NCELLANEQUS,Não cadastrado,Não cadastrado,Desconhecido
147.jpg,resultado_147.jpg,OFIFICE PL-TE 3ETWEEN FLANGES (JUNICR),Não cadastrado,Não cadastrado,Desconhecido
147.jpg,resultado_147.jpg,YSH,Não cadastrado,Não cadastrado,Desconhecido
147.jpg,resultado_147.jpg,SMOKE CETECTOR,Não cadastrado,Não cadastrado,Desconhecido
147.jpg,resultado_147.jpg,QUARTER TURN VALVE,Não cadastrado,Não cadastrado,Desconhecido
147.jpg,resultado_147.jpg,EECTKONIC CEMCE PHYSIC-L LOCATON,Não cadastrado,Não cadastrado,Desconhecido
147.jpg,resultado_147.jpg,ORERATOR,Não cadastrado,Não cadastrado,Desconhecido
147.jpg,resultado_147.jpg,DIAPHRACM,Não cadastrado,Não cadastrado,Desconhecido
147.jpg,resultado_147.jpg,VETER,Não cadastrado,Não cadastrado,Desconhecido
147.jpg,resultado_147.jpg,CC TCL,Não cadastrado,Não cadastrado,Desconhecido
147.jpg,resultado_147.jpg,CENTER PANEL,Não cadastrado,Não cadastrado,Desconhecido
147.jpg,resultado_147.jpg,POSITION/LIMIT INDICATOR;,Não cadastrado,Não cadastrado,Desconhecido
147.jpg,resultado_147.jpg,PIC SIGNAL,Não cadastrado,Não cadastrado,Desconhecido
147.jpg,resultado_147.jpg,DIS L-YED,Não cadastrado,Não cadastrado,Desconhecido
147.jpg,resultado_147.jpg,OPEN DRAIN,Não cadastrado,Não cadastrado,Desconhecido
147.jpg,resultado_147.jpg,DOUELE -CTING,Não cadastrado,Não cadastrado,Desconhecido
147.jpg,resultado_147.jpg,DEVICE,Não cadastrado,Não cadastrado,Desconhecido
147.jpg,resultado_147.jpg,CONTRCL CENTE? PANEL,Não cadastrado,Não cadastrado,Desconhecido
147.jpg,resultado_147.jpg,ZS (O/C; POSITION/LIMIT SWITCH (CPEN OR CLOSE,Não cadastrado,Não cadastrado,Desconhecido
147.jpg,resultado_147.jpg,ROTARY METER,Não cadastrado,Não cadastrado,Desconhecido
147.jpg,resultado_147.jpg,PRCCRAVV-BLE},Não cadastrado,Não cadastrado,Desconhecido
147.jpg,resultado_147.jpg,LOCAL CONTROL PA E,Não cadastrado,Não cadastrado,Desconhecido
147.jpg,resultado_147.jpg,UTUTY CONTROL CENTER PA E,Não cadastrado,Não cadastrado,Desconhecido
147.jpg,resultado_147.jpg,WFP,Não cadastrado,Não cadastrado,Desconhecido
147.jpg,resultado_147.jpg,MOTION/PNEUMATIC TRANSDUCER,Não cadastrado,Não cadastrado,Desconhecido
147.jpg,resultado_147.jpg,OFERATOR,Não cadastrado,Não cadastrado,Desconhecido
147.jpg,resultado_147.jpg,STRAICHTENINC VANES,Não cadastrado,Não cadastrado,Desconhecido
147.jpg,resultado_147.jpg,VSE,Não cadastrado,Não cadastrado,Desconhecido
147.jpg,resultado_147.jpg,SPRING RETURN,Não cadastrado,Não cadastrado,Desconhecido
147.jpg,resultado_147.jpg,MULTIPLE,Não cadastrado,Não cadastrado,Desconhecido
147.jpg,resultado_147.jpg,AT SAVE,Não cadastrado,Não cadastrado,Desconhecido
147.jpg,resultado_147.jpg,HOSE FEE,Não cadastrado,Não cadastrado,Desconhecido
147.jpg,resultado_147.jpg,FLOWSHEEL,Não cadastrado,Não cadastrado,Desconhecido
147.jpg,resultado_147.jpg,ABBREVIATIONS,Não cadastrado,Não cadastrado,Desconhecido
147.jpg,resultado_147.jpg,CARKENED,Não cadastrado,Não cadastrado,Desconhecido
147.jpg,resultado_147.jpg,CLCSED,Não cadastrado,Não cadastrado,Desconhecido
147.jpg,resultado_147.jpg,XORMAL SERMCE,Não cadastrado,Não cadastrado,Desconhecido
147.jpg,resultado_147.jpg,DTHER ~LPHABETC OR NUVERIC CH-RACTE},Não cadastrado,Não cadastrado,Desconhecido
147.jpg,resultado_147.jpg,ALPHARENC CHARACTER?,Não cadastrado,Não cadastrado,Desconhecido
147.jpg,resultado_147.jpg,TO CLOSE,Não cadastrado,Não cadastrado,Desconhecido
147.jpg,resultado_147.jpg,COVPUTE?,Não cadastrado,Não cadastrado,Desconhecido
147.jpg,resultado_147.jpg,UNIT CONTRCL PANEL,Não cadastrado,Não cadastrado,Desconhecido
147.jpg,resultado_147.jpg,NUMERIC CHARACTER,Não cadastrado,Não cadastrado,Desconhecido
147.jpg,resultado_147.jpg,ABOVESROUND,Não cadastrado,Não cadastrado,Desconhecido
147.jpg,resultado_147.jpg,LOCKED OPEN,Não cadastrado,Não cadastrado,Desconhecido
147.jpg,resultado_147.jpg,AR TQ OPEN,Não cadastrado,Não cadastrado,Desconhecido
147.jpg,resultado_147.jpg,PRESSURE,Não cadastrado,Não cadastrado,Desconhecido
147.jpg,resultado_147.jpg,BLIND FLANGE,Não cadastrado,Não cadastrado,Desconhecido
147.jpg,resultado_147.jpg,NCTE: SOLID PCRT INCICATES,Não cadastrado,Não cadastrado,Desconhecido
147.jpg,resultado_147.jpg,"OV THE SHELF""",Não cadastrado,Não cadastrado,Desconhecido
147.jpg,resultado_147.jpg,WATER,Não cadastrado,Não cadastrado,Desconhecido
147.jpg,resultado_147.jpg,NCRMALY CLOSED,Não cadastrado,Não cadastrado,Desconhecido
147.jpg,resultado_147.jpg,BLOCKED PORT,Não cadastrado,Não cadastrado,Desconhecido
147.jpg,resultado_147.jpg,NCT IV SERVICE,Não cadastrado,Não cadastrado,Desconhecido
147.jpg,resultado_147.jpg,CPLG,Não cadastrado,Não cadastrado,Desconhecido
147.jpg,resultado_147.jpg,COUPUNG,Não cadastrado,Não cadastrado,Desconhecido
147.jpg,resultado_147.jpg,CFEN,Não cadastrado,Não cadastrado,Desconhecido
147.jpg,resultado_147.jpg,HEAT EXCHANGER,Não cadastrado,Não cadastrado,Desconhecido
147.jpg,resultado_147.jpg,ECC,Não cadastrado,Não cadastrado,Desconhecido
147.jpg,resultado_147.jpg,ECCENTRIC,Não cadastrado,Não cadastrado,Desconhecido
147.jpg,resultado_147.jpg,LH,Não cadastrado,Não cadastrado,Desconhecido
147.jpg,resultado_147.jpg,LINE_IDENTIFICATION_NUMEER,Não cadastrado,Não cadastrado,Desconhecido
147.jpg,resultado_147.jpg,VALVE_WENTEICATION,Não cadastrado,Não cadastrado,Desconhecido
147.jpg,resultado_147.jpg,NBER,Não cadastrado,Não cadastrado,Desconhecido
147.jpg,resultado_147.jpg,EDSF,Não cadastrado,Não cadastrado,Desconhecido
147.jpg,resultado_147.jpg,EDCE CF SKID FITTINC,Não cadastrado,Não cadastrado,Desconhecido
147.jpg,resultado_147.jpg,LLN,Não cadastrado,Não cadastrado,Desconhecido
147.jpg,resultado_147.jpg,E/E,Não cadastrado,Não cadastrado,Desconhecido
147.jpg,resultado_147.jpg,END TO END,Não cadastrado,Não cadastrado,Desconhecido
147.jpg,resultado_147.jpg,NQUE_MLMEER,Não cadastrado,Não cadastrado,Desconhecido
147.jpg,resultado_147.jpg,ECTIDN,Não cadastrado,Não cadastrado,Desconhecido
147.jpg,resultado_147.jpg,NCHLL PIPE_SIZE,Não cadastrado,Não cadastrado,Desconhecido
147.jpg,resultado_147.jpg,FF,Não cadastrado,Não cadastrado,Desconhecido
147.jpg,resultado_147.jpg,FULL,Não cadastrado,Não cadastrado,Desconhecido
147.jpg,resultado_147.jpg,BCRE,Não cadastrado,Não cadastrado,Desconhecido
147.jpg,resultado_147.jpg,NFT,Não cadastrado,Não cadastrado,Desconhecido
147.jpg,resultado_147.jpg,NATIONAL PIFE THREAC,Não cadastrado,Não cadastrado,Desconhecido
147.jpg,resultado_147.jpg,FLAT FACE (FLANGE;,Não cadastrado,Não cadastrado,Desconhecido
147.jpg,resultado_147.jpg,RAISED FACE (F-NCE,Não cadastrado,Não cadastrado,Desconhecido
147.jpg,resultado_147.jpg,PFFING CLASS,Não cadastrado,Não cadastrado,Desconhecido
147.jpg,resultado_147.jpg,FAIL CLOSE,Não cadastrado,Não cadastrado,Desconhecido
147.jpg,resultado_147.jpg,RTJ,Não cadastrado,Não cadastrado,Desconhecido
147.jpg,resultado_147.jpg,RINC TYFE JCINT (FLANGE;,Não cadastrado,Não cadastrado,Desconhecido
147.jpg,resultado_147.jpg,SILENCER,Não cadastrado,Não cadastrado,Desconhecido
147.jpg,resultado_147.jpg,REDUCED,Não cadastrado,Não cadastrado,Desconhecido
147.jpg,resultado_147.jpg,FAIL-IN_PLACE,Não cadastrado,Não cadastrado,Desconhecido
147.jpg,resultado_147.jpg,HAVDHOLE,Não cadastrado,Não cadastrado,Desconhecido
147.jpg,resultado_147.jpg,SAMPLE,Não cadastrado,Não cadastrado,Desconhecido
147.jpg,resultado_147.jpg,CONNECTION,Não cadastrado,Não cadastrado,Desconhecido
147.jpg,resultado_147.jpg,HICH PRESSURE,Não cadastrado,Não cadastrado,Desconhecido
147.jpg,resultado_147.jpg,SET  POINT,Não cadastrado,Não cadastrado,Desconhecido
147.jpg,resultado_147.jpg,FN-FAV,Não cadastrado,Não cadastrado,Desconhecido
147.jpg,resultado_147.jpg,CODE MALVE TYPE,Não cadastrado,Não cadastrado,Desconhecido
147.jpg,resultado_147.jpg,CODE SPECIAL FEATURE,Não cadastrado,Não cadastrado,Desconhecido
147.jpg,resultado_147.jpg,413 SUPPLY,Não cadastrado,Não cadastrado,Desconhecido
147.jpg,resultado_147.jpg,F _T,Não cadastrado,Não cadastrado,Desconhecido
147.jpg,resultado_147.jpg,FULL POFT,Não cadastrado,Não cadastrado,Desconhecido
147.jpg,resultado_147.jpg,STAINLESS STEEL,Não cadastrado,Não cadastrado,Desconhecido
147.jpg,resultado_147.jpg,COOLER,Não cadastrado,Não cadastrado,Desconhecido
147.jpg,resultado_147.jpg,EALL,Não cadastrado,Não cadastrado,Desconhecido
147.jpg,resultado_147.jpg,VFT,Não cadastrado,Não cadastrado,Desconhecido
147.jpg,resultado_147.jpg,ICS,Não cadastrado,Não cadastrado,Desconhecido
147.jpg,resultado_147.jpg,INSTRUNENT G-S SUPPLY,Não cadastrado,Não cadastrado,Desconhecido
147.jpg,resultado_147.jpg,SEAK TO SEAN,Não cadastrado,Não cadastrado,Desconhecido
147.jpg,resultado_147.jpg,CDTE,Não cadastrado,Não cadastrado,Desconhecido
147.jpg,resultado_147.jpg,CWI,Não cadastrado,Não cadastrado,Desconhecido
147.jpg,resultado_147.jpg,COE MIFIE?,Não cadastrado,Não cadastrado,Desconhecido
147.jpg,resultado_147.jpg,CAS,Não cadastrado,Não cadastrado,Desconhecido
147.jpg,resultado_147.jpg,SERVICE,Não cadastrado,Não cadastrado,Desconhecido
147.jpg,resultado_147.jpg,FLLS,Não cadastrado,Não cadastrado,Desconhecido
147.jpg,resultado_147.jpg,IL,Não cadastrado,Não cadastrado,Desconhecido
147.jpg,resultado_147.jpg,HIGH LEVEL,Não cadastrado,Não cadastrado,Desconhecido
147.jpg,resultado_147.jpg,T/T,Não cadastrado,Não cadastrado,Desconhecido
147.jpg,resultado_147.jpg,TANCENT TO TANCENT,Não cadastrado,Não cadastrado,Desconhecido
147.jpg,resultado_147.jpg,ANSI 150,Não cadastrado,Não cadastrado,Desconhecido
147.jpg,resultado_147.jpg,CLYCOL; D?AINS,Não cadastrado,Não cadastrado,Desconhecido
147.jpg,resultado_147.jpg,CLOEF,Não cadastrado,Não cadastrado,Desconhecido
147.jpg,resultado_147.jpg,PIFAUNF,Não cadastrado,Não cadastrado,Desconhecido
147.jpg,resultado_147.jpg,NORNAL LEVEL,Não cadastrado,Não cadastrado,Desconhecido
147.jpg,resultado_147.jpg,UNDERCROUND,Não cadastrado,Não cadastrado,Desconhecido
147.jpg,resultado_147.jpg,EJLK,Não cadastrado,Não cadastrado,Desconhecido
147.jpg,resultado_147.jpg,DRY,Não cadastrado,Não cadastrado,Desconhecido
147.jpg,resultado_147.jpg,CHECK,Não cadastrado,Não cadastrado,Desconhecido
147.jpg,resultado_147.jpg,LNION,Não cadastrado,Não cadastrado,Desconhecido
147.jpg,resultado_147.jpg,REL JCED FCRT,Não cadastrado,Não cadastrado,Desconhecido
147.jpg,resultado_147.jpg,INTERFACE LOW LEVEL,Não cadastrado,Não cadastrado,Desconhecido
147.jpg,resultado_147.jpg,STRONG,Não cadastrado,Não cadastrado,Desconhecido
147.jpg,resultado_147.jpg,CONDENSATE,Não cadastrado,Não cadastrado,Desconhecido
147.jpg,resultado_147.jpg,WATB,Não cadastrado,Não cadastrado,Desconhecido
147.jpg,resultado_147.jpg,NEECLE,Não cadastrado,Não cadastrado,Desconhecido
147.jpg,resultado_147.jpg,SHORT ?-TERI,Não cadastrado,Não cadastrado,Desconhecido
147.jpg,resultado_147.jpg,INTERMEDIATE CRESSURE,Não cadastrado,Não cadastrado,Desconhecido
147.jpg,resultado_147.jpg,DOUHLE EXTRA STRONG,Não cadastrado,Não cadastrado,Desconhecido
147.jpg,resultado_147.jpg,DR-IN,Não cadastrado,Não cadastrado,Desconhecido
147.jpg,resultado_147.jpg,FIA,Não cadastrado,Não cadastrado,Desconhecido
147.jpg,resultado_147.jpg,LO,Não cadastrado,Não cadastrado,Desconhecido
147.jpg,resultado_147.jpg,EUTTERFY,Não cadastrado,Não cadastrado,Desconhecido
147.jpg,resultado_147.jpg,SFECI-L,Não cadastrado,Não cadastrado,Desconhecido
147.jpg,resultado_147.jpg,TILTED DLSC,Não cadastrado,Não cadastrado,Desconhecido
147.jpg,resultado_147.jpg,LOCKED CLOSED,Não cadastrado,Não cadastrado,Desconhecido
147.jpg,resultado_147.jpg,EXH-LST,Não cadastrado,Não cadastrado,Desconhecido
147.jpg,resultado_147.jpg,ANSI GCO,Não cadastrado,Não cadastrado,Desconhecido
147.jpg,resultado_147.jpg,MULTIFORT,Não cadastrado,Não cadastrado,Desconhecido
147.jpg,resultado_147.jpg,SOLOER,Não cadastrado,Não cadastrado,Desconhecido
147.jpg,resultado_147.jpg,VENTUFI,Não cadastrado,Não cadastrado,Desconhecido
147.jpg,resultado_147.jpg,FIFE,Não cadastrado,Não cadastrado,Desconhecido
147.jpg,resultado_147.jpg,HOT,Não cadastrado,Não cadastrado,Desconhecido
147.jpg,resultado_147.jpg,CAUCE,Não cadastrado,Não cadastrado,Desconhecido
147.jpg,resultado_147.jpg,WAFER,Não cadastrado,Não cadastrado,Desconhecido
147.jpg,resultado_147.jpg,GLYCOL,Não cadastrado,Não cadastrado,Desconhecido
147.jpg,resultado_147.jpg,ANSI 9CO,Não cadastrado,Não cadastrado,Desconhecido
147.jpg,resultado_147.jpg,CLYCOL,Não cadastrado,Não cadastrado,Desconhecido
147.jpg,resultado_147.jpg,HYORAULIC,Não cadastrado,Não cadastrado,Desconhecido
147.jpg,resultado_147.jpg,SFECIAL,Não cadastrado,Não cadastrado,Desconhecido
147.jpg,resultado_147.jpg,AVSI 150C,Não cadastrado,Não cadastrado,Desconhecido
147.jpg,resultado_147.jpg,HRDRIC-RBORS,Não cadastrado,Não cadastrado,Desconhecido
147.jpg,resultado_147.jpg,BL%K,Não cadastrado,Não cadastrado,Desconhecido
147.jpg,resultado_147.jpg,SVE END FACING,Não cadastrado,Não cadastrado,Desconhecido
147.jpg,resultado_147.jpg,INST?UMDT,Não cadastrado,Não cadastrado,Desconhecido
147.jpg,resultado_147.jpg,STEAY,Não cadastrado,Não cadastrado,Desconhecido
147.jpg,resultado_147.jpg,LUBE,Não cadastrado,Não cadastrado,Desconhecido
147.jpg,resultado_147.jpg,TRANSFER,Não cadastrado,Não cadastrado,Desconhecido
147.jpg,resultado_147.jpg,ANSI SCO,Não cadastrado,Não cadastrado,Desconhecido
147.jpg,resultado_147.jpg,HEAT TRAVSFE? AUICS,Não cadastrado,Não cadastrado,Desconhecido
147.jpg,resultado_147.jpg,SPECIFL,Não cadastrado,Não cadastrado,Desconhecido
147.jpg,resultado_147.jpg,WFTER,Não cadastrado,Não cadastrado,Desconhecido
147.jpg,resultado_147.jpg,FCTABLE,Não cadastrado,Não cadastrado,Desconhecido
147.jpg,resultado_147.jpg,ANSI 6CO,Não cadastrado,Não cadastrado,Desconhecido
147.jpg,resultado_147.jpg,HEAT TRAYSFE? FUIDS,Não cadastrado,Não cadastrado,Desconhecido
147.jpg,resultado_147.jpg,NOL FOR_CONSTRUCTION,Não cadastrado,Não cadastrado,Desconhecido
147.jpg,resultado_147.jpg,FROCESS,Não cadastrado,Não cadastrado,Desconhecido
147.jpg,resultado_147.jpg,REVEF,Não cadastrado,Não cadastrado,Desconhecido
147.jpg,resultado_147.jpg,DRAWINGS   PROVIDED,Não cadastrado,Não cadastrado,Desconhecido
147.jpg,resultado_147.jpg,BY  ATMOS,Não cadastrado,Não cadastrado,Desconhecido
147.jpg,resultado_147.jpg,ENERGY   ARE   CONCEPTUAL ONLY,Não cadastrado,Não cadastrado,Desconhecido
147.jpg,resultado_147.jpg,SPECIAL,Não cadastrado,Não cadastrado,Desconhecido
147.jpg,resultado_147.jpg,AND NOT TO,Não cadastrado,Não cadastrado,Desconhecido
147.jpg,resultado_147.jpg,BE,Não cadastrado,Não cadastrado,Desconhecido
147.jpg,resultado_147.jpg,USED FOR,Não cadastrado,Não cadastrado,Desconhecido
147.jpg,resultado_147.jpg,FINAL,Não cadastrado,Não cadastrado,Desconhecido
147.jpg,resultado_147.jpg,CONSTRUCTION,Não cadastrado,Não cadastrado,Desconhecido
147.jpg,resultado_147.jpg,STANDARD,Não cadastrado,Não cadastrado,Desconhecido
147.jpg,resultado_147.jpg,& ID LEGEND,Não cadastrado,Não cadastrado,Desconhecido
147.jpg,resultado_147.jpg,TYP,Não cadastrado,Não cadastrado,Desconhecido
147.jpg,resultado_147.jpg,MEASURING  STA.,Não cadastrado,Não cadastrado,Desconhecido
147.jpg,resultado_147.jpg,JRD PARTY RECEIPT INTQ AN,Não cadastrado,Não cadastrado,Desconhecido
147.jpg,resultado_147.jpg,ENERGY,Não cadastrado,Não cadastrado,Desconhecido
147.jpg,resultado_147.jpg,"PD 1985, SHEET",Não cadastrado,Não cadastrado,Desconhecido
147.jpg,resultado_147.jpg,FROJ. ENCNR: DAVID SHUNG,Não cadastrado,Não cadastrado,Desconhecido
147.jpg,resultado_147.jpg,DATE:,Não cadastrado,Não cadastrado,Desconhecido
147.jpg,resultado_147.jpg,DRAWN BY:,Não cadastrado,Não cadastrado,Desconhecido
147.jpg,resultado_147.jpg,RLCK MARSH,Não cadastrado,Não cadastrado,Desconhecido
147.jpg,resultado_147.jpg,12/09/05,Não cadastrado,Não cadastrado,Desconhecido
147.jpg,resultado_147.jpg,PROJECT,Não cadastrado,Não cadastrado,Desconhecido
147.jpg,resultado_147.jpg,DSMR NO,Não cadastrado,Não cadastrado,Desconhecido
147.jpg,resultado_147.jpg,DESCRIPTON,Não cadastrado,Não cadastrado,Desconhecido
147.jpg,resultado_147.jpg,CATE,Não cadastrado,Não cadastrado,Desconhecido
147.jpg,resultado_147.jpg,DRAWNG NO,Não cadastrado,Não cadastrado,Desconhecido
147.jpg,resultado_147.jpg,PD  1985,Não cadastrado,Não cadastrado,Desconhecido
147.jpg,resultado_147.jpg,NO _,Não cadastrado,Não cadastrado,Desconhecido
147.jpg,resultado_147.jpg,SAFEI,Não cadastrado,Não cadastrado,Desconhecido
147.jpg,resultado_147.jpg,FLCR,Não cadastrado,Não cadastrado,Desconhecido
147.jpg,resultado_147.jpg,PANEL ;,Não cadastrado,Não cadastrado,Desconhecido
147.jpg,resultado_147.jpg,EQUIPVENT,Não cadastrado,Não cadastrado,Desconhecido
147.jpg,resultado_147.jpg,FLOWSHEEL SYMBOLS,Não cadastrado,Não cadastrado,Desconhecido
147.jpg,resultado_147.jpg,CONTRQL,Não cadastrado,Não cadastrado,Desconhecido
147.jpg,resultado_147.jpg,ELECTRONIC_DEVICE_IENTICATION,Não cadastrado,Não cadastrado,Desconhecido
147.jpg,resultado_147.jpg,NNSTRUMELTATION_IDENTIICATION,Não cadastrado,Não cadastrado,Desconhecido
147.jpg,resultado_147.jpg,SHBLLS,Não cadastrado,Não cadastrado,Desconhecido
147.jpg,resultado_147.jpg,ELECTRIC  BINARY,Não cadastrado,Não cadastrado,Desconhecido
147.jpg,resultado_147.jpg,SISV-L LINE,Não cadastrado,Não cadastrado,Desconhecido
147.jpg,resultado_147.jpg,HORIZONTAL BAR SYMBOLS,Não cadastrado,Não cadastrado,Desconhecido
147.jpg,resultado_147.jpg,FOR FHYSICAL MOUNTING,Não cadastrado,Não cadastrado,Desconhecido
147.jpg,resultado_147.jpg,OF  DEVICE,Não cadastrado,Não cadastrado,Desconhecido
147.jpg,resultado_147.jpg,ELECTRONIC   DEVICE DETAIL CODES,Não cadastrado,Não cadastrado,Desconhecido
147.jpg,resultado_147.jpg,FRESSURE ALARM HICH AND LOW',Não cadastrado,Não cadastrado,Desconhecido
147.jpg,resultado_147.jpg,AH,Não cadastrado,Não cadastrado,Desconhecido
147.jpg,resultado_147.jpg,CRESSURE ALARM,Não cadastrado,Não cadastrado,Desconhecido
147.jpg,resultado_147.jpg,ANALYZER CONTROLLER,Não cadastrado,Não cadastrado,Desconhecido
147.jpg,resultado_147.jpg,ANALYZER ELEMENT,Não cadastrado,Não cadastrado,Desconhecido
147.jpg,resultado_147.jpg,PCV,Não cadastrado,Não cadastrado,Desconhecido
147.jpg,resultado_147.jpg,ELECTRONIC,Não cadastrado,Não cadastrado,Desconhecido
147.jpg,resultado_147.jpg,'ERIAL,Não cadastrado,Não cadastrado,Desconhecido
147.jpg,resultado_147.jpg,FRESSURE DIFFERENAL ALARK,Não cadastrado,Não cadastrado,Desconhecido
147.jpg,resultado_147.jpg,MULT V/0,Não cadastrado,Não cadastrado,Desconhecido
147.jpg,resultado_147.jpg,NON_PROGRAVMAELE,Não cadastrado,Não cadastrado,Desconhecido
147.jpg,resultado_147.jpg,PRCGRAVVARLE DEMCE,Não cadastrado,Não cadastrado,Desconhecido
147.jpg,resultado_147.jpg,IFFERENTAL ALARK LOW,Não cadastrado,Não cadastrado,Desconhecido
147.jpg,resultado_147.jpg,PRESSURE DIFFERENTAL CCNTROLLER,Não cadastrado,Não cadastrado,Desconhecido
147.jpg,resultado_147.jpg,PDL,Não cadastrado,Não cadastrado,Desconhecido
147.jpg,resultado_147.jpg,FRESSURE DIFFERENTAL INDIC-TO =,Não cadastrado,Não cadastrado,Desconhecido
147.jpg,resultado_147.jpg,PCIC,Não cadastrado,Não cadastrado,Desconhecido
147.jpg,resultado_147.jpg,PRESSURE DIFFERENTAL INDICATNC CONTROLLE?,Não cadastrado,Não cadastrado,Desconhecido
147.jpg,resultado_147.jpg,BURNER ALARV LOW,Não cadastrado,Não cadastrado,Desconhecido
147.jpg,resultado_147.jpg,PDR,Não cadastrado,Não cadastrado,Desconhecido
147.jpg,resultado_147.jpg,PRESSURE DIFFERENTAL RECORDER,Não cadastrado,Não cadastrado,Desconhecido
147.jpg,resultado_147.jpg,PRESSURE DIFFERENTAL :AFET,Não cadastrado,Não cadastrado,Desconhecido
147.jpg,resultado_147.jpg,'SWITCH,Não cadastrado,Não cadastrado,Desconhecido
147.jpg,resultado_147.jpg,VOURTED,Não cadastrado,Não cadastrado,Desconhecido
147.jpg,resultado_147.jpg,BURNER ELEMERT,Não cadastrado,Não cadastrado,Desconhecido
147.jpg,resultado_147.jpg,FRESSURE DIFFERENTAL $AFETY /SWTTCH LOW,Não cadastrado,Não cadastrado,Desconhecido
147.jpg,resultado_147.jpg,DIACHRACK /PISTON,Não cadastrado,Não cadastrado,Desconhecido
147.jpg,resultado_147.jpg,CLEED RINC,Não cadastrado,Não cadastrado,Desconhecido
147.jpg,resultado_147.jpg,PVEUMATIC CONTROL (INSTR:,Não cadastrado,Não cadastrado,Desconhecido
147.jpg,resultado_147.jpg,GAS),Não cadastrado,Não cadastrado,Desconhecido
147.jpg,resultado_147.jpg,EURNER SAFETY,Não cadastrado,Não cadastrado,Desconhecido
147.jpg,resultado_147.jpg,PRESSURE ELEMENT,Não cadastrado,Não cadastrado,Desconhecido
147.jpg,resultado_147.jpg,PRESSURE CCNTROL VAL E,Não cadastrado,Não cadastrado,Desconhecido
147.jpg,resultado_147.jpg,CQUPCN,Não cadastrado,Não cadastrado,Desconhecido
147.jpg,resultado_147.jpg,CRESSURE INDICATINC CONTROLLER,Não cadastrado,Não cadastrado,Desconhecido
147.jpg,resultado_147.jpg,PROEE,Não cadastrado,Não cadastrado,Desconhecido
147.jpg,resultado_147.jpg,PRESSURE RECORDE ?,Não cadastrado,Não cadastrado,Desconhecido
147.jpg,resultado_147.jpg,"SHEET NO. XXX, LINEN'",Não cadastrado,Não cadastrado,Desconhecido
147.jpg,resultado_147.jpg,EVERCENC,Não cadastrado,Não cadastrado,Desconhecido
147.jpg,resultado_147.jpg,SHUTDOWN,Não cadastrado,Não cadastrado,Desconhecido
147.jpg,resultado_147.jpg,PRESSURE SNITCH,Não cadastrado,Não cadastrado,Desconhecido
147.jpg,resultado_147.jpg,IELD,Não cadastrado,Não cadastrado,Desconhecido
147.jpg,resultado_147.jpg,ELEWENT (RUPTURE DISC},Não cadastrado,Não cadastrado,Desconhecido
147.jpg,resultado_147.jpg,"ELEC,",Não cadastrado,Não cadastrado,Desconhecido
147.jpg,resultado_147.jpg,CONTINUED TO,Não cadastrado,Não cadastrado,Desconhecido
147.jpg,resultado_147.jpg,PANEL,Não cadastrado,Não cadastrado,Desconhecido
147.jpg,resultado_147.jpg,CSHL,Não cadastrado,Não cadastrado,Desconhecido
147.jpg,resultado_147.jpg,CRESSURE SAFET,Não cadastrado,Não cadastrado,Desconhecido
147.jpg,resultado_147.jpg,FRESSURE SAFET,Não cadastrado,Não cadastrado,Desconhecido
147.jpg,resultado_147.jpg,SWICH LOW,Não cadastrado,Não cadastrado,Desconhecido
147.jpg,resultado_147.jpg,THERKAL ~EKSONN,Não cadastrado,Não cadastrado,Desconhecido
147.jpg,resultado_147.jpg,EARRIER,Não cadastrado,Não cadastrado,Desconhecido
147.jpg,resultado_147.jpg,SKID OR PACKACE UVITS,Não cadastrado,Não cadastrado,Desconhecido
147.jpg,resultado_147.jpg,SEE INSTRUMENTATON IDENTFIC-TIC LETTERS,Não cadastrado,Não cadastrado,Desconhecido
147.jpg,resultado_147.jpg,RIGHT,Não cadastrado,Não cadastrado,Desconhecido
147.jpg,resultado_147.jpg,"FC""",Não cadastrado,Não cadastrado,Desconhecido
147.jpg,resultado_147.jpg,FLCR CCNTROLLER,Não cadastrado,Não cadastrado,Desconhecido
147.jpg,resultado_147.jpg,FRESSURE SAFETY VALVE,Não cadastrado,Não cadastrado,Desconhecido
147.jpg,resultado_147.jpg,ROTA RY,Não cadastrado,Não cadastrado,Desconhecido
147.jpg,resultado_147.jpg,FLO# CONTRCL VALVE  SELF,Não cadastrado,Não cadastrado,Desconhecido
147.jpg,resultado_147.jpg,CONTAINED,Não cadastrado,Não cadastrado,Desconhecido
147.jpg,resultado_147.jpg,FRESSURE TRANSMMTER,Não cadastrado,Não cadastrado,Desconhecido
147.jpg,resultado_147.jpg,INSULATION (THICKNESS 4S NOTED),Não cadastrado,Não cadastrado,Desconhecido
147.jpg,resultado_147.jpg,BEHIND VAIN,Não cadastrado,Não cadastrado,Desconhecido
147.jpg,resultado_147.jpg,FRESSURE SCLEVOID VALVE 0X RELAY,Não cadastrado,Não cadastrado,Desconhecido
147.jpg,resultado_147.jpg,PENEL,Não cadastrado,Não cadastrado,Desconhecido
147.jpg,resultado_147.jpg,NOT NORMALL,Não cadastrado,Não cadastrado,Desconhecido
147.jpg,resultado_147.jpg,LOC - INDENTIFCATON,Não cadastrado,Não cadastrado,Desconhecido
147.jpg,resultado_147.jpg,2,Não cadastrado,Não cadastrado,Desconhecido
147.jpg,resultado_147.jpg,FLO# SICHT CLASS,Não cadastrado,Não cadastrado,Desconhecido
147.jpg,resultado_147.jpg,R-L,Não cadastrado,Não cadastrado,Desconhecido
147.jpg,resultado_147.jpg,FLC    INDICATOR,Não cadastrado,Não cadastrado,Desconhecido
147.jpg,resultado_147.jpg,ROY,Não cadastrado,Não cadastrado,Desconhecido
147.jpg,resultado_147.jpg,REVOTE OPE?ATED,Não cadastrado,Não cadastrado,Desconhecido
147.jpg,resultado_147.jpg,(SWITCHING; VALVE,Não cadastrado,Não cadastrado,Desconhecido
147.jpg,resultado_147.jpg,REMENT AND CCNT-OL,Não cadastrado,Não cadastrado,Desconhecido
147.jpg,resultado_147.jpg,FLCW  INDICATINC,Não cadastrado,Não cadastrado,Desconhecido
147.jpg,resultado_147.jpg,SOLENOIL VALVE CR,Não cadastrado,Não cadastrado,Desconhecido
147.jpg,resultado_147.jpg,0201-0299,Não cadastrado,Não cadastrado,Desconhecido
147.jpg,resultado_147.jpg,DEHYDR-TICY,Não cadastrado,Não cadastrado,Desconhecido
147.jpg,resultado_147.jpg,{UNIFOLT,Não cadastrado,Não cadastrado,Desconhecido
147.jpg,resultado_147.jpg,DJTTERFLY VALVE,Não cadastrado,Não cadastrado,Desconhecido
147.jpg,resultado_147.jpg,HF_TING,Não cadastrado,Não cadastrado,Desconhecido
147.jpg,resultado_147.jpg,FLOW (RESTRICTION) ORIFICE,Não cadastrado,Não cadastrado,Desconhecido
147.jpg,resultado_147.jpg,SAL,Não cadastrado,Não cadastrado,Desconhecido
147.jpg,resultado_147.jpg,SFEED,Não cadastrado,Não cadastrado,Desconhecido
147.jpg,resultado_147.jpg,(KINRAY),Não cadastrado,Não cadastrado,Desconhecido
147.jpg,resultado_147.jpg,ST-TIC VIXER,Não cadastrado,Não cadastrado,Desconhecido
147.jpg,resultado_147.jpg,SEPE,Não cadastrado,Não cadastrado,Desconhecido
147.jpg,resultado_147.jpg,AOH,Não cadastrado,Não cadastrado,Desconhecido
147.jpg,resultado_147.jpg,FR',Não cadastrado,Não cadastrado,Desconhecido
147.jpg,resultado_147.jpg,FLC  TOT-UZER,Não cadastrado,Não cadastrado,Desconhecido
147.jpg,resultado_147.jpg,INLICATOR,Não cadastrado,Não cadastrado,Desconhecido
147.jpg,resultado_147.jpg,"CONTROL VALVE ""/DI-PHRACN OPER.",Não cadastrado,Não cadastrado,Desconhecido
147.jpg,resultado_147.jpg,060]-0699,Não cadastrado,Não cadastrado,Desconhecido
147.jpg,resultado_147.jpg,FLOW RECORDER,Não cadastrado,Não cadastrado,Desconhecido
147.jpg,resultado_147.jpg,GAUGE VALVE (ANDERSCN GREE NSWOOD),Não cadastrado,Não cadastrado,Desconhecido
147.jpg,resultado_147.jpg,UTIVT,Não cadastrado,Não cadastrado,Desconhecido
147.jpg,resultado_147.jpg,"(AR,",Não cadastrado,Não cadastrado,Desconhecido
147.jpg,resultado_147.jpg,"ELECTKICMY, PHCNE",Não cadastrado,Não cadastrado,Desconhecido
147.jpg,resultado_147.jpg,ETC.},Não cadastrado,Não cadastrado,Desconhecido
147.jpg,resultado_147.jpg,STACK FLANE,Não cadastrado,Não cadastrado,Desconhecido
147.jpg,resultado_147.jpg,ESTOR,Não cadastrado,Não cadastrado,Desconhecido
147.jpg,resultado_147.jpg,SHUTDCMN VALVE RELAY,Não cadastrado,Não cadastrado,Desconhecido
147.jpg,resultado_147.jpg,THERKAL TYPE FLOI ELEMENT,Não cadastrado,Não cadastrado,Desconhecido
147.jpg,resultado_147.jpg,GLOBE VALVE,Não cadastrado,Não cadastrado,Desconhecido
147.jpg,resultado_147.jpg,CONPRESSCR,Não cadastrado,Não cadastrado,Desconhecido
147.jpg,resultado_147.jpg,FLC  CCNTROL VALVE,Não cadastrado,Não cadastrado,Desconhecido
147.jpg,resultado_147.jpg,SOV,Não cadastrado,Não cadastrado,Desconhecido
147.jpg,resultado_147.jpg,SPEED TRANSMITTE?,Não cadastrado,Não cadastrado,Desconhecido
147.jpg,resultado_147.jpg,PULSATION CAMPENE?,Não cadastrado,Não cadastrado,Desconhecido
147.jpg,resultado_147.jpg,FLOT SOLENOID VALVE 0? RELAY,Não cadastrado,Não cadastrado,Desconhecido
147.jpg,resultado_147.jpg,HIC,Não cadastrado,Não cadastrado,Desconhecido
147.jpg,resultado_147.jpg,HAND INDIC-TINC CONTROLLE?,Não cadastrado,Não cadastrado,Desconhecido
147.jpg,resultado_147.jpg,RELIEF VALVE (PILOT OPERATE)),Não cadastrado,Não cadastrado,Desconhecido
147.jpg,resultado_147.jpg,EECTKONIC: OEMCE IDENTIFIC-TION,Não cadastrado,Não cadastrado,Desconhecido
147.jpg,resultado_147.jpg,(MAVLAL LOADING ST-TON),Não cadastrado,Não cadastrado,Desconhecido
147.jpg,resultado_147.jpg,ROTOKETER,Não cadastrado,Não cadastrado,Desconhecido
147.jpg,resultado_147.jpg,7,Não cadastrado,Não cadastrado,Desconhecido
147.jpg,resultado_147.jpg,RELIFF VALVE (S-RING OPERATED),Não cadastrado,Não cadastrado,Desconhecido
147.jpg,resultado_147.jpg,NORVALLY TCCESSIBLE,Não cadastrado,Não cadastrado,Desconhecido
147.jpg,resultado_147.jpg,DCS,Não cadastrado,Não cadastrado,Desconhecido
147.jpg,resultado_147.jpg,DISTRIZUTIE CONTRCL SYSTEM,Não cadastrado,Não cadastrado,Desconhecido
147.jpg,resultado_147.jpg,HAND SELECTOR SWITCH,Não cadastrado,Não cadastrado,Desconhecido
147.jpg,resultado_147.jpg,HANO_OFF_AUTO},Não cadastrado,Não cadastrado,Desconhecido
147.jpg,resultado_147.jpg,SPEED SAFETY /SMITCH,Não cadastrado,Não cadastrado,Desconhecido
147.jpg,resultado_147.jpg,F#,Não cadastrado,Não cadastrado,Desconhecido
147.jpg,resultado_147.jpg,"FC"" COMPUTE?",Não cadastrado,Não cadastrado,Desconhecido
147.jpg,resultado_147.jpg,LIQUID DRAIN (TRAF),Não cadastrado,Não cadastrado,Desconhecido
147.jpg,resultado_147.jpg,VACUJM VENT,Não cadastrado,Não cadastrado,Desconhecido
147.jpg,resultado_147.jpg,REMCTE INPUT/OUTPUT FC?,Não cadastrado,Não cadastrado,Desconhecido
147.jpg,resultado_147.jpg,"F/C,",Não cadastrado,Não cadastrado,Desconhecido
147.jpg,resultado_147.jpg,PLC;,Não cadastrado,Não cadastrado,Desconhecido
147.jpg,resultado_147.jpg,T-H,Não cadastrado,Não cadastrado,Desconhecido
147.jpg,resultado_147.jpg,TEMPERATUFE ALARM HIGH,Não cadastrado,Não cadastrado,Desconhecido
147.jpg,resultado_147.jpg,LOCP,Não cadastrado,Não cadastrado,Desconhecido
147.jpg,resultado_147.jpg,PLC,Não cadastrado,Não cadastrado,Desconhecido
147.jpg,resultado_147.jpg,PROCR-MAELE LOCLC CONTROLLER,Não cadastrado,Não cadastrado,Desconhecido
147.jpg,resultado_147.jpg,HAND SOLENOID,Não cadastrado,Não cadastrado,Desconhecido
147.jpg,resultado_147.jpg,TEMPERATURE ALARM,Não cadastrado,Não cadastrado,Desconhecido
147.jpg,resultado_147.jpg,EXPANSION -OINT,Não cadastrado,Não cadastrado,Desconhecido
147.jpg,resultado_147.jpg,PRESSURE VACUUK,Não cadastrado,Não cadastrado,Desconhecido
147.jpg,resultado_147.jpg,KELIFF,Não cadastrado,Não cadastrado,Desconhecido
147.jpg,resultado_147.jpg,FFUCTF,Não cadastrado,Não cadastrado,Desconhecido
147.jpg,resultado_147.jpg,TFI FUFTPY,Não cadastrado,Não cadastrado,Desconhecido
147.jpg,resultado_147.jpg,TO PNEUNATC TRANSLUCER,Não cadastrado,Não cadastrado,Desconhecido
147.jpg,resultado_147.jpg,FOR '#',Não cadastrado,Não cadastrado,Desconhecido
147.jpg,resultado_147.jpg,"TEW-EKATURE CONTROL VALVE, SELF",Não cadastrado,Não cadastrado,Desconhecido
147.jpg,resultado_147.jpg,1/0 DEVICES,Não cadastrado,Não cadastrado,Desconhecido
147.jpg,resultado_147.jpg,USEMCES',Não cadastrado,Não cadastrado,Desconhecido
147.jpg,resultado_147.jpg,T S-ME ST-TION,Não cadastrado,Não cadastrado,Desconhecido
147.jpg,resultado_147.jpg,SELF CONTAINED PRESSJRE,Não cadastrado,Não cadastrado,Desconhecido
147.jpg,resultado_147.jpg,TEMPER-TURE RECCRDER,Não cadastrado,Não cadastrado,Desconhecido
147.jpg,resultado_147.jpg,LEVEL ALARN LCW LOW,Não cadastrado,Não cadastrado,Desconhecido
147.jpg,resultado_147.jpg,TEMPERATURE,Não cadastrado,Não cadastrado,Desconhecido
147.jpg,resultado_147.jpg,S-FETY /SWITCH HIGH,Não cadastrado,Não cadastrado,Desconhecido
147.jpg,resultado_147.jpg,1,Não cadastrado,Não cadastrado,Desconhecido
147.jpg,resultado_147.jpg,LEVEL CCNTROL HICH (SWTTCH),Não cadastrado,Não cadastrado,Desconhecido
147.jpg,resultado_147.jpg,TRANSVITTFF,Não cadastrado,Não cadastrado,Desconhecido
147.jpg,resultado_147.jpg,HYDRAULIC,Não cadastrado,Não cadastrado,Desconhecido
147.jpg,resultado_147.jpg,PEED COUNTER,Não cadastrado,Não cadastrado,Desconhecido
147.jpg,resultado_147.jpg,SCCKET 'ELD,Não cadastrado,Não cadastrado,Desconhecido
147.jpg,resultado_147.jpg,"VALVE ""/DOUBLE ACTHC ACTUATOR",Não cadastrado,Não cadastrado,Desconhecido
147.jpg,resultado_147.jpg,NCT APPLIC-DLE,Não cadastrado,Não cadastrado,Desconhecido
147.jpg,resultado_147.jpg,"LEVEL DRAINER, SELF OPERATED",Não cadastrado,Não cadastrado,Desconhecido
147.jpg,resultado_147.jpg,TY,Não cadastrado,Não cadastrado,Desconhecido
147.jpg,resultado_147.jpg,MCTO? OPERATED VALVE,Não cadastrado,Não cadastrado,Desconhecido
147.jpg,resultado_147.jpg,RD,Não cadastrado,Não cadastrado,Desconhecido
147.jpg,resultado_147.jpg,RESIST-,Não cadastrado,Não cadastrado,Desconhecido
147.jpg,resultado_147.jpg,TE PERATURE DEMCE,Não cadastrado,Não cadastrado,Desconhecido
147.jpg,resultado_147.jpg,LEVEL GAUSE,Não cadastrado,Não cadastrado,Desconhecido
147.jpg,resultado_147.jpg,TEW?,Não cadastrado,Não cadastrado,Desconhecido
147.jpg,resultado_147.jpg,SOLENOID VALVE OR TRANSDUCER/RELAY,Não cadastrado,Não cadastrado,Desconhecido
147.jpg,resultado_147.jpg,THE?VOCOUFLE,Não cadastrado,Não cadastrado,Desconhecido
147.jpg,resultado_147.jpg,SCREWED CONNECTON,Não cadastrado,Não cadastrado,Desconhecido
147.jpg,resultado_147.jpg,RECIPKOC-MNG,Não cadastrado,Não cadastrado,Desconhecido
147.jpg,resultado_147.jpg,0,Não cadastrado,Não cadastrado,Desconhecido
147.jpg,resultado_147.jpg,FOUR WAY [NSTRUKENT VALVE,Não cadastrado,Não cadastrado,Desconhecido
147.jpg,resultado_147.jpg,BEVICE,Não cadastrado,Não cadastrado,Desconhecido
147.jpg,resultado_147.jpg,LEVEL SITCH HICH HICH,Não cadastrado,Não cadastrado,Desconhecido
147.jpg,resultado_147.jpg,LEEL SWITCH,Não cadastrado,Não cadastrado,Desconhecido
147.jpg,resultado_147.jpg,COMPRESSCRS,Não cadastrado,Não cadastrado,Desconhecido
147.jpg,resultado_147.jpg,UNCLASSIFIED,Não cadastrado,Não cadastrado,Desconhecido
147.jpg,resultado_147.jpg,ARV,Não cadastrado,Não cadastrado,Desconhecido
147.jpg,resultado_147.jpg,'R1/S?,Não cadastrado,Não cadastrado,Desconhecido
147.jpg,resultado_147.jpg,FOR RACK,Não cadastrado,Não cadastrado,Desconhecido
147.jpg,resultado_147.jpg,SLOT ?;,Não cadastrado,Não cadastrado,Desconhecido
147.jpg,resultado_147.jpg,LE EL SAFETY,Não cadastrado,Não cadastrado,Desconhecido
147.jpg,resultado_147.jpg,LEVEL SAFETY /SWITCH LOW,Não cadastrado,Não cadastrado,Desconhecido
147.jpg,resultado_147.jpg,FIEFERIAINATION  INDENTIFICATION,Não cadastrado,Não cadastrado,Desconhecido
147.jpg,resultado_147.jpg,LEVEL TRATROTTERL,Não cadastrado,Não cadastrado,Desconhecido
147.jpg,resultado_147.jpg,KELAT,Não cadastrado,Não cadastrado,Desconhecido
147.jpg,resultado_147.jpg,POSITIVE LISFLACEMENT,Não cadastrado,Não cadastrado,Desconhecido
147.jpg,resultado_147.jpg,LEVEL SOLENSID,Não cadastrado,Não cadastrado,Desconhecido
147.jpg,resultado_147.jpg,XSL,Não cadastrado,Não cadastrado,Desconhecido
147.jpg,resultado_147.jpg,SAFETY /SWMCH LOW,Não cadastrado,Não cadastrado,Desconhecido
147.jpg,resultado_147.jpg,(RECIPROCATINS),Não cadastrado,Não cadastrado,Desconhecido
147.jpg,resultado_147.jpg,~STRAINER,Não cadastrado,Não cadastrado,Desconhecido
147.jpg,resultado_147.jpg,CUICK CHANCE ORIFCE FITTING (SENICR},Não cadastrado,Não cadastrado,Desconhecido
147.jpg,resultado_147.jpg,(2.9.,Não cadastrado,Não cadastrado,Desconhecido
147.jpg,resultado_147.jpg,NFQU:,Não cadastrado,Não cadastrado,Desconhecido
147.jpg,resultado_147.jpg,OFIFICE PL-TE BETWEEN FLANGES,Não cadastrado,Não cadastrado,Desconhecido
147.jpg,resultado_147.jpg,(JUNICR),Não cadastrado,Não cadastrado,Desconhecido
147.jpg,resultado_147.jpg,SMCKE CETECTOR,Não cadastrado,Não cadastrado,Desconhecido
147.jpg,resultado_147.jpg,@ECTRONIC DEMCE,Não cadastrado,Não cadastrado,Desconhecido
147.jpg,resultado_147.jpg,PHYSIC-L LOCATON,Não cadastrado,Não cadastrado,Desconhecido
147.jpg,resultado_147.jpg,DIAPHRACM VETER,Não cadastrado,Não cadastrado,Desconhecido
147.jpg,resultado_147.jpg,DIS LAYED,Não cadastrado,Não cadastrado,Desconhecido
147.jpg,resultado_147.jpg,AUXILAR,Não cadastrado,Não cadastrado,Desconhecido
147.jpg,resultado_147.jpg,CC TROL CENTER PANEL,Não cadastrado,Não cadastrado,Desconhecido
147.jpg,resultado_147.jpg,POSITION/LIMIT INDICATOR; PIC SICNAL,Não cadastrado,Não cadastrado,Desconhecido
147.jpg,resultado_147.jpg,DOUFLE ~CTING,Não cadastrado,Não cadastrado,Desconhecido
147.jpg,resultado_147.jpg,CC FGURAALE DEMCE,Não cadastrado,Não cadastrado,Desconhecido
147.jpg,resultado_147.jpg,VAIN CONTRCL CENTE? PANEL,Não cadastrado,Não cadastrado,Desconhecido
147.jpg,resultado_147.jpg,POSIION/LIMIT SWITCH,Não cadastrado,Não cadastrado,Desconhecido
147.jpg,resultado_147.jpg,(CPEN 03 CLOSE),Não cadastrado,Não cadastrado,Desconhecido
147.jpg,resultado_147.jpg,LIVIT SWMCH ALARN (OFEN OR CLOSE},Não cadastrado,Não cadastrado,Desconhecido
147.jpg,resultado_147.jpg,QUARTER,Não cadastrado,Não cadastrado,Desconhecido
147.jpg,resultado_147.jpg,TURN VALVE,Não cadastrado,Não cadastrado,Desconhecido
147.jpg,resultado_147.jpg,CONTROL CENTER PA E,Não cadastrado,Não cadastrado,Desconhecido
147.jpg,resultado_147.jpg,MOTION/FNEJM-TIC TRANSJUCER,Não cadastrado,Não cadastrado,Desconhecido
147.jpg,resultado_147.jpg,STRAICHTENING VANES,Não cadastrado,Não cadastrado,Desconhecido
147.jpg,resultado_147.jpg,HOSE REE,Não cadastrado,Não cadastrado,Desconhecido
147.jpg,resultado_147.jpg,FLOUSHEET,Não cadastrado,Não cadastrado,Desconhecido
147.jpg,resultado_147.jpg,{ORMAL SERMCE,Não cadastrado,Não cadastrado,Desconhecido
147.jpg,resultado_147.jpg,DTHER ~LFHABETIC OR NUVERIC CH-RACTEX,Não cadastrado,Não cadastrado,Desconhecido
147.jpg,resultado_147.jpg,ALPHAPENC CHARACTER,Não cadastrado,Não cadastrado,Desconhecido
147.jpg,resultado_147.jpg,AIR TO CLOSE,Não cadastrado,Não cadastrado,Desconhecido
147.jpg,resultado_147.jpg,NULE?IC,Não cadastrado,Não cadastrado,Desconhecido
147.jpg,resultado_147.jpg,CHARACTER,Não cadastrado,Não cadastrado,Desconhecido
147.jpg,resultado_147.jpg,"VGHT ""ATER STATION",Não cadastrado,Não cadastrado,Desconhecido
147.jpg,resultado_147.jpg,COWPUTE?,Não cadastrado,Não cadastrado,Desconhecido
147.jpg,resultado_147.jpg,AIR TQ OPEN,Não cadastrado,Não cadastrado,Desconhecido
147.jpg,resultado_147.jpg,LO%: PRESSURE,Não cadastrado,Não cadastrado,Desconhecido
147.jpg,resultado_147.jpg,MW,Não cadastrado,Não cadastrado,Desconhecido
147.jpg,resultado_147.jpg,NCTE: SOLID PCRT INLICATES,Não cadastrado,Não cadastrado,Desconhecido
147.jpg,resultado_147.jpg,"OV THE SHELF""'",Não cadastrado,Não cadastrado,Desconhecido
147.jpg,resultado_147.jpg,BASIC,Não cadastrado,Não cadastrado,Desconhecido
147.jpg,resultado_147.jpg,SECIMENT,Não cadastrado,Não cadastrado,Desconhecido
147.jpg,resultado_147.jpg,W-TER,Não cadastrado,Não cadastrado,Desconhecido
147.jpg,resultado_147.jpg,NCRMALLY CLOSED,Não cadastrado,Não cadastrado,Desconhecido
147.jpg,resultado_147.jpg,ELOCKED PORT,Não cadastrado,Não cadastrado,Desconhecido
147.jpg,resultado_147.jpg,VIS,Não cadastrado,Não cadastrado,Desconhecido
147.jpg,resultado_147.jpg,OFEN,Não cadastrado,Não cadastrado,Desconhecido
147.jpg,resultado_147.jpg,HICH LIQULD LEVEL,Não cadastrado,Não cadastrado,Desconhecido
147.jpg,resultado_147.jpg,LINE,Não cadastrado,Não cadastrado,Desconhecido
147.jpg,resultado_147.jpg,IENTIFICATION_NUNEER,Não cadastrado,Não cadastrado,Desconhecido
147.jpg,resultado_147.jpg,VALVE_WDENTEICATION_NUMBER,Não cadastrado,Não cadastrado,Desconhecido
147.jpg,resultado_147.jpg,ECSF,Não cadastrado,Não cadastrado,Desconhecido
147.jpg,resultado_147.jpg,LO LIQUID LEVEL,Não cadastrado,Não cadastrado,Desconhecido
147.jpg,resultado_147.jpg,EUNCTIN,Não cadastrado,Não cadastrado,Desconhecido
147.jpg,resultado_147.jpg,NQHLNALPIPE_SIZE,Não cadastrado,Não cadastrado,Desconhecido
147.jpg,resultado_147.jpg,FULL BCRE,Não cadastrado,Não cadastrado,Desconhecido
147.jpg,resultado_147.jpg,NATIONAL PIFE,Não cadastrado,Não cadastrado,Desconhecido
147.jpg,resultado_147.jpg,THREAC,Não cadastrado,Não cadastrado,Desconhecido
147.jpg,resultado_147.jpg,R,Não cadastrado,Não cadastrado,Desconhecido
147.jpg,resultado_147.jpg,FLAT FACE,Não cadastrado,Não cadastrado,Desconhecido
147.jpg,resultado_147.jpg,(FLANGE},Não cadastrado,Não cadastrado,Desconhecido
147.jpg,resultado_147.jpg,RAISE) FACE (FLANCE),Não cadastrado,Não cadastrado,Desconhecido
147.jpg,resultado_147.jpg,FFING CLASS,Não cadastrado,Não cadastrado,Desconhecido
147.jpg,resultado_147.jpg,RINC TYPE JSINT (FLANCE},Não cadastrado,Não cadastrado,Desconhecido
147.jpg,resultado_147.jpg,FAIL OPEN,Não cadastrado,Não cadastrado,Desconhecido
147.jpg,resultado_147.jpg,REDUCED  BORE,Não cadastrado,Não cadastrado,Desconhecido
147.jpg,resultado_147.jpg,S-MPLE,Não cadastrado,Não cadastrado,Desconhecido
147.jpg,resultado_147.jpg,SET POINT,Não cadastrado,Não cadastrado,Desconhecido
147.jpg,resultado_147.jpg,FN-FAN,Não cadastrado,Não cadastrado,Desconhecido
147.jpg,resultado_147.jpg,GATE,Não cadastrado,Não cadastrado,Desconhecido
147.jpg,resultado_147.jpg,FL POFT,Não cadastrado,Não cadastrado,Desconhecido
147.jpg,resultado_147.jpg,INSTRUNENT AIR SUPPLY,Não cadastrado,Não cadastrado,Desconhecido
147.jpg,resultado_147.jpg,INSTRUNENT G4S SUPPLY,Não cadastrado,Não cadastrado,Desconhecido
147.jpg,resultado_147.jpg,SEAK TQ SEAN,Não cadastrado,Não cadastrado,Desconhecido
147.jpg,resultado_147.jpg,COTE,Não cadastrado,Não cadastrado,Desconhecido
147.jpg,resultado_147.jpg,TYPE,Não cadastrado,Não cadastrado,Desconhecido
147.jpg,resultado_147.jpg,FCWI,Não cadastrado,Não cadastrado,Desconhecido
147.jpg,resultado_147.jpg,CASS,Não cadastrado,Não cadastrado,Desconhecido
147.jpg,resultado_147.jpg,FLGRATING,Não cadastrado,Não cadastrado,Desconhecido
147.jpg,resultado_147.jpg,FLLG,Não cadastrado,Não cadastrado,Desconhecido
147.jpg,resultado_147.jpg,RAISE),Não cadastrado,Não cadastrado,Desconhecido
147.jpg,resultado_147.jpg,I4,Não cadastrado,Não cadastrado,Desconhecido
147.jpg,resultado_147.jpg,TA NCENT TO TANCENT,Não cadastrado,Não cadastrado,Desconhecido
147.jpg,resultado_147.jpg,COLC,Não cadastrado,Não cadastrado,Desconhecido
147.jpg,resultado_147.jpg,PIFA WNF,Não cadastrado,Não cadastrado,Desconhecido
147.jpg,resultado_147.jpg,"PROD, WATER",Não cadastrado,Não cadastrado,Desconhecido
147.jpg,resultado_147.jpg,RECJCED FORT,Não cadastrado,Não cadastrado,Desconhecido
147.jpg,resultado_147.jpg,CTRANG,Não cadastrado,Não cadastrado,Desconhecido
147.jpg,resultado_147.jpg,XXS,Não cadastrado,Não cadastrado,Desconhecido
147.jpg,resultado_147.jpg,DOUHLE EXTRA,Não cadastrado,Não cadastrado,Desconhecido
147.jpg,resultado_147.jpg,LOCKED,Não cadastrado,Não cadastrado,Desconhecido
147.jpg,resultado_147.jpg,CLOSEL,Não cadastrado,Não cadastrado,Desconhecido
147.jpg,resultado_147.jpg,DRAIN,Não cadastrado,Não cadastrado,Desconhecido
147.jpg,resultado_147.jpg,GLYCZL,Não cadastrado,Não cadastrado,Desconhecido
147.jpg,resultado_147.jpg,EUTTERFLY,Não cadastrado,Não cadastrado,Desconhecido
147.jpg,resultado_147.jpg,TILTED DISC,Não cadastrado,Não cadastrado,Desconhecido
147.jpg,resultado_147.jpg,EXH-UST,Não cadastrado,Não cadastrado,Desconhecido
147.jpg,resultado_147.jpg,FLUID,Não cadastrado,Não cadastrado,Desconhecido
147.jpg,resultado_147.jpg,SOUR,Não cadastrado,Não cadastrado,Desconhecido
147.jpg,resultado_147.jpg,ANSI GCQ,Não cadastrado,Não cadastrado,Desconhecido
147.jpg,resultado_147.jpg,MULTIFCRT,Não cadastrado,Não cadastrado,Desconhecido
147.jpg,resultado_147.jpg,SOLDER,Não cadastrado,Não cadastrado,Desconhecido
147.jpg,resultado_147.jpg,GAUCE,Não cadastrado,Não cadastrado,Desconhecido
147.jpg,resultado_147.jpg,ELYCOL,Não cadastrado,Não cadastrado,Desconhecido
147.jpg,resultado_147.jpg,HRDRJC-RBORS,Não cadastrado,Não cadastrado,Desconhecido
147.jpg,resultado_147.jpg,INSTRUMDT,Não cadastrado,Não cadastrado,Desconhecido
147.jpg,resultado_147.jpg,TRAYSFER,Não cadastrado,Não cadastrado,Desconhecido
147.jpg,resultado_147.jpg,ANSI 6C0,Não cadastrado,Não cadastrado,Desconhecido
147.jpg,resultado_147.jpg,HEAT TRAYSFER RUIDS,Não cadastrado,Não cadastrado,Desconhecido
147.jpg,resultado_147.jpg,~DRAWINGS,Não cadastrado,Não cadastrado,Desconhecido
147.jpg,resultado_147.jpg,PROVIDED,Não cadastrado,Não cadastrado,Desconhecido
147.jpg,resultado_147.jpg,BY,Não cadastrado,Não cadastrado,Desconhecido
147.jpg,resultado_147.jpg,ATMOS,Não cadastrado,Não cadastrado,Desconhecido
147.jpg,resultado_147.jpg,ARE,Não cadastrado,Não cadastrado,Desconhecido
147.jpg,resultado_147.jpg,CONCEPTUAL ONLY,Não cadastrado,Não cadastrado,Desconhecido
147.jpg,resultado_147.jpg,VENT,Não cadastrado,Não cadastrado,Desconhecido
147.jpg,resultado_147.jpg,AND,Não cadastrado,Não cadastrado,Desconhecido
147.jpg,resultado_147.jpg,NOT TO BE  USED FOR FINAL,Não cadastrado,Não cadastrado,Desconhecido
147.jpg,resultado_147.jpg,AUMOS,Não cadastrado,Não cadastrado,Desconhecido
147.jpg,resultado_147.jpg,TYP MEASURING   STA,Não cadastrado,Não cadastrado,Desconhecido
147.jpg,resultado_147.jpg,JRD PARTY RECEIPT INTO,Não cadastrado,Não cadastrado,Desconhecido
147.jpg,resultado_147.jpg,AN,Não cadastrado,Não cadastrado,Desconhecido
147.jpg,resultado_147.jpg,FROJ. ENCNR:,Não cadastrado,Não cadastrado,Desconhecido
147.jpg,resultado_147.jpg,DAVID SHUNG,Não cadastrado,Não cadastrado,Desconhecido
147.jpg,resultado_147.jpg,PRELININARY_NOT FOR CONSTRUCTICN,Não cadastrado,Não cadastrado,Desconhecido
147.jpg,resultado_147.jpg,612/09/8,Não cadastrado,Não cadastrado,Desconhecido
147.jpg,resultado_147.jpg,PROJECT NO.,Não cadastrado,Não cadastrado,Desconhecido
147.jpg,resultado_147.jpg,SHT,Não cadastrado,Não cadastrado,Desconhecido
147.jpg,resultado_147.jpg,PD 1985,Não cadastrado,Não cadastrado,Desconhecido
147.jpg,resultado_147.jpg,TEP,Não cadastrado,Não cadastrado,Desconhecido
147.jpg,resultado_147.jpg,SHT .,Não cadastrado,Não cadastrado,Desconhecido
147.jpg,resultado_147.jpg,DRAMNS,Não cadastrado,Não cadastrado,Desconhecido
147.jpg,resultado_147.jpg,PD1935,Não cadastrado,Não cadastrado,Desconhecido
147.jpg,resultado_147.jpg,PROJECT NC,Não cadastrado,Não cadastrado,Desconhecido
147.jpg,resultado_147.jpg,DSMR,Não cadastrado,Não cadastrado,Desconhecido
147.jpg,resultado_147.jpg,CONSTRUCTICN,Não cadastrado,Não cadastrado,Desconhecido
147.jpg,resultado_147.jpg,TYP   MEASURING   STA,Não cadastrado,Não cadastrado,Desconhecido
147.jpg,resultado_147.jpg,3RD PARTY RECEIPT INTO,Não cadastrado,Não cadastrado,Desconhecido
147.jpg,resultado_147.jpg,ATVOS DISTRIBUTION  LINE,Não cadastrado,Não cadastrado,Desconhecido
147.jpg,resultado_147.jpg,BUTION,Não cadastrado,Não cadastrado,Desconhecido
147.jpg,resultado_147.jpg,ELOWSHEELSYMBOLS,Não cadastrado,Não cadastrado,Desconhecido
147.jpg,resultado_147.jpg,CCNTROL,Não cadastrado,Não cadastrado,Desconhecido
147.jpg,resultado_147.jpg,ELECTRONIC_DEVCE_IENTICATION,Não cadastrado,Não cadastrado,Desconhecido
147.jpg,resultado_147.jpg,NSTRUMENTATIN,Não cadastrado,Não cadastrado,Desconhecido
147.jpg,resultado_147.jpg,DENTHCATLO,Não cadastrado,Não cadastrado,Desconhecido
147.jpg,resultado_147.jpg,(USED INSIDE INSTRUKENT,Não cadastrado,Não cadastrado,Desconhecido
147.jpg,resultado_147.jpg,B-LLOONS 0?,Não cadastrado,Não cadastrado,Desconhecido
147.jpg,resultado_147.jpg,3LOCKS),Não cadastrado,Não cadastrado,Desconhecido
147.jpg,resultado_147.jpg,EUNES,Não cadastrado,Não cadastrado,Desconhecido
147.jpg,resultado_147.jpg,ELECTRIC BINARY SIGV-L LINE,Não cadastrado,Não cadastrado,Desconhecido
147.jpg,resultado_147.jpg,PIPINC,Não cadastrado,Não cadastrado,Desconhecido
147.jpg,resultado_147.jpg,CLASS CHANCE,Não cadastrado,Não cadastrado,Desconhecido
147.jpg,resultado_147.jpg,FOR FHYSICAL,Não cadastrado,Não cadastrado,Desconhecido
147.jpg,resultado_147.jpg,MOUNTING,Não cadastrado,Não cadastrado,Desconhecido
147.jpg,resultado_147.jpg,OF DEVICE,Não cadastrado,Não cadastrado,Desconhecido
147.jpg,resultado_147.jpg,WELD,Não cadastrado,Não cadastrado,Desconhecido
147.jpg,resultado_147.jpg,STREAN,Não cadastrado,Não cadastrado,Desconhecido
147.jpg,resultado_147.jpg,PRESSURE ALARM,Não cadastrado,Não cadastrado,Desconhecido
147.jpg,resultado_147.jpg,SL SLE,Não cadastrado,Não cadastrado,Desconhecido
147.jpg,resultado_147.jpg,YNCTICE,Não cadastrado,Não cadastrado,Desconhecido
147.jpg,resultado_147.jpg,ENALYZER,Não cadastrado,Não cadastrado,Desconhecido
147.jpg,resultado_147.jpg,FLUG,Não cadastrado,Não cadastrado,Desconhecido
147.jpg,resultado_147.jpg,MULT VO,Não cadastrado,Não cadastrado,Desconhecido
147.jpg,resultado_147.jpg,PRESSURE DIFFERENAL ALARK,Não cadastrado,Não cadastrado,Desconhecido
147.jpg,resultado_147.jpg,NON_FROGRAVMAFLE,Não cadastrado,Não cadastrado,Desconhecido
147.jpg,resultado_147.jpg,DISFLAYED,Não cadastrado,Não cadastrado,Desconhecido
147.jpg,resultado_147.jpg,PRESSURE IFFERENTAL ALARK LOW,Não cadastrado,Não cadastrado,Desconhecido
147.jpg,resultado_147.jpg,NCV_PROCRAKV-RLE DEVICE,Não cadastrado,Não cadastrado,Desconhecido
147.jpg,resultado_147.jpg,ANAL ZE? $AFETY HICH/C-S DETECTOR,Não cadastrado,Não cadastrado,Desconhecido
147.jpg,resultado_147.jpg,PD,Não cadastrado,Não cadastrado,Desconhecido
147.jpg,resultado_147.jpg,FRESSURE DIFFERENTAL INDIC-TOR,Não cadastrado,Não cadastrado,Desconhecido
147.jpg,resultado_147.jpg,ANALYZE? TRANSMITER,Não cadastrado,Não cadastrado,Desconhecido
147.jpg,resultado_147.jpg,PRESSURE DIFFERENAL INDICATNC CONTROLLER,Não cadastrado,Não cadastrado,Desconhecido
147.jpg,resultado_147.jpg,FLAME ARRESTOR/SPARK ARRESTOR,Não cadastrado,Não cadastrado,Desconhecido
147.jpg,resultado_147.jpg,ELOWDOYN VALVE,Não cadastrado,Não cadastrado,Desconhecido
147.jpg,resultado_147.jpg,IFFERENTAL SAFET,Não cadastrado,Não cadastrado,Desconhecido
147.jpg,resultado_147.jpg,'SWTTCH HICH,Não cadastrado,Não cadastrado,Desconhecido
147.jpg,resultado_147.jpg,DURNER ELEMENT,Não cadastrado,Não cadastrado,Desconhecido
147.jpg,resultado_147.jpg,IFFERENAL :AFETY /SWTCH LOW,Não cadastrado,Não cadastrado,Desconhecido
147.jpg,resultado_147.jpg,DIACHRACK/PISTON,Não cadastrado,Não cadastrado,Desconhecido
147.jpg,resultado_147.jpg,DSL,Não cadastrado,Não cadastrado,Desconhecido
147.jpg,resultado_147.jpg,EURNER SAFETY LOW,Não cadastrado,Não cadastrado,Desconhecido
147.jpg,resultado_147.jpg,ELIND,Não cadastrado,Não cadastrado,Desconhecido
147.jpg,resultado_147.jpg,SLI? (SKILLET},Não cadastrado,Não cadastrado,Desconhecido
147.jpg,resultado_147.jpg,EURNER SOLENOID VAVLE 0? RELAY,Não cadastrado,Não cadastrado,Desconhecido
147.jpg,resultado_147.jpg,FIRE LOCP,Não cadastrado,Não cadastrado,Desconhecido
147.jpg,resultado_147.jpg,PROGRDISRLAYED DEVICE,Não cadastrado,Não cadastrado,Desconhecido
147.jpg,resultado_147.jpg,COUPCN,Não cadastrado,Não cadastrado,Desconhecido
147.jpg,resultado_147.jpg,PRESSURE RECORDE?,Não cadastrado,Não cadastrado,Desconhecido
147.jpg,resultado_147.jpg,SHEET NO_,Não cadastrado,Não cadastrado,Desconhecido
147.jpg,resultado_147.jpg,"XXX, LINE N'",Não cadastrado,Não cadastrado,Desconhecido
147.jpg,resultado_147.jpg,MAIN CCNTROL ROCV,Não cadastrado,Não cadastrado,Desconhecido
147.jpg,resultado_147.jpg,PRESSURE SITCH,Não cadastrado,Não cadastrado,Desconhecido
147.jpg,resultado_147.jpg,POSITVE,Não cadastrado,Não cadastrado,Desconhecido
147.jpg,resultado_147.jpg,NORMALL,Não cadastrado,Não cadastrado,Desconhecido
147.jpg,resultado_147.jpg,DRIVEN,Não cadastrado,Não cadastrado,Desconhecido
147.jpg,resultado_147.jpg,CONTNUED TO PANEL NO _,Não cadastrado,Não cadastrado,Desconhecido
147.jpg,resultado_147.jpg,FLAVE 4RRESTOR,Não cadastrado,Não cadastrado,Desconhecido
147.jpg,resultado_147.jpg,SWICH HICH,Não cadastrado,Não cadastrado,Desconhecido
147.jpg,resultado_147.jpg,FLCY ALARK HICH,Não cadastrado,Não cadastrado,Desconhecido
147.jpg,resultado_147.jpg,RSHL,Não cadastrado,Não cadastrado,Desconhecido
147.jpg,resultado_147.jpg,SWMCH HIGH,Não cadastrado,Não cadastrado,Desconhecido
147.jpg,resultado_147.jpg,FRESSURE SAFETS,Não cadastrado,Não cadastrado,Desconhecido
147.jpg,resultado_147.jpg,SALVEH LOW,Não cadastrado,Não cadastrado,Desconhecido
147.jpg,resultado_147.jpg,THERKAL ~EKSONNEL EARRIER,Não cadastrado,Não cadastrado,Desconhecido
147.jpg,resultado_147.jpg,SKIC,Não cadastrado,Não cadastrado,Desconhecido
147.jpg,resultado_147.jpg,OR PACKACE VITS,Não cadastrado,Não cadastrado,Desconhecido
147.jpg,resultado_147.jpg,SEE INSTRUME TATON,Não cadastrado,Não cadastrado,Desconhecido
147.jpg,resultado_147.jpg,IDENTFIC-TIC: LETTERS,Não cadastrado,Não cadastrado,Desconhecido
147.jpg,resultado_147.jpg,FCV,Não cadastrado,Não cadastrado,Desconhecido
147.jpg,resultado_147.jpg,FLO  CCNTRCL VALVE,Não cadastrado,Não cadastrado,Desconhecido
147.jpg,resultado_147.jpg,INSULATION (THICKNESS 45 NOTED),Não cadastrado,Não cadastrado,Desconhecido
147.jpg,resultado_147.jpg,BEHIND MAIN CONTROL,Não cadastrado,Não cadastrado,Desconhecido
147.jpg,resultado_147.jpg,FLOT ELEME,Não cadastrado,Não cadastrado,Desconhecido
147.jpg,resultado_147.jpg,FRESSURE SOLEVOID VALVE 0< RELAY,Não cadastrado,Não cadastrado,Desconhecido
147.jpg,resultado_147.jpg,INDENTIACATION ~UMBER,Não cadastrado,Não cadastrado,Desconhecido
147.jpg,resultado_147.jpg,FE,Não cadastrado,Não cadastrado,Desconhecido
147.jpg,resultado_147.jpg,RAL,Não cadastrado,Não cadastrado,Desconhecido
147.jpg,resultado_147.jpg,FLCWINDICATOR,Não cadastrado,Não cadastrado,Desconhecido
147.jpg,resultado_147.jpg,ROV,Não cadastrado,Não cadastrado,Desconhecido
147.jpg,resultado_147.jpg,REVQTE OPERATED,Não cadastrado,Não cadastrado,Desconhecido
147.jpg,resultado_147.jpg,(SWTCHING) VALVE,Não cadastrado,Não cadastrado,Desconhecido
147.jpg,resultado_147.jpg,QUICK-EREAK,Não cadastrado,Não cadastrado,Desconhecido
147.jpg,resultado_147.jpg,FLCW  INDICATINC CONTROLLER,Não cadastrado,Não cadastrado,Desconhecido
147.jpg,resultado_147.jpg,SOLENOIL VALVE CR' RELAY,Não cadastrado,Não cadastrado,Desconhecido
147.jpg,resultado_147.jpg,"(UNIFOLT, GRAYLOC, ETC;}",Não cadastrado,Não cadastrado,Desconhecido
147.jpg,resultado_147.jpg,9303_0398,Não cadastrado,Não cadastrado,Desconhecido
147.jpg,resultado_147.jpg,FLCW (RESTRICTON) ORIFICE,Não cadastrado,Não cadastrado,Desconhecido
147.jpg,resultado_147.jpg,SFEED ALIRM LOW,Não cadastrado,Não cadastrado,Desconhecido
147.jpg,resultado_147.jpg,STATIC VIXER,Não cadastrado,Não cadastrado,Desconhecido
147.jpg,resultado_147.jpg,FLC  TOTAUZER,Não cadastrado,Não cadastrado,Desconhecido
147.jpg,resultado_147.jpg,S-H,Não cadastrado,Não cadastrado,Desconhecido
147.jpg,resultado_147.jpg,SPEE) ALIRM HISH,Não cadastrado,Não cadastrado,Desconhecido
147.jpg,resultado_147.jpg,CONTROL VALVE W/DI-PHRACN OPER:,Não cadastrado,Não cadastrado,Desconhecido
147.jpg,resultado_147.jpg,PPOCESSINC,Não cadastrado,Não cadastrado,Desconhecido
147.jpg,resultado_147.jpg,FLOT RECORDER,Não cadastrado,Não cadastrado,Desconhecido
147.jpg,resultado_147.jpg,GAUGE VALVE (ANDERSCN GREENS*OCD),Não cadastrado,Não cadastrado,Desconhecido
147.jpg,resultado_147.jpg,ICE ATION,Não cadastrado,Não cadastrado,Desconhecido
147.jpg,resultado_147.jpg,SAFETY /SWITCH,Não cadastrado,Não cadastrado,Desconhecido
147.jpg,resultado_147.jpg,MIT,Não cadastrado,Não cadastrado,Desconhecido
147.jpg,resultado_147.jpg,ETC.),Não cadastrado,Não cadastrado,Desconhecido
147.jpg,resultado_147.jpg,STACK FLANE ARRESTOR,Não cadastrado,Não cadastrado,Desconhecido
147.jpg,resultado_147.jpg,NORVALLY ACCESSIBLE,Não cadastrado,Não cadastrado,Desconhecido
147.jpg,resultado_147.jpg,FLOW SAFET,Não cadastrado,Não cadastrado,Desconhecido
147.jpg,resultado_147.jpg,THERKAL TPE FLOW ELEMERT,Não cadastrado,Não cadastrado,Desconhecido
147.jpg,resultado_147.jpg,FCR COMPRESSCE,Não cadastrado,Não cadastrado,Desconhecido
147.jpg,resultado_147.jpg,SOLENOID OPERATED,Não cadastrado,Não cadastrado,Desconhecido
147.jpg,resultado_147.jpg,USE %',Não cadastrado,Não cadastrado,Desconhecido
147.jpg,resultado_147.jpg,FOR COWPRESSOR,Não cadastrado,Não cadastrado,Desconhecido
147.jpg,resultado_147.jpg,SPEEC,Não cadastrado,Não cadastrado,Desconhecido
147.jpg,resultado_147.jpg,TRANSMITTE?,Não cadastrado,Não cadastrado,Desconhecido
147.jpg,resultado_147.jpg,FLOTSOLENOID,Não cadastrado,Não cadastrado,Desconhecido
147.jpg,resultado_147.jpg,VALVE OR RELAY,Não cadastrado,Não cadastrado,Desconhecido
147.jpg,resultado_147.jpg,DULSATION DAMPENER,Não cadastrado,Não cadastrado,Desconhecido
147.jpg,resultado_147.jpg,HAND INDIC-TINC CONTROLLER,Não cadastrado,Não cadastrado,Desconhecido
147.jpg,resultado_147.jpg,(MAVUAL,Não cadastrado,Não cadastrado,Desconhecido
147.jpg,resultado_147.jpg,LOADING ST-TON),Não cadastrado,Não cadastrado,Desconhecido
147.jpg,resultado_147.jpg,ROTCKETER,Não cadastrado,Não cadastrado,Desconhecido
147.jpg,resultado_147.jpg,NORVALLY,Não cadastrado,Não cadastrado,Desconhecido
147.jpg,resultado_147.jpg,CONTRCL SYSTEN,Não cadastrado,Não cadastrado,Desconhecido
147.jpg,resultado_147.jpg,HINO,Não cadastrado,Não cadastrado,Desconhecido
147.jpg,resultado_147.jpg,SELECTOR,Não cadastrado,Não cadastrado,Desconhecido
147.jpg,resultado_147.jpg,SWITCH (HAND_OFF_AUTO},Não cadastrado,Não cadastrado,Desconhecido
147.jpg,resultado_147.jpg,RELIEF VALVE (S-RINC OPERATED},Não cadastrado,Não cadastrado,Desconhecido
147.jpg,resultado_147.jpg,COMPUTE?,Não cadastrado,Não cadastrado,Desconhecido
147.jpg,resultado_147.jpg,FRESSURE_VACUUM VENT,Não cadastrado,Não cadastrado,Desconhecido
147.jpg,resultado_147.jpg,"REMCTE INPUT/QUTPUT FC? DCS,",Não cadastrado,Não cadastrado,Desconhecido
147.jpg,resultado_147.jpg,"F/C; PLC,",Não cadastrado,Não cadastrado,Desconhecido
147.jpg,resultado_147.jpg,TEMPER-TURE ALARM HIGH,Não cadastrado,Não cadastrado,Desconhecido
147.jpg,resultado_147.jpg,~CONDCOLLERLE LOGIC CONTROLLER,Não cadastrado,Não cadastrado,Desconhecido
147.jpg,resultado_147.jpg,HAND,Não cadastrado,Não cadastrado,Desconhecido
147.jpg,resultado_147.jpg,SOLENOID VALVE OR RELIY,Não cadastrado,Não cadastrado,Desconhecido
147.jpg,resultado_147.jpg,TAL,Não cadastrado,Não cadastrado,Desconhecido
147.jpg,resultado_147.jpg,PRESSURE VACUUK RELIEF VALVE,Não cadastrado,Não cadastrado,Desconhecido
147.jpg,resultado_147.jpg,TELEMETRY,Não cadastrado,Não cadastrado,Desconhecido
147.jpg,resultado_147.jpg,TRANSLUCER,Não cadastrado,Não cadastrado,Desconhecido
147.jpg,resultado_147.jpg,EEVEZENTATO,Não cadastrado,Não cadastrado,Desconhecido
147.jpg,resultado_147.jpg,TCV,Não cadastrado,Não cadastrado,Desconhecido
147.jpg,resultado_147.jpg,"TEW-EKATURE CONTROL VALVE,",Não cadastrado,Não cadastrado,Desconhecido
147.jpg,resultado_147.jpg,SELF OPERXTED,Não cadastrado,Não cadastrado,Desconhecido
147.jpg,resultado_147.jpg,CONTROL AND,Não cadastrado,Não cadastrado,Desconhecido
147.jpg,resultado_147.jpg,MULTIFLE DEMCE,Não cadastrado,Não cadastrado,Desconhecido
147.jpg,resultado_147.jpg,SXME ST-TION,Não cadastrado,Não cadastrado,Desconhecido
147.jpg,resultado_147.jpg,LEVEL -LARN HICH HICH,Não cadastrado,Não cadastrado,Desconhecido
147.jpg,resultado_147.jpg,TEXPERATURE ELICETTR,Não cadastrado,Não cadastrado,Desconhecido
147.jpg,resultado_147.jpg,&,Não cadastrado,Não cadastrado,Desconhecido
147.jpg,resultado_147.jpg,CONTAINED PRESSJRE CONTRCL,Não cadastrado,Não cadastrado,Desconhecido
147.jpg,resultado_147.jpg,LE EL,Não cadastrado,Não cadastrado,Desconhecido
147.jpg,resultado_147.jpg,INDIC-TING CONTROLLER,Não cadastrado,Não cadastrado,Desconhecido
147.jpg,resultado_147.jpg,@ECTXONIC INPUT/OUTPUT TYPE,Não cadastrado,Não cadastrado,Desconhecido
147.jpg,resultado_147.jpg,PISTON CPERATED VALVE,Não cadastrado,Não cadastrado,Desconhecido
147.jpg,resultado_147.jpg,S-FFT,Não cadastrado,Não cadastrado,Desconhecido
147.jpg,resultado_147.jpg,GAS,Não cadastrado,Não cadastrado,Desconhecido
147.jpg,resultado_147.jpg,CCNTROL HICH (SWTTCH),Não cadastrado,Não cadastrado,Desconhecido
147.jpg,resultado_147.jpg,TEMPERATUFE TRANSVITTER,Não cadastrado,Não cadastrado,Desconhecido
147.jpg,resultado_147.jpg,PFFD,Não cadastrado,Não cadastrado,Desconhecido
147.jpg,resultado_147.jpg,COUNTER,Não cadastrado,Não cadastrado,Desconhecido
147.jpg,resultado_147.jpg,TEM-ERATURE CONTROL VALVE,Não cadastrado,Não cadastrado,Desconhecido
147.jpg,resultado_147.jpg,"VALVE ""/DOUBLE ACTHG ACTUATOR",Não cadastrado,Não cadastrado,Desconhecido
147.jpg,resultado_147.jpg,APPLIC-DLE,Não cadastrado,Não cadastrado,Desconhecido
147.jpg,resultado_147.jpg,LF FI,Não cadastrado,Não cadastrado,Desconhecido
147.jpg,resultado_147.jpg,SELF,Não cadastrado,Não cadastrado,Desconhecido
147.jpg,resultado_147.jpg,THERMOWELL,Não cadastrado,Não cadastrado,Desconhecido
147.jpg,resultado_147.jpg,OPERATED VALVE,Não cadastrado,Não cadastrado,Desconhecido
147.jpg,resultado_147.jpg,RT,Não cadastrado,Não cadastrado,Desconhecido
147.jpg,resultado_147.jpg,TEMPERATIRE DEMCE,Não cadastrado,Não cadastrado,Desconhecido
147.jpg,resultado_147.jpg,TE?,Não cadastrado,Não cadastrado,Desconhecido
147.jpg,resultado_147.jpg,SOLENOID,Não cadastrado,Não cadastrado,Desconhecido
147.jpg,resultado_147.jpg,OR TRANSOUCER/RELAY,Não cadastrado,Não cadastrado,Desconhecido
147.jpg,resultado_147.jpg,ELECTRIC,Não cadastrado,Não cadastrado,Desconhecido
147.jpg,resultado_147.jpg,NOTOR,Não cadastrado,Não cadastrado,Desconhecido
147.jpg,resultado_147.jpg,LINK,Não cadastrado,Não cadastrado,Desconhecido
147.jpg,resultado_147.jpg,LEVEL INDIC-TUX,Não cadastrado,Não cadastrado,Desconhecido
147.jpg,resultado_147.jpg,PCINT,Não cadastrado,Não cadastrado,Desconhecido
147.jpg,resultado_147.jpg,THREE,Não cadastrado,Não cadastrado,Desconhecido
147.jpg,resultado_147.jpg,INSTRUMENT VALVE,Não cadastrado,Não cadastrado,Desconhecido
147.jpg,resultado_147.jpg,UFFI,Não cadastrado,Não cadastrado,Desconhecido
147.jpg,resultado_147.jpg,INDICATINC CONTROLLER,Não cadastrado,Não cadastrado,Desconhecido
147.jpg,resultado_147.jpg,FOUR WAY,Não cadastrado,Não cadastrado,Desconhecido
147.jpg,resultado_147.jpg,NNSTRUKENT VALVE,Não cadastrado,Não cadastrado,Desconhecido
147.jpg,resultado_147.jpg,"S""ITCH HICH HICH",Não cadastrado,Não cadastrado,Desconhecido
147.jpg,resultado_147.jpg,LEEL SWITCH LOW LOW,Não cadastrado,Não cadastrado,Desconhecido
147.jpg,resultado_147.jpg,CONPEESSCRS,Não cadastrado,Não cadastrado,Desconhecido
147.jpg,resultado_147.jpg,ALARV LOW,Não cadastrado,Não cadastrado,Desconhecido
147.jpg,resultado_147.jpg,SPECIALTY ITE,Não cadastrado,Não cadastrado,Desconhecido
147.jpg,resultado_147.jpg,LSH,Não cadastrado,Não cadastrado,Desconhecido
147.jpg,resultado_147.jpg,LEVEL SAFETY /SMTCH HIGH,Não cadastrado,Não cadastrado,Desconhecido
147.jpg,resultado_147.jpg,LEYEL SAFETY,Não cadastrado,Não cadastrado,Desconhecido
147.jpg,resultado_147.jpg,SITCH LOW,Não cadastrado,Não cadastrado,Desconhecido
147.jpg,resultado_147.jpg,UNCLASSIFIEC,Não cadastrado,Não cadastrado,Desconhecido
147.jpg,resultado_147.jpg,GCPF,Não cadastrado,Não cadastrado,Desconhecido
147.jpg,resultado_147.jpg,TERMINATION INDENTIACATON,Não cadastrado,Não cadastrado,Desconhecido
147.jpg,resultado_147.jpg,LEEL CONTROL VALVE,Não cadastrado,Não cadastrado,Desconhecido
147.jpg,resultado_147.jpg,UNCLASSIE,Não cadastrado,Não cadastrado,Desconhecido
147.jpg,resultado_147.jpg,RELAY OX SOLENOID VLVE,Não cadastrado,Não cadastrado,Desconhecido
147.jpg,resultado_147.jpg,FOR SECOND,Não cadastrado,Não cadastrado,Desconhecido
147.jpg,resultado_147.jpg,NSCELANEQUS,Não cadastrado,Não cadastrado,Desconhecido
147.jpg,resultado_147.jpg,OFIFICE PL-TE 3ETWEEN,Não cadastrado,Não cadastrado,Desconhecido
147.jpg,resultado_147.jpg,FLANGES (JUNICR),Não cadastrado,Não cadastrado,Desconhecido
147.jpg,resultado_147.jpg,METER,Não cadastrado,Não cadastrado,Desconhecido
147.jpg,resultado_147.jpg,CE TEF,Não cadastrado,Não cadastrado,Desconhecido
147.jpg,resultado_147.jpg,P-NEL,Não cadastrado,Não cadastrado,Desconhecido
147.jpg,resultado_147.jpg,DOUELE ~CTING,Não cadastrado,Não cadastrado,Desconhecido
147.jpg,resultado_147.jpg,POSITION/LIMIT SWITCH (CPEN O? CLOSE),Não cadastrado,Não cadastrado,Desconhecido
147.jpg,resultado_147.jpg,RCTARY,Não cadastrado,Não cadastrado,Desconhecido
147.jpg,resultado_147.jpg,(SEVI-PRCCRAVWABLE},Não cadastrado,Não cadastrado,Desconhecido
147.jpg,resultado_147.jpg,LOCAL CONTROL PA B,Não cadastrado,Não cadastrado,Desconhecido
147.jpg,resultado_147.jpg,(CFEN OR,Não cadastrado,Não cadastrado,Desconhecido
147.jpg,resultado_147.jpg,CLOSE},Não cadastrado,Não cadastrado,Desconhecido
147.jpg,resultado_147.jpg,MOTION/PNEJMATIC TRANSDUCER,Não cadastrado,Não cadastrado,Desconhecido
147.jpg,resultado_147.jpg,OFEF-TOR,Não cadastrado,Não cadastrado,Desconhecido
147.jpg,resultado_147.jpg,FLOWSHEET,Não cadastrado,Não cadastrado,Desconhecido
147.jpg,resultado_147.jpg,DTHER ~LFHABETC OR NUVERIC CH-RACTER,Não cadastrado,Não cadastrado,Desconhecido
147.jpg,resultado_147.jpg,~LPHABENC CHARACTER,Não cadastrado,Não cadastrado,Desconhecido
147.jpg,resultado_147.jpg,"VCHT ""ATER STATION",Não cadastrado,Não cadastrado,Desconhecido
147.jpg,resultado_147.jpg,ABOVEGROUND,Não cadastrado,Não cadastrado,Desconhecido
147.jpg,resultado_147.jpg,LOCKED OPEV,Não cadastrado,Não cadastrado,Desconhecido
147.jpg,resultado_147.jpg,ELIND FLANGE,Não cadastrado,Não cadastrado,Desconhecido
147.jpg,resultado_147.jpg,'OV THE SHELF',Não cadastrado,Não cadastrado,Desconhecido
147.jpg,resultado_147.jpg,BASIC:  SEDIMENT,Não cadastrado,Não cadastrado,Desconhecido
147.jpg,resultado_147.jpg,MATEER,Não cadastrado,Não cadastrado,Desconhecido
147.jpg,resultado_147.jpg,LN,Não cadastrado,Não cadastrado,Desconhecido
147.jpg,resultado_147.jpg,NORMAL LIQUID LEVEL,Não cadastrado,Não cadastrado,Desconhecido
147.jpg,resultado_147.jpg,LLL,Não cadastrado,Não cadastrado,Desconhecido
147.jpg,resultado_147.jpg,NQUE_NUMEER,Não cadastrado,Não cadastrado,Desconhecido
147.jpg,resultado_147.jpg,EUNCIIN,Não cadastrado,Não cadastrado,Desconhecido
147.jpg,resultado_147.jpg,NOHLNALPIPE_SIZE,Não cadastrado,Não cadastrado,Desconhecido
147.jpg,resultado_147.jpg,NATICNAL PIRE THREAD,Não cadastrado,Não cadastrado,Desconhecido
147.jpg,resultado_147.jpg,F4T FACE (FLANGE;,Não cadastrado,Não cadastrado,Desconhecido
147.jpg,resultado_147.jpg,RAISED FACE (FANCE},Não cadastrado,Não cadastrado,Desconhecido
147.jpg,resultado_147.jpg,PIFING,Não cadastrado,Não cadastrado,Desconhecido
147.jpg,resultado_147.jpg,RINC TYFE JSINT (FLANGEF,Não cadastrado,Não cadastrado,Desconhecido
147.jpg,resultado_147.jpg,REDUCED BORE,Não cadastrado,Não cadastrado,Desconhecido
147.jpg,resultado_147.jpg,FAIL,Não cadastrado,Não cadastrado,Desconhecido
147.jpg,resultado_147.jpg,PLACE,Não cadastrado,Não cadastrado,Desconhecido
147.jpg,resultado_147.jpg,HH,Não cadastrado,Não cadastrado,Desconhecido
147.jpg,resultado_147.jpg,INSTRUNENT 4R,Não cadastrado,Não cadastrado,Desconhecido
147.jpg,resultado_147.jpg,SUPPLY,Não cadastrado,Não cadastrado,Desconhecido
147.jpg,resultado_147.jpg,FIN-FAV,Não cadastrado,Não cadastrado,Desconhecido
147.jpg,resultado_147.jpg,RING _CIN,Não cadastrado,Não cadastrado,Desconhecido
147.jpg,resultado_147.jpg,IGS,Não cadastrado,Não cadastrado,Desconhecido
147.jpg,resultado_147.jpg,TO SEAN,Não cadastrado,Não cadastrado,Desconhecido
147.jpg,resultado_147.jpg,CSS,Não cadastrado,Não cadastrado,Desconhecido
147.jpg,resultado_147.jpg,FCGRATING,Não cadastrado,Não cadastrado,Desconhecido
147.jpg,resultado_147.jpg,SEERVICE,Não cadastrado,Não cadastrado,Desconhecido
147.jpg,resultado_147.jpg,ITERFACE,Não cadastrado,Não cadastrado,Desconhecido
147.jpg,resultado_147.jpg,HICH  LEVEVEL,Não cadastrado,Não cadastrado,Desconhecido
147.jpg,resultado_147.jpg,PILA WF,Não cadastrado,Não cadastrado,Desconhecido
147.jpg,resultado_147.jpg,INTERFACE,Não cadastrado,Não cadastrado,Desconhecido
147.jpg,resultado_147.jpg,PROD,Não cadastrado,Não cadastrado,Desconhecido
147.jpg,resultado_147.jpg,REL JCED,Não cadastrado,Não cadastrado,Desconhecido
147.jpg,resultado_147.jpg,LOW LEVEL,Não cadastrado,Não cadastrado,Desconhecido
147.jpg,resultado_147.jpg,DOUHLE,Não cadastrado,Não cadastrado,Desconhecido
147.jpg,resultado_147.jpg,FLR,Não cadastrado,Não cadastrado,Desconhecido
147.jpg,resultado_147.jpg,SOLR,Não cadastrado,Não cadastrado,Desconhecido
147.jpg,resultado_147.jpg,MULTIPCRT,Não cadastrado,Não cadastrado,Desconhecido
147.jpg,resultado_147.jpg,GLYCEL,Não cadastrado,Não cadastrado,Desconhecido
147.jpg,resultado_147.jpg,ANSI,Não cadastrado,Não cadastrado,Desconhecido
147.jpg,resultado_147.jpg,HYDREC-RBORS,Não cadastrado,Não cadastrado,Desconhecido
147.jpg,resultado_147.jpg,INSTRUMET,Não cadastrado,Não cadastrado,Desconhecido
147.jpg,resultado_147.jpg,AVSI 2580,Não cadastrado,Não cadastrado,Desconhecido
147.jpg,resultado_147.jpg,SANMARY,Não cadastrado,Não cadastrado,Desconhecido
147.jpg,resultado_147.jpg,FOTABLE MATER,Não cadastrado,Não cadastrado,Desconhecido
147.jpg,resultado_147.jpg,NOT FOR_CONSTRUCTION,Não cadastrado,Não cadastrado,Desconhecido
147.jpg,resultado_147.jpg,FXOCESS,Não cadastrado,Não cadastrado,Desconhecido
147.jpg,resultado_147.jpg,HEXTI C,Não cadastrado,Não cadastrado,Desconhecido
147.jpg,resultado_147.jpg,REVE,Não cadastrado,Não cadastrado,Desconhecido
147.jpg,resultado_147.jpg,ENERGY  ARE   CONCEPTUAL ONLY,Não cadastrado,Não cadastrado,Desconhecido
147.jpg,resultado_147.jpg,VFLT,Não cadastrado,Não cadastrado,Desconhecido
147.jpg,resultado_147.jpg,NOT TO BE,Não cadastrado,Não cadastrado,Desconhecido
147.jpg,resultado_147.jpg,USED,Não cadastrado,Não cadastrado,Desconhecido
147.jpg,resultado_147.jpg,FOR FINAL,Não cadastrado,Não cadastrado,Desconhecido
147.jpg,resultado_147.jpg,TYP  MEASURING STA.,Não cadastrado,Não cadastrado,Desconhecido
147.jpg,resultado_147.jpg,JRD PARTY,Não cadastrado,Não cadastrado,Desconhecido
147.jpg,resultado_147.jpg,RECEIPT INTO AN,Não cadastrado,Não cadastrado,Desconhecido
147.jpg,resultado_147.jpg,DRAKN BY:,Não cadastrado,Não cadastrado,Desconhecido
147.jpg,resultado_147.jpg,PRELIINARY_NOT FOR CONSTRUCTION,Não cadastrado,Não cadastrado,Desconhecido
147.jpg,resultado_147.jpg,"12 /09 ,",Não cadastrado,Não cadastrado,Desconhecido
147.jpg,resultado_147.jpg,DESCRIPION,Não cadastrado,Não cadastrado,Desconhecido
147.jpg,resultado_147.jpg,LOC?,Não cadastrado,Não cadastrado,Desconhecido
147.jpg,resultado_147.jpg,SEVF,Não cadastrado,Não cadastrado,Desconhecido
147.jpg,resultado_147.jpg,(E&,Não cadastrado,Não cadastrado,Desconhecido
147.jpg,resultado_147.jpg,NOL_FOR_CONSTRUCTION,Não cadastrado,Não cadastrado,Desconhecido
147.jpg,resultado_147.jpg,DRAWINGS,Não cadastrado,Não cadastrado,Desconhecido
147.jpg,resultado_147.jpg,NOT FOR,Não cadastrado,Não cadastrado,Desconhecido
147.jpg,resultado_147.jpg,~DRAWINGS   PROVIDED BY,Não cadastrado,Não cadastrado,Desconhecido
147.jpg,resultado_147.jpg,NOT TO,Não cadastrado,Não cadastrado,Desconhecido
147.jpg,resultado_147.jpg,STR,Não cadastrado,Não cadastrado,Desconhecido
147.jpg,resultado_147.jpg,NAL,Não cadastrado,Não cadastrado,Desconhecido
147.jpg,resultado_147.jpg,ED,Não cadastrado,Não cadastrado,Desconhecido
147.jpg,resultado_147.jpg,FOR,Não cadastrado,Não cadastrado,Desconhecido
147.jpg,resultado_147.jpg,EQUPVENT,Não cadastrado,Não cadastrado,Desconhecido
147.jpg,resultado_147.jpg,FLOWSHEET_SYMBOLS,Não cadastrado,Não cadastrado,Desconhecido
147.jpg,resultado_147.jpg,ELECTRONIC_DEVICE_IDENTIFCATION,Não cadastrado,Não cadastrado,Desconhecido
147.jpg,resultado_147.jpg,NNSTRUMENTATION,Não cadastrado,Não cadastrado,Desconhecido
147.jpg,resultado_147.jpg,LEWERS,Não cadastrado,Não cadastrado,Desconhecido
147.jpg,resultado_147.jpg,(USED,Não cadastrado,Não cadastrado,Desconhecido
147.jpg,resultado_147.jpg,INSIDE INSTRUKENT BALLOONS,Não cadastrado,Não cadastrado,Desconhecido
147.jpg,resultado_147.jpg,BLOCKS,Não cadastrado,Não cadastrado,Desconhecido
147.jpg,resultado_147.jpg,SHELLS,Não cadastrado,Não cadastrado,Desconhecido
147.jpg,resultado_147.jpg,BINARY SIGV-L LINE,Não cadastrado,Não cadastrado,Desconhecido
147.jpg,resultado_147.jpg,HORIZONTAL BAR,Não cadastrado,Não cadastrado,Desconhecido
147.jpg,resultado_147.jpg,SYMBOLS,Não cadastrado,Não cadastrado,Desconhecido
147.jpg,resultado_147.jpg,SICNAL/SUPPLY,Não cadastrado,Não cadastrado,Desconhecido
147.jpg,resultado_147.jpg,FOK,Não cadastrado,Não cadastrado,Desconhecido
147.jpg,resultado_147.jpg,FHVSICAL,Não cadastrado,Não cadastrado,Desconhecido
147.jpg,resultado_147.jpg,DETAIL,Não cadastrado,Não cadastrado,Desconhecido
147.jpg,resultado_147.jpg,CODES,Não cadastrado,Não cadastrado,Desconhecido
147.jpg,resultado_147.jpg,RESSUNE,Não cadastrado,Não cadastrado,Desconhecido
147.jpg,resultado_147.jpg,PRESSURE ALARM HICH ANJ LOW,Não cadastrado,Não cadastrado,Desconhecido
147.jpg,resultado_147.jpg,CRESSURE,Não cadastrado,Não cadastrado,Desconhecido
147.jpg,resultado_147.jpg,ALARM,Não cadastrado,Não cadastrado,Desconhecido
147.jpg,resultado_147.jpg,SLCLE,Não cadastrado,Não cadastrado,Desconhecido
147.jpg,resultado_147.jpg,UNCTIC :,Não cadastrado,Não cadastrado,Desconhecido
147.jpg,resultado_147.jpg,REGULATOR,Não cadastrado,Não cadastrado,Desconhecido
147.jpg,resultado_147.jpg,MULT-FUSETON,Não cadastrado,Não cadastrado,Desconhecido
147.jpg,resultado_147.jpg,DIFFERENTAL ALAFRV,Não cadastrado,Não cadastrado,Desconhecido
147.jpg,resultado_147.jpg,MULT,Não cadastrado,Não cadastrado,Desconhecido
147.jpg,resultado_147.jpg,PD-H,Não cadastrado,Não cadastrado,Desconhecido
147.jpg,resultado_147.jpg,RESSUR,Não cadastrado,Não cadastrado,Desconhecido
147.jpg,resultado_147.jpg,DIFFER,Não cadastrado,Não cadastrado,Desconhecido
147.jpg,resultado_147.jpg,ALTOM-TIC /MANUAL-2,Não cadastrado,Não cadastrado,Desconhecido
147.jpg,resultado_147.jpg,POSITIONSWITCH,Não cadastrado,Não cadastrado,Desconhecido
147.jpg,resultado_147.jpg,ALARK LOW,Não cadastrado,Não cadastrado,Desconhecido
147.jpg,resultado_147.jpg,NCV-PROCR-HVARLE DEVICE,Não cadastrado,Não cadastrado,Desconhecido
147.jpg,resultado_147.jpg,SAFETY HICH/C-S DETECTOR,Não cadastrado,Não cadastrado,Desconhecido
147.jpg,resultado_147.jpg,CCNTROLLER,Não cadastrado,Não cadastrado,Desconhecido
147.jpg,resultado_147.jpg,INDIC-TOR,Não cadastrado,Não cadastrado,Desconhecido
147.jpg,resultado_147.jpg,TRANSMITTER,Não cadastrado,Não cadastrado,Desconhecido
147.jpg,resultado_147.jpg,PLIND,Não cadastrado,Não cadastrado,Desconhecido
147.jpg,resultado_147.jpg,SECCNLARY LINE,Não cadastrado,Não cadastrado,Desconhecido
147.jpg,resultado_147.jpg,B-L,Não cadastrado,Não cadastrado,Desconhecido
147.jpg,resultado_147.jpg,EURNER ALARM,Não cadastrado,Não cadastrado,Desconhecido
147.jpg,resultado_147.jpg,PLR,Não cadastrado,Não cadastrado,Desconhecido
147.jpg,resultado_147.jpg,RECCRDER,Não cadastrado,Não cadastrado,Desconhecido
147.jpg,resultado_147.jpg,FLAME -RRESTOR/SPARK,Não cadastrado,Não cadastrado,Desconhecido
147.jpg,resultado_147.jpg,ARRESTOR,Não cadastrado,Não cadastrado,Desconhecido
147.jpg,resultado_147.jpg,PVEUWATIC,Não cadastrado,Não cadastrado,Desconhecido
147.jpg,resultado_147.jpg,BINARY SIGNAL,Não cadastrado,Não cadastrado,Desconhecido
147.jpg,resultado_147.jpg,ELOWDOWN VALVE,Não cadastrado,Não cadastrado,Desconhecido
147.jpg,resultado_147.jpg,FET,Não cadastrado,Não cadastrado,Desconhecido
147.jpg,resultado_147.jpg,SWTTCH,Não cadastrado,Não cadastrado,Desconhecido
147.jpg,resultado_147.jpg,ENMAL SAFETY_,Não cadastrado,Não cadastrado,Desconhecido
147.jpg,resultado_147.jpg,PVEUMATIC,Não cadastrado,Não cadastrado,Desconhecido
147.jpg,resultado_147.jpg,CONTROL (INSTR,Não cadastrado,Não cadastrado,Desconhecido
147.jpg,resultado_147.jpg,EURNER :AFETY,Não cadastrado,Não cadastrado,Desconhecido
147.jpg,resultado_147.jpg,SLI?,Não cadastrado,Não cadastrado,Desconhecido
147.jpg,resultado_147.jpg,(SKILLET},Não cadastrado,Não cadastrado,Desconhecido
147.jpg,resultado_147.jpg,EURNER SOLENOID,Não cadastrado,Não cadastrado,Desconhecido
147.jpg,resultado_147.jpg,VAVLE 0?,Não cadastrado,Não cadastrado,Desconhecido
147.jpg,resultado_147.jpg,HYCRAULIC LINE,Não cadastrado,Não cadastrado,Desconhecido
147.jpg,resultado_147.jpg,INDICATINC,Não cadastrado,Não cadastrado,Desconhecido
147.jpg,resultado_147.jpg,CORROSION PRODE,Não cadastrado,Não cadastrado,Desconhecido
147.jpg,resultado_147.jpg,ECORLE ?,Não cadastrado,Não cadastrado,Desconhecido
147.jpg,resultado_147.jpg,SHEET NO.,Não cadastrado,Não cadastrado,Desconhecido
147.jpg,resultado_147.jpg,EVERCENCY,Não cadastrado,Não cadastrado,Desconhecido
147.jpg,resultado_147.jpg,EQEITVECTORLSSEEENT,Não cadastrado,Não cadastrado,Desconhecido
147.jpg,resultado_147.jpg,PANEL NORMALLY,Não cadastrado,Não cadastrado,Desconhecido
147.jpg,resultado_147.jpg,JCFEI,Não cadastrado,Não cadastrado,Desconhecido
147.jpg,resultado_147.jpg,ELEMENT (RUPTURE,Não cadastrado,Não cadastrado,Desconhecido
147.jpg,resultado_147.jpg,DISC},Não cadastrado,Não cadastrado,Desconhecido
147.jpg,resultado_147.jpg,SPECT-CLE ELIND,Não cadastrado,Não cadastrado,Desconhecido
147.jpg,resultado_147.jpg,CONTNUED TO,Não cadastrado,Não cadastrado,Desconhecido
147.jpg,resultado_147.jpg,PANEL NO.,Não cadastrado,Não cadastrado,Desconhecido
147.jpg,resultado_147.jpg,CSH,Não cadastrado,Não cadastrado,Desconhecido
147.jpg,resultado_147.jpg,FL,Fail Locked,Falha de Válvula,Identificado
147.jpg,resultado_147.jpg,~ERSONNEL EARRIER,Não cadastrado,Não cadastrado,Desconhecido
147.jpg,resultado_147.jpg,SEE INSTRUPENTATON IDENTFIC-TICY LETTERS,Não cadastrado,Não cadastrado,Desconhecido
147.jpg,resultado_147.jpg,FLOR,Não cadastrado,Não cadastrado,Desconhecido
147.jpg,resultado_147.jpg,CCNTRCL,Não cadastrado,Não cadastrado,Desconhecido
147.jpg,resultado_147.jpg,SELF CON TAINED,Não cadastrado,Não cadastrado,Desconhecido
147.jpg,resultado_147.jpg,FRESSUR,Não cadastrado,Não cadastrado,Desconhecido
147.jpg,resultado_147.jpg,INSULATION,Não cadastrado,Não cadastrado,Desconhecido
147.jpg,resultado_147.jpg,{THICKNESS,Não cadastrado,Não cadastrado,Desconhecido
147.jpg,resultado_147.jpg,AS NOTED),Não cadastrado,Não cadastrado,Desconhecido
147.jpg,resultado_147.jpg,BEHIND,Não cadastrado,Não cadastrado,Desconhecido
147.jpg,resultado_147.jpg,SCLEVOID VALVE,Não cadastrado,Não cadastrado,Desconhecido
147.jpg,resultado_147.jpg,JENEL,Não cadastrado,Não cadastrado,Desconhecido
147.jpg,resultado_147.jpg,LOC - INDENTIACATION,Não cadastrado,Não cadastrado,Desconhecido
147.jpg,resultado_147.jpg,SICHT CLASS,Não cadastrado,Não cadastrado,Desconhecido
147.jpg,resultado_147.jpg,QUICK,Não cadastrado,Não cadastrado,Desconhecido
147.jpg,resultado_147.jpg,CONNECT,Não cadastrado,Não cadastrado,Desconhecido
147.jpg,resultado_147.jpg,AAL,Não cadastrado,Não cadastrado,Desconhecido
147.jpg,resultado_147.jpg,ERAL,Não cadastrado,Não cadastrado,Desconhecido
147.jpg,resultado_147.jpg,RENOTE OPERATEC (SWITCHING) VALVE,Não cadastrado,Não cadastrado,Desconhecido
147.jpg,resultado_147.jpg,0101-0199,Não cadastrado,Não cadastrado,Desconhecido
147.jpg,resultado_147.jpg,VEASUR,Não cadastrado,Não cadastrado,Desconhecido
147.jpg,resultado_147.jpg,KE T AND,Não cadastrado,Não cadastrado,Desconhecido
147.jpg,resultado_147.jpg,SOLENOIL,Não cadastrado,Não cadastrado,Desconhecido
147.jpg,resultado_147.jpg,VALVE CR RELAY,Não cadastrado,Não cadastrado,Desconhecido
147.jpg,resultado_147.jpg,"(UNIFOLT,",Não cadastrado,Não cadastrado,Desconhecido
147.jpg,resultado_147.jpg,GRAYLOC,Não cadastrado,Não cadastrado,Desconhecido
147.jpg,resultado_147.jpg,ETC >,Não cadastrado,Não cadastrado,Desconhecido
147.jpg,resultado_147.jpg,DEHYDR-TIC:,Não cadastrado,Não cadastrado,Desconhecido
147.jpg,resultado_147.jpg,FUNP,Não cadastrado,Não cadastrado,Desconhecido
147.jpg,resultado_147.jpg,HEETTWC,Não cadastrado,Não cadastrado,Desconhecido
147.jpg,resultado_147.jpg,(RESTRICTON),Não cadastrado,Não cadastrado,Desconhecido
147.jpg,resultado_147.jpg,ORIFICE,Não cadastrado,Não cadastrado,Desconhecido
147.jpg,resultado_147.jpg,EPARATON,Não cadastrado,Não cadastrado,Desconhecido
147.jpg,resultado_147.jpg,TOT-UZER,Não cadastrado,Não cadastrado,Desconhecido
147.jpg,resultado_147.jpg,SPEED AL-RM HISH,Não cadastrado,Não cadastrado,Desconhecido
147.jpg,resultado_147.jpg,"VALVE ""/DIAPHRACN",Não cadastrado,Não cadastrado,Desconhecido
147.jpg,resultado_147.jpg,OPER.,Não cadastrado,Não cadastrado,Desconhecido
147.jpg,resultado_147.jpg,RECORCER,Não cadastrado,Não cadastrado,Desconhecido
147.jpg,resultado_147.jpg,GFUGE,Não cadastrado,Não cadastrado,Desconhecido
147.jpg,resultado_147.jpg,VALVE (ANDERSCN GFEE NSWOCD),Não cadastrado,Não cadastrado,Desconhecido
147.jpg,resultado_147.jpg,RFRICE*ATON,Não cadastrado,Não cadastrado,Desconhecido
147.jpg,resultado_147.jpg,SWTTCH HICH,Não cadastrado,Não cadastrado,Desconhecido
147.jpg,resultado_147.jpg,LOC-L,Não cadastrado,Não cadastrado,Desconhecido
147.jpg,resultado_147.jpg,UIUT-,Não cadastrado,Não cadastrado,Desconhecido
147.jpg,resultado_147.jpg,"(AR, ELECTKICMY, PHCNE",Não cadastrado,Não cadastrado,Desconhecido
147.jpg,resultado_147.jpg,ETC },Não cadastrado,Não cadastrado,Desconhecido
147.jpg,resultado_147.jpg,SAFETY /SWTTCH,Não cadastrado,Não cadastrado,Desconhecido
147.jpg,resultado_147.jpg,STACK,Não cadastrado,Não cadastrado,Desconhecido
147.jpg,resultado_147.jpg,FLANE ARRESTOR,Não cadastrado,Não cadastrado,Desconhecido
147.jpg,resultado_147.jpg,WELL,Não cadastrado,Não cadastrado,Desconhecido
147.jpg,resultado_147.jpg,SAFETY/SWTTCH HISH,Não cadastrado,Não cadastrado,Desconhecido
147.jpg,resultado_147.jpg,AND LO#,Não cadastrado,Não cadastrado,Desconhecido
147.jpg,resultado_147.jpg,SHUTDCRN,Não cadastrado,Não cadastrado,Desconhecido
147.jpg,resultado_147.jpg,VALVE RELAY,Não cadastrado,Não cadastrado,Desconhecido
147.jpg,resultado_147.jpg,TYPE FLOW ELEMENT,Não cadastrado,Não cadastrado,Desconhecido
147.jpg,resultado_147.jpg,TRANSMMTER,Não cadastrado,Não cadastrado,Desconhecido
147.jpg,resultado_147.jpg,COPRESSOR #2,Não cadastrado,Não cadastrado,Desconhecido
147.jpg,resultado_147.jpg,METE ?,Não cadastrado,Não cadastrado,Desconhecido
147.jpg,resultado_147.jpg,TEK,Não cadastrado,Não cadastrado,Desconhecido
147.jpg,resultado_147.jpg,(VANES,Não cadastrado,Não cadastrado,Desconhecido
147.jpg,resultado_147.jpg,PLUC,Não cadastrado,Não cadastrado,Desconhecido
147.jpg,resultado_147.jpg,FX,Não cadastrado,Não cadastrado,Desconhecido
147.jpg,resultado_147.jpg,EED INDICATING CONTROLLER,Não cadastrado,Não cadastrado,Desconhecido
147.jpg,resultado_147.jpg,CAMPENER,Não cadastrado,Não cadastrado,Desconhecido
147.jpg,resultado_147.jpg,HAND INDICATINC CONTROLLER,Não cadastrado,Não cadastrado,Desconhecido
147.jpg,resultado_147.jpg,RELIEF,Não cadastrado,Não cadastrado,Desconhecido
147.jpg,resultado_147.jpg,VALVE (PILOT OPERATED),Não cadastrado,Não cadastrado,Desconhecido
147.jpg,resultado_147.jpg,EECTKONIC DEMCE IDENTIFIC-TION,Não cadastrado,Não cadastrado,Desconhecido
147.jpg,resultado_147.jpg,S-EED SAFETY /SWTCH,Não cadastrado,Não cadastrado,Desconhecido
147.jpg,resultado_147.jpg,NORVALLY ~CCESSIFLE,Não cadastrado,Não cadastrado,Desconhecido
147.jpg,resultado_147.jpg,DESTRIEUTNE CONTRCL SYSTEM,Não cadastrado,Não cadastrado,Desconhecido
147.jpg,resultado_147.jpg,HOF,Não cadastrado,Não cadastrado,Desconhecido
147.jpg,resultado_147.jpg,HAND SELECTOR SWITCH (HANO-OFF_AUTO},Não cadastrado,Não cadastrado,Desconhecido
147.jpg,resultado_147.jpg,SPEED SAFETY_,Não cadastrado,Não cadastrado,Desconhecido
147.jpg,resultado_147.jpg,RELIE,Não cadastrado,Não cadastrado,Desconhecido
147.jpg,resultado_147.jpg,(S-RINC OPERATED},Não cadastrado,Não cadastrado,Desconhecido
147.jpg,resultado_147.jpg,LIQUID DRAIN,Não cadastrado,Não cadastrado,Desconhecido
147.jpg,resultado_147.jpg,TRAP),Não cadastrado,Não cadastrado,Desconhecido
147.jpg,resultado_147.jpg,"REMCTE INPUT /QUTPUT FC? DCS,",Não cadastrado,Não cadastrado,Desconhecido
147.jpg,resultado_147.jpg,F/C,Não cadastrado,Não cadastrado,Desconhecido
147.jpg,resultado_147.jpg,LOOP CONTRCLER,Não cadastrado,Não cadastrado,Desconhecido
147.jpg,resultado_147.jpg,YALYF,Não cadastrado,Não cadastrado,Desconhecido
147.jpg,resultado_147.jpg,PROGR-MAELE LOCLC CONTROLLER,Não cadastrado,Não cadastrado,Desconhecido
147.jpg,resultado_147.jpg,TL,Não cadastrado,Não cadastrado,Desconhecido
147.jpg,resultado_147.jpg,ALARA,Não cadastrado,Não cadastrado,Desconhecido
147.jpg,resultado_147.jpg,EXPANSICN -OINT,Não cadastrado,Não cadastrado,Desconhecido
147.jpg,resultado_147.jpg,PRESSURE VACUUV KELIEF,Não cadastrado,Não cadastrado,Desconhecido
147.jpg,resultado_147.jpg,TELEMETRY UNT,Não cadastrado,Não cadastrado,Desconhecido
147.jpg,resultado_147.jpg,PNEURATC TRANSCUCE?,Não cadastrado,Não cadastrado,Desconhecido
147.jpg,resultado_147.jpg,TEW-ERATURE,Não cadastrado,Não cadastrado,Desconhecido
147.jpg,resultado_147.jpg,"CONTROL VALVE,",Não cadastrado,Não cadastrado,Desconhecido
147.jpg,resultado_147.jpg,DEVICES,Não cadastrado,Não cadastrado,Desconhecido
147.jpg,resultado_147.jpg,MULTIFLE DEMCES AT SXME STATION,Não cadastrado,Não cadastrado,Desconhecido
147.jpg,resultado_147.jpg,PRESSJRE,Não cadastrado,Não cadastrado,Desconhecido
147.jpg,resultado_147.jpg,CONTRCL,Não cadastrado,Não cadastrado,Desconhecido
147.jpg,resultado_147.jpg,"""IELD",Não cadastrado,Não cadastrado,Desconhecido
147.jpg,resultado_147.jpg,LEVEL ALARN LCM,Não cadastrado,Não cadastrado,Desconhecido
147.jpg,resultado_147.jpg,TEXPERATURE,Não cadastrado,Não cadastrado,Desconhecido
147.jpg,resultado_147.jpg,INDIC-TING,Não cadastrado,Não cadastrado,Desconhecido
147.jpg,resultado_147.jpg,VALVE (RECULATOR),Não cadastrado,Não cadastrado,Desconhecido
147.jpg,resultado_147.jpg,[ADD APPROPRIATE HCRZ. RAR S)],Não cadastrado,Não cadastrado,Desconhecido
147.jpg,resultado_147.jpg,EECTXONIC INPUT/OUTPUT TYPE,Não cadastrado,Não cadastrado,Desconhecido
147.jpg,resultado_147.jpg,TEMPER-TURE,Não cadastrado,Não cadastrado,Desconhecido
147.jpg,resultado_147.jpg,RECORDER,Não cadastrado,Não cadastrado,Desconhecido
147.jpg,resultado_147.jpg,PISTON,Não cadastrado,Não cadastrado,Desconhecido
147.jpg,resultado_147.jpg,CPERATED,Não cadastrado,Não cadastrado,Desconhecido
147.jpg,resultado_147.jpg,INALOG INPUT,Não cadastrado,Não cadastrado,Desconhecido
147.jpg,resultado_147.jpg,TEMPERFTURE,Não cadastrado,Não cadastrado,Desconhecido
147.jpg,resultado_147.jpg,"S-FETY /SWITCH LO""'",Não cadastrado,Não cadastrado,Desconhecido
147.jpg,resultado_147.jpg,DICITAL_QUTPUT,Não cadastrado,Não cadastrado,Desconhecido
147.jpg,resultado_147.jpg,CCNTROL HICH,Não cadastrado,Não cadastrado,Desconhecido
147.jpg,resultado_147.jpg,(SWITCH),Não cadastrado,Não cadastrado,Desconhecido
147.jpg,resultado_147.jpg,TRAVSVITTER,Não cadastrado,Não cadastrado,Desconhecido
147.jpg,resultado_147.jpg,HYDRALLIC,Não cadastrado,Não cadastrado,Desconhecido
147.jpg,resultado_147.jpg,'ED CQUNTER,Não cadastrado,Não cadastrado,Desconhecido
147.jpg,resultado_147.jpg,CONTROL LOW (SWITCH},Não cadastrado,Não cadastrado,Desconhecido
147.jpg,resultado_147.jpg,"VALVE ""/DOUBLE ACTHG ACTJATOR",Não cadastrado,Não cadastrado,Desconhecido
147.jpg,resultado_147.jpg,PLIC-QLE,Não cadastrado,Não cadastrado,Desconhecido
147.jpg,resultado_147.jpg,TEMPERATURE DEMCE,Não cadastrado,Não cadastrado,Desconhecido
147.jpg,resultado_147.jpg,OR' TRANSDUCER/RELAY,Não cadastrado,Não cadastrado,Desconhecido
147.jpg,resultado_147.jpg,MOTOR,Não cadastrado,Não cadastrado,Desconhecido
147.jpg,resultado_147.jpg,CPERATED VALVE,Não cadastrado,Não cadastrado,Desconhecido
147.jpg,resultado_147.jpg,GAUSE,Não cadastrado,Não cadastrado,Desconhecido
147.jpg,resultado_147.jpg,"TEMP,",Não cadastrado,Não cadastrado,Desconhecido
147.jpg,resultado_147.jpg,UNION,Não cadastrado,Não cadastrado,Desconhecido
147.jpg,resultado_147.jpg,INDIC-TUR,Não cadastrado,Não cadastrado,Desconhecido
147.jpg,resultado_147.jpg,LEVEL INDICATNC CONTROLLER,Não cadastrado,Não cadastrado,Desconhecido
147.jpg,resultado_147.jpg,SCREWED,Não cadastrado,Não cadastrado,Desconhecido
147.jpg,resultado_147.jpg,KON-DISPLAYED,Não cadastrado,Não cadastrado,Desconhecido
147.jpg,resultado_147.jpg,NON-DISPLAYED,Não cadastrado,Não cadastrado,Desconhecido
147.jpg,resultado_147.jpg,VIGRATIUV ALARN,Não cadastrado,Não cadastrado,Desconhecido
147.jpg,resultado_147.jpg,RECIFROC-TNG,Não cadastrado,Não cadastrado,Desconhecido
147.jpg,resultado_147.jpg,WAY [NSTRUKENT VALVE,Não cadastrado,Não cadastrado,Desconhecido
147.jpg,resultado_147.jpg,CONFICURLOLE DEMCE,Não cadastrado,Não cadastrado,Desconhecido
147.jpg,resultado_147.jpg,LEYEL,Não cadastrado,Não cadastrado,Desconhecido
147.jpg,resultado_147.jpg,S ITCH HICH HICH,Não cadastrado,Não cadastrado,Desconhecido
147.jpg,resultado_147.jpg,VIBRATIOY SAFET,Não cadastrado,Não cadastrado,Desconhecido
147.jpg,resultado_147.jpg,SWICH,Não cadastrado,Não cadastrado,Desconhecido
147.jpg,resultado_147.jpg,EDJCTOR,Não cadastrado,Não cadastrado,Desconhecido
147.jpg,resultado_147.jpg,RACK /CARD INDENTFIC-TCV,Não cadastrado,Não cadastrado,Desconhecido
147.jpg,resultado_147.jpg,'R1/57',Não cadastrado,Não cadastrado,Desconhecido
147.jpg,resultado_147.jpg,SMTCH,Não cadastrado,Não cadastrado,Desconhecido
147.jpg,resultado_147.jpg,POSMVE CHOKE,Não cadastrado,Não cadastrado,Desconhecido
147.jpg,resultado_147.jpg,LEVEL SAFETY /SWTCH,Não cadastrado,Não cadastrado,Desconhecido
147.jpg,resultado_147.jpg,UNCLASSIFIED CONTROL VALVE,Não cadastrado,Não cadastrado,Desconhecido
147.jpg,resultado_147.jpg,ELENENT,Não cadastrado,Não cadastrado,Desconhecido
147.jpg,resultado_147.jpg,TEREINATON INDENTIACATON,Não cadastrado,Não cadastrado,Desconhecido
147.jpg,resultado_147.jpg,UNCLASSIFIED RELAY OX,Não cadastrado,Não cadastrado,Desconhecido
147.jpg,resultado_147.jpg,SOLENOID VLVE,Não cadastrado,Não cadastrado,Desconhecido
147.jpg,resultado_147.jpg,LEVEL SOLENOID,Não cadastrado,Não cadastrado,Desconhecido
147.jpg,resultado_147.jpg,VALVE OR,Não cadastrado,Não cadastrado,Desconhecido
147.jpg,resultado_147.jpg,UNCLASSIFIED SAFETY /SWMCH,Não cadastrado,Não cadastrado,Desconhecido
147.jpg,resultado_147.jpg,V,Não cadastrado,Não cadastrado,Desconhecido
147.jpg,resultado_147.jpg,Y -STRAINER,Não cadastrado,Não cadastrado,Desconhecido
147.jpg,resultado_147.jpg,CUICK CHANGE ORIFCE,Não cadastrado,Não cadastrado,Desconhecido
147.jpg,resultado_147.jpg,FITTING (SENISR),Não cadastrado,Não cadastrado,Desconhecido
147.jpg,resultado_147.jpg,FOR SECOND TE?MIN-TICN PAIR),Não cadastrado,Não cadastrado,Desconhecido
147.jpg,resultado_147.jpg,NESCE,Não cadastrado,Não cadastrado,Desconhecido
147.jpg,resultado_147.jpg,NNFQUS,Não cadastrado,Não cadastrado,Desconhecido
147.jpg,resultado_147.jpg,CFIFICE PL-TE 3ETWEEV,Não cadastrado,Não cadastrado,Desconhecido
147.jpg,resultado_147.jpg,FLANGES,Não cadastrado,Não cadastrado,Desconhecido
147.jpg,resultado_147.jpg,DIAPHRACM METER,Não cadastrado,Não cadastrado,Desconhecido
147.jpg,resultado_147.jpg,AUXILAFY,Não cadastrado,Não cadastrado,Desconhecido
147.jpg,resultado_147.jpg,CE TER PANEL,Não cadastrado,Não cadastrado,Desconhecido
147.jpg,resultado_147.jpg,POSITION/LIVIT INDICATOR;,Não cadastrado,Não cadastrado,Desconhecido
147.jpg,resultado_147.jpg,PIC SICNAL,Não cadastrado,Não cadastrado,Desconhecido
147.jpg,resultado_147.jpg,DOUELE ~CTNG,Não cadastrado,Não cadastrado,Desconhecido
147.jpg,resultado_147.jpg,IGUR-RLE DEMCE,Não cadastrado,Não cadastrado,Desconhecido
147.jpg,resultado_147.jpg,POSITION/LIMIT SWITCH (CPEN OR,Não cadastrado,Não cadastrado,Desconhecido
147.jpg,resultado_147.jpg,CLOSE_,Não cadastrado,Não cadastrado,Desconhecido
147.jpg,resultado_147.jpg,ALARN,Não cadastrado,Não cadastrado,Desconhecido
147.jpg,resultado_147.jpg,UTUTY CONTROL CENTER PA B,Não cadastrado,Não cadastrado,Desconhecido
147.jpg,resultado_147.jpg,MOTION/PNEJMATIC TRASD,Não cadastrado,Não cadastrado,Desconhecido
147.jpg,resultado_147.jpg,CER,Não cadastrado,Não cadastrado,Desconhecido
147.jpg,resultado_147.jpg,OFER-TOR,Não cadastrado,Não cadastrado,Desconhecido
147.jpg,resultado_147.jpg,FLOWSHEEL_ABBREVIATIONS,Não cadastrado,Não cadastrado,Desconhecido
147.jpg,resultado_147.jpg,CARKENED IN VALVE,Não cadastrado,Não cadastrado,Desconhecido
147.jpg,resultado_147.jpg,DTHER ~LPHABETIC OR NUVERIC CH-RACTER,Não cadastrado,Não cadastrado,Desconhecido
147.jpg,resultado_147.jpg,FLPHAPENC CHARACTE?,Não cadastrado,Não cadastrado,Desconhecido
147.jpg,resultado_147.jpg,AR TO,Não cadastrado,Não cadastrado,Desconhecido
147.jpg,resultado_147.jpg,CLOSE,Não cadastrado,Não cadastrado,Desconhecido
147.jpg,resultado_147.jpg,NUEE?IC CHARACTER,Não cadastrado,Não cadastrado,Desconhecido
147.jpg,resultado_147.jpg,UNIT CONTROL PANEL,Não cadastrado,Não cadastrado,Desconhecido
147.jpg,resultado_147.jpg,ABOVESRCUND,Não cadastrado,Não cadastrado,Desconhecido
147.jpg,resultado_147.jpg,AIR TQ,Não cadastrado,Não cadastrado,Desconhecido
147.jpg,resultado_147.jpg,OPEN,Não cadastrado,Não cadastrado,Desconhecido
147.jpg,resultado_147.jpg,BLIND,Não cadastrado,Não cadastrado,Desconhecido
147.jpg,resultado_147.jpg,FLANGE,Não cadastrado,Não cadastrado,Desconhecido
147.jpg,resultado_147.jpg,VANWAY,Não cadastrado,Não cadastrado,Desconhecido
147.jpg,resultado_147.jpg,NCTE:,Não cadastrado,Não cadastrado,Desconhecido
147.jpg,resultado_147.jpg,SOLID,Não cadastrado,Não cadastrado,Desconhecido
147.jpg,resultado_147.jpg,PCRT INCICATES,Não cadastrado,Não cadastrado,Desconhecido
147.jpg,resultado_147.jpg,OV THE SHELF,Não cadastrado,Não cadastrado,Desconhecido
147.jpg,resultado_147.jpg,BASIC:,Não cadastrado,Não cadastrado,Desconhecido
147.jpg,resultado_147.jpg,SEDIMENT,Não cadastrado,Não cadastrado,Desconhecido
147.jpg,resultado_147.jpg,NORMALLY CLOSED,Não cadastrado,Não cadastrado,Desconhecido
147.jpg,resultado_147.jpg,NCRMALY OFEN,Não cadastrado,Não cadastrado,Desconhecido
147.jpg,resultado_147.jpg,HEAT,Não cadastrado,Não cadastrado,Desconhecido
147.jpg,resultado_147.jpg,EXCHANGER,Não cadastrado,Não cadastrado,Desconhecido
147.jpg,resultado_147.jpg,LLH,Não cadastrado,Não cadastrado,Desconhecido
147.jpg,resultado_147.jpg,HICH LICULD,Não cadastrado,Não cadastrado,Desconhecido
147.jpg,resultado_147.jpg,WENTIICATION_NUNBER,Não cadastrado,Não cadastrado,Desconhecido
147.jpg,resultado_147.jpg,VALVE_WENTIICATION_NUMBER,Não cadastrado,Não cadastrado,Desconhecido
147.jpg,resultado_147.jpg,EJCE OF SKID,Não cadastrado,Não cadastrado,Desconhecido
147.jpg,resultado_147.jpg,FMTTINC,Não cadastrado,Não cadastrado,Desconhecido
147.jpg,resultado_147.jpg,NORMAL LIOUID LEVEL,Não cadastrado,Não cadastrado,Desconhecido
147.jpg,resultado_147.jpg,BXEUNCIIDN,Não cadastrado,Não cadastrado,Desconhecido
147.jpg,resultado_147.jpg,PIPE_SIZE,Não cadastrado,Não cadastrado,Desconhecido
147.jpg,resultado_147.jpg,FULL BORE,Não cadastrado,Não cadastrado,Desconhecido
147.jpg,resultado_147.jpg,NATICNAL,Não cadastrado,Não cadastrado,Desconhecido
147.jpg,resultado_147.jpg,PIFE,Não cadastrado,Não cadastrado,Desconhecido
147.jpg,resultado_147.jpg,FAT FACE,Não cadastrado,Não cadastrado,Desconhecido
147.jpg,resultado_147.jpg,(FLANGE;,Não cadastrado,Não cadastrado,Desconhecido
147.jpg,resultado_147.jpg,RAISED,Não cadastrado,Não cadastrado,Desconhecido
147.jpg,resultado_147.jpg,FACE (FLANCE;,Não cadastrado,Não cadastrado,Desconhecido
147.jpg,resultado_147.jpg,FEING CLASS,Não cadastrado,Não cadastrado,Desconhecido
147.jpg,resultado_147.jpg,RING TYPE,Não cadastrado,Não cadastrado,Desconhecido
147.jpg,resultado_147.jpg,JCINT (FLANGE},Não cadastrado,Não cadastrado,Desconhecido
147.jpg,resultado_147.jpg,BORE,Não cadastrado,Não cadastrado,Desconhecido
147.jpg,resultado_147.jpg,FAIL_,Não cadastrado,Não cadastrado,Desconhecido
147.jpg,resultado_147.jpg,RE,Não cadastrado,Não cadastrado,Desconhecido
147.jpg,resultado_147.jpg,CCNNECTION,Não cadastrado,Não cadastrado,Desconhecido
147.jpg,resultado_147.jpg,CODE VALVE TYPE,Não cadastrado,Não cadastrado,Desconhecido
147.jpg,resultado_147.jpg,CCDE EN) FACIKS,Não cadastrado,Não cadastrado,Desconhecido
147.jpg,resultado_147.jpg,CCDE SPECIL FE-TJRE,Não cadastrado,Não cadastrado,Desconhecido
147.jpg,resultado_147.jpg,FULL PORT,Não cadastrado,Não cadastrado,Desconhecido
147.jpg,resultado_147.jpg,SUPPL,Não cadastrado,Não cadastrado,Desconhecido
147.jpg,resultado_147.jpg,INSTRUNENT C-S,Não cadastrado,Não cadastrado,Desconhecido
147.jpg,resultado_147.jpg,YPE,Não cadastrado,Não cadastrado,Desconhecido
147.jpg,resultado_147.jpg,STANO4RD,Não cadastrado,Não cadastrado,Desconhecido
147.jpg,resultado_147.jpg,COLD,Não cadastrado,Não cadastrado,Desconhecido
147.jpg,resultado_147.jpg,ANSI 10,Não cadastrado,Não cadastrado,Desconhecido
147.jpg,resultado_147.jpg,HYJRICARBONS,Não cadastrado,Não cadastrado,Desconhecido
147.jpg,resultado_147.jpg,"CLYCOL,; D?-INS",Não cadastrado,Não cadastrado,Desconhecido
147.jpg,resultado_147.jpg,CLOEE,Não cadastrado,Não cadastrado,Desconhecido
147.jpg,resultado_147.jpg,SC EXEJ,Não cadastrado,Não cadastrado,Desconhecido
147.jpg,resultado_147.jpg,PIFENE,Não cadastrado,Não cadastrado,Desconhecido
147.jpg,resultado_147.jpg,BJLK,Não cadastrado,Não cadastrado,Desconhecido
147.jpg,resultado_147.jpg,LMIJM,Não cadastrado,Não cadastrado,Desconhecido
147.jpg,resultado_147.jpg,RELJCED FORT,Não cadastrado,Não cadastrado,Desconhecido
147.jpg,resultado_147.jpg,CONDEN:ATE,Não cadastrado,Não cadastrado,Desconhecido
147.jpg,resultado_147.jpg,MELDED,Não cadastrado,Não cadastrado,Desconhecido
147.jpg,resultado_147.jpg,EXTRA STRONG,Não cadastrado,Não cadastrado,Desconhecido
147.jpg,resultado_147.jpg,FUB,Não cadastrado,Não cadastrado,Desconhecido
147.jpg,resultado_147.jpg,"LO""",Não cadastrado,Não cadastrado,Desconhecido
147.jpg,resultado_147.jpg,FLUIC,Não cadastrado,Não cadastrado,Desconhecido
147.jpg,resultado_147.jpg,"""ENTURI",Não cadastrado,Não cadastrado,Desconhecido
147.jpg,resultado_147.jpg,SOCKET  XELJ,Não cadastrado,Não cadastrado,Desconhecido
147.jpg,resultado_147.jpg,SAVE ENC FACING,Não cadastrado,Não cadastrado,Desconhecido
147.jpg,resultado_147.jpg,AYSI 2500,Não cadastrado,Não cadastrado,Desconhecido
147.jpg,resultado_147.jpg,HYDROC-RBOR S,Não cadastrado,Não cadastrado,Desconhecido
147.jpg,resultado_147.jpg,LJBE,Não cadastrado,Não cadastrado,Desconhecido
147.jpg,resultado_147.jpg,~NSI SCO,Não cadastrado,Não cadastrado,Desconhecido
147.jpg,resultado_147.jpg,FITABLE,Não cadastrado,Não cadastrado,Desconhecido
147.jpg,resultado_147.jpg,HEXTINC,Não cadastrado,Não cadastrado,Desconhecido
147.jpg,resultado_147.jpg,REUE,Não cadastrado,Não cadastrado,Desconhecido
147.jpg,resultado_147.jpg,VERT,Não cadastrado,Não cadastrado,Desconhecido
147.jpg,resultado_147.jpg,FOR FINF,Não cadastrado,Não cadastrado,Desconhecido
147.jpg,resultado_147.jpg,LU,Não cadastrado,Não cadastrado,Desconhecido
147.jpg,resultado_147.jpg,FFING,Não cadastrado,Não cadastrado,Desconhecido
147.jpg,resultado_147.jpg,CODE VALVE TPE,Não cadastrado,Não cadastrado,Desconhecido
147.jpg,resultado_147.jpg,CODE SPECIAL FE-TURE,Não cadastrado,Não cadastrado,Desconhecido
147.jpg,resultado_147.jpg,FLIT,Não cadastrado,Não cadastrado,Desconhecido
147.jpg,resultado_147.jpg,RING _CNT,Não cadastrado,Não cadastrado,Desconhecido
147.jpg,resultado_147.jpg,REC JCED FORT,Não cadastrado,Não cadastrado,Desconhecido
147.jpg,resultado_147.jpg,EECLE,Não cadastrado,Não cadastrado,Desconhecido
147.jpg,resultado_147.jpg,WELDED,Não cadastrado,Não cadastrado,Desconhecido
147.jpg,resultado_147.jpg,"""ENTUFI",Não cadastrado,Não cadastrado,Desconhecido
147.jpg,resultado_147.jpg,"SOCKET ""ELD",Não cadastrado,Não cadastrado,Desconhecido
147.jpg,resultado_147.jpg,SPECHAL,Não cadastrado,Não cadastrado,Desconhecido
147.jpg,resultado_147.jpg,BLA%K,Não cadastrado,Não cadastrado,Desconhecido
147.jpg,resultado_147.jpg,SVE EIC FACING,Não cadastrado,Não cadastrado,Desconhecido
147.jpg,resultado_147.jpg,CLS,Não cadastrado,Não cadastrado,Desconhecido
147.jpg,resultado_147.jpg,JIQUE,Não cadastrado,Não cadastrado,Desconhecido
147.jpg,resultado_147.jpg,PIPE,Não cadastrado,Não cadastrado,Desconhecido
147.jpg,resultado_147.jpg,SCHETULE,Não cadastrado,Não cadastrado,Desconhecido
147.jpg,resultado_147.jpg,COIE,Não cadastrado,Não cadastrado,Desconhecido
147.jpg,resultado_147.jpg,CDIE,Não cadastrado,Não cadastrado,Desconhecido
147.jpg,resultado_147.jpg,"CLYCOL,",Não cadastrado,Não cadastrado,Desconhecido
147.jpg,resultado_147.jpg,DR-INS,Não cadastrado,Não cadastrado,Desconhecido
147.jpg,resultado_147.jpg,"FROD,",Não cadastrado,Não cadastrado,Desconhecido
147.jpg,resultado_147.jpg,CR-IN,Não cadastrado,Não cadastrado,Desconhecido
147.jpg,resultado_147.jpg,GLYCIL,Não cadastrado,Não cadastrado,Desconhecido
147.jpg,resultado_147.jpg,FIRE,Não cadastrado,Não cadastrado,Desconhecido
147.jpg,resultado_147.jpg,SFNAKT,Não cadastrado,Não cadastrado,Desconhecido
147.jpg,resultado_147.jpg,JIEFY,Não cadastrado,Não cadastrado,Desconhecido
147.jpg,resultado_147.jpg,FIRE YFTE,Não cadastrado,Não cadastrado,Desconhecido
147.jpg,resultado_147.jpg,TREATED,Não cadastrado,Não cadastrado,Desconhecido
147.jpg,resultado_147.jpg,UTLIY,Não cadastrado,Não cadastrado,Desconhecido
147.jpg,resultado_147.jpg,HYDROCARBORS,Não cadastrado,Não cadastrado,Desconhecido
147.jpg,resultado_147.jpg,HRDRUCARBORS,Não cadastrado,Não cadastrado,Desconhecido
147.jpg,resultado_147.jpg,HYDKICAKBORS,Não cadastrado,Não cadastrado,Desconhecido
147.jpg,resultado_147.jpg,XCHF,Não cadastrado,Não cadastrado,Desconhecido
147.jpg,resultado_147.jpg,PIPE SCHELU,Não cadastrado,Não cadastrado,Desconhecido
147.jpg,resultado_147.jpg,COF,Não cadastrado,Não cadastrado,Desconhecido
147.jpg,resultado_147.jpg,TYPF,Não cadastrado,Não cadastrado,Desconhecido
147.jpg,resultado_147.jpg,4MTF,Não cadastrado,Não cadastrado,Desconhecido
147.jpg,resultado_147.jpg,EUNCTIDN,Não cadastrado,Não cadastrado,Desconhecido
147.jpg,resultado_147.jpg,DENTILCATION_NUMBER,Não cadastrado,Não cadastrado,Desconhecido
147.jpg,resultado_147.jpg,DENTIICATION,Não cadastrado,Não cadastrado,Desconhecido
147.jpg,resultado_147.jpg,TIFICATION,Não cadastrado,Não cadastrado,Desconhecido
147.jpg,resultado_147.jpg,NUMEER,Não cadastrado,Não cadastrado,Desconhecido
147.jpg,resultado_147.jpg,WANWAY,Não cadastrado,Não cadastrado,Desconhecido
147.jpg,resultado_147.jpg,NORM-LY,Não cadastrado,Não cadastrado,Desconhecido
147.jpg,resultado_147.jpg,CLOSED,Não cadastrado,Não cadastrado,Desconhecido
147.jpg,resultado_147.jpg,NCT,Não cadastrado,Não cadastrado,Desconhecido
147.jpg,resultado_147.jpg,NCRMAL,Não cadastrado,Não cadastrado,Desconhecido
147.jpg,resultado_147.jpg,HICH LICULD LEVEL,Não cadastrado,Não cadastrado,Desconhecido
147.jpg,resultado_147.jpg,EJCE CF,Não cadastrado,Não cadastrado,Desconhecido
147.jpg,resultado_147.jpg,NORMAL LIQUID,Não cadastrado,Não cadastrado,Desconhecido
147.jpg,resultado_147.jpg,BSRE,Não cadastrado,Não cadastrado,Desconhecido
147.jpg,resultado_147.jpg,NATICNAL PIFE THREAC,Não cadastrado,Não cadastrado,Desconhecido
147.jpg,resultado_147.jpg,E,Não cadastrado,Não cadastrado,Desconhecido
147.jpg,resultado_147.jpg,ELCEE (FLANGE),Não cadastrado,Não cadastrado,Desconhecido
147.jpg,resultado_147.jpg,RAISED FACE,Não cadastrado,Não cadastrado,Desconhecido
147.jpg,resultado_147.jpg,FLANCE},Não cadastrado,Não cadastrado,Desconhecido
147.jpg,resultado_147.jpg,FTJ,Não cadastrado,Não cadastrado,Desconhecido
147.jpg,resultado_147.jpg,RING TYFE JSINT,Não cadastrado,Não cadastrado,Desconhecido
147.jpg,resultado_147.jpg,REDUCED BCRE,Não cadastrado,Não cadastrado,Desconhecido
147.jpg,resultado_147.jpg,S-MPLE CCNNECTION,Não cadastrado,Não cadastrado,Desconhecido
147.jpg,resultado_147.jpg,SET,Não cadastrado,Não cadastrado,Desconhecido
147.jpg,resultado_147.jpg,SEAN,Não cadastrado,Não cadastrado,Desconhecido
147.jpg,resultado_147.jpg,INTERFACE HIGH,Não cadastrado,Não cadastrado,Desconhecido
147.jpg,resultado_147.jpg,LEXE,Não cadastrado,Não cadastrado,Desconhecido
147.jpg,resultado_147.jpg,INTERFACE NORNAL,Não cadastrado,Não cadastrado,Desconhecido
147.jpg,resultado_147.jpg,UNDERCRCUND,Não cadastrado,Não cadastrado,Desconhecido
147.jpg,resultado_147.jpg,DOJHLE,Não cadastrado,Não cadastrado,Desconhecido
147.jpg,resultado_147.jpg,EXTRA,Não cadastrado,Não cadastrado,Desconhecido
147.jpg,resultado_147.jpg,INTERMEDIA,Não cadastrado,Não cadastrado,Desconhecido
147.jpg,resultado_147.jpg,INSTRUNENT,Não cadastrado,Não cadastrado,Desconhecido
147.jpg,resultado_147.jpg,FLQWSHEET,Não cadastrado,Não cadastrado,Desconhecido
147.jpg,resultado_147.jpg,FLQWSHEEL_ABBREVIATIONS,Não cadastrado,Não cadastrado,Desconhecido
147.jpg,resultado_147.jpg,PRESSURE ALARV,Não cadastrado,Não cadastrado,Desconhecido
147.jpg,resultado_147.jpg,ANJ,Não cadastrado,Não cadastrado,Desconhecido
147.jpg,resultado_147.jpg,REGLLATOR,Não cadastrado,Não cadastrado,Desconhecido
147.jpg,resultado_147.jpg,DIFFERENMAL,Não cadastrado,Não cadastrado,Desconhecido
147.jpg,resultado_147.jpg,ALARV,Não cadastrado,Não cadastrado,Desconhecido
147.jpg,resultado_147.jpg,DIFFERENTAL,Não cadastrado,Não cadastrado,Desconhecido
147.jpg,resultado_147.jpg,ALARK,Não cadastrado,Não cadastrado,Desconhecido
147.jpg,resultado_147.jpg,IFFERENTAL,Não cadastrado,Não cadastrado,Desconhecido
147.jpg,resultado_147.jpg,INDIC-TO?,Não cadastrado,Não cadastrado,Desconhecido
147.jpg,resultado_147.jpg,INDIC-TNC,Não cadastrado,Não cadastrado,Desconhecido
147.jpg,resultado_147.jpg,SAFETY /SWTTCH LO,Não cadastrado,Não cadastrado,Desconhecido
147.jpg,resultado_147.jpg,ELEMEN,Não cadastrado,Não cadastrado,Desconhecido
147.jpg,resultado_147.jpg,RECORLE ?,Não cadastrado,Não cadastrado,Desconhecido
147.jpg,resultado_147.jpg,5WNITCH,Não cadastrado,Não cadastrado,Desconhecido
147.jpg,resultado_147.jpg,(RUPTURE DISC},Não cadastrado,Não cadastrado,Desconhecido
147.jpg,resultado_147.jpg,SWITCH HISH,Não cadastrado,Não cadastrado,Desconhecido
147.jpg,resultado_147.jpg,HIGH -ND,Não cadastrado,Não cadastrado,Desconhecido
147.jpg,resultado_147.jpg,RESSURE TRANSKMTER,Não cadastrado,Não cadastrado,Desconhecido
147.jpg,resultado_147.jpg,RESSURE,Não cadastrado,Não cadastrado,Desconhecido
147.jpg,resultado_147.jpg,SCLENOID,Não cadastrado,Não cadastrado,Desconhecido
147.jpg,resultado_147.jpg,VALVE 02,Não cadastrado,Não cadastrado,Desconhecido
147.jpg,resultado_147.jpg,RENOTE OPERATED,Não cadastrado,Não cadastrado,Desconhecido
147.jpg,resultado_147.jpg,(SWITCHING),Não cadastrado,Não cadastrado,Desconhecido
147.jpg,resultado_147.jpg,SOLENOIL VALVE CR RELAY,Não cadastrado,Não cadastrado,Desconhecido
147.jpg,resultado_147.jpg,SFEE,Não cadastrado,Não cadastrado,Desconhecido
147.jpg,resultado_147.jpg,SPEE) ALARM HISH,Não cadastrado,Não cadastrado,Desconhecido
147.jpg,resultado_147.jpg,STACK FLAVE ARRESTOR,Não cadastrado,Não cadastrado,Desconhecido
147.jpg,resultado_147.jpg,S?EED,Não cadastrado,Não cadastrado,Desconhecido
147.jpg,resultado_147.jpg,SPEED,Não cadastrado,Não cadastrado,Desconhecido
147.jpg,resultado_147.jpg,INDICATING,Não cadastrado,Não cadastrado,Desconhecido
147.jpg,resultado_147.jpg,S-EED,Não cadastrado,Não cadastrado,Desconhecido
147.jpg,resultado_147.jpg,SPEED SAFETY/SMITCH HIGH,Não cadastrado,Não cadastrado,Desconhecido
147.jpg,resultado_147.jpg,LIQUID,Não cadastrado,Não cadastrado,Desconhecido
147.jpg,resultado_147.jpg,{TRAF),Não cadastrado,Não cadastrado,Desconhecido
147.jpg,resultado_147.jpg,TEMPERATURE ALARM LOW,Não cadastrado,Não cadastrado,Desconhecido
147.jpg,resultado_147.jpg,CONTROLLEK,Não cadastrado,Não cadastrado,Desconhecido
147.jpg,resultado_147.jpg,TEM-E,Não cadastrado,Não cadastrado,Desconhecido
147.jpg,resultado_147.jpg,TURE CONTROL,Não cadastrado,Não cadastrado,Desconhecido
147.jpg,resultado_147.jpg,TURE ELEMENT,Não cadastrado,Não cadastrado,Desconhecido
147.jpg,resultado_147.jpg,TEWPERATURE,Não cadastrado,Não cadastrado,Desconhecido
147.jpg,resultado_147.jpg,TEMPER_,Não cadastrado,Não cadastrado,Desconhecido
147.jpg,resultado_147.jpg,INDICATOR CONTROLLER,Não cadastrado,Não cadastrado,Desconhecido
147.jpg,resultado_147.jpg,TEMPERATURE RECORDER,Não cadastrado,Não cadastrado,Desconhecido
147.jpg,resultado_147.jpg,TEMPERATURE S-FETY,Não cadastrado,Não cadastrado,Desconhecido
147.jpg,resultado_147.jpg,TEMPERATURE S-FETX /SWITCH LOX',Não cadastrado,Não cadastrado,Desconhecido
147.jpg,resultado_147.jpg,THERMOMELL,Não cadastrado,Não cadastrado,Desconhecido
147.jpg,resultado_147.jpg,TRANSDUCER/RELAY,Não cadastrado,Não cadastrado,Desconhecido
147.jpg,resultado_147.jpg,SAFETY /SWMTCH,Não cadastrado,Não cadastrado,Desconhecido
147.jpg,resultado_147.jpg,ALARV LOM,Não cadastrado,Não cadastrado,Desconhecido
147.jpg,resultado_147.jpg,KELAY,Não cadastrado,Não cadastrado,Desconhecido
147.jpg,resultado_147.jpg,OX SOLENOID,Não cadastrado,Não cadastrado,Desconhecido
147.jpg,resultado_147.jpg,VLVE,Não cadastrado,Não cadastrado,Desconhecido
147.jpg,resultado_147.jpg,POSITION/LIMIT INDICATOR; PIG SIGNAL,Não cadastrado,Não cadastrado,Desconhecido
147.jpg,resultado_147.jpg,Z5,Não cadastrado,Não cadastrado,Desconhecido
147.jpg,resultado_147.jpg,(OPEN,Não cadastrado,Não cadastrado,Desconhecido
147.jpg,resultado_147.jpg,OR CLOSE),Não cadastrado,Não cadastrado,Desconhecido
147.jpg,resultado_147.jpg,POSIION/LIMIT,Não cadastrado,Não cadastrado,Desconhecido
147.jpg,resultado_147.jpg,POSITION/LIMIT,Não cadastrado,Não cadastrado,Desconhecido
147.jpg,resultado_147.jpg,TRANSDUCER /RELA,Não cadastrado,Não cadastrado,Desconhecido
147.jpg,resultado_147.jpg,THEKMOMELL,Não cadastrado,Não cadastrado,Desconhecido
147.jpg,resultado_147.jpg,TEM-ERATURE,Não cadastrado,Não cadastrado,Desconhecido
147.jpg,resultado_147.jpg,TRANSVITTE?,Não cadastrado,Não cadastrado,Desconhecido
147.jpg,resultado_147.jpg,RECORLE?,Não cadastrado,Não cadastrado,Desconhecido
147.jpg,resultado_147.jpg,CONTROLLE?,Não cadastrado,Não cadastrado,Desconhecido
147.jpg,resultado_147.jpg,LIFFERENTAL,Não cadastrado,Não cadastrado,Desconhecido
147.jpg,resultado_147.jpg,DIFFERERTAL,Não cadastrado,Não cadastrado,Desconhecido
147.jpg,resultado_147.jpg,AE,Não cadastrado,Não cadastrado,Desconhecido
147.jpg,resultado_147.jpg,ANALYZE? INDIC-TOR,Não cadastrado,Não cadastrado,Desconhecido
147.jpg,resultado_147.jpg,ALTOMATIC / MANLAL-2 POSITION,Não cadastrado,Não cadastrado,Desconhecido
147.jpg,resultado_147.jpg,ANALYZER $-FETY,Não cadastrado,Não cadastrado,Desconhecido
147.jpg,resultado_147.jpg,HICH/C-S,Não cadastrado,Não cadastrado,Desconhecido
147.jpg,resultado_147.jpg,DETECTCR,Não cadastrado,Não cadastrado,Desconhecido
147.jpg,resultado_147.jpg,E-L,Não cadastrado,Não cadastrado,Desconhecido
147.jpg,resultado_147.jpg,BURNER,Não cadastrado,Não cadastrado,Desconhecido
147.jpg,resultado_147.jpg,ALARV LCW,Não cadastrado,Não cadastrado,Desconhecido
147.jpg,resultado_147.jpg,SAFETY,Não cadastrado,Não cadastrado,Desconhecido
147.jpg,resultado_147.jpg,SOLENOID VAVLE,Não cadastrado,Não cadastrado,Desconhecido
147.jpg,resultado_147.jpg,0? ?ELAY,Não cadastrado,Não cadastrado,Desconhecido
147.jpg,resultado_147.jpg,EWERCENCY SHUTDOWN,Não cadastrado,Não cadastrado,Desconhecido
147.jpg,resultado_147.jpg,FLAVE,Não cadastrado,Não cadastrado,Desconhecido
147.jpg,resultado_147.jpg,FLOT ALARK,Não cadastrado,Não cadastrado,Desconhecido
147.jpg,resultado_147.jpg,LCW,Não cadastrado,Não cadastrado,Desconhecido
147.jpg,resultado_147.jpg,FLOW,Não cadastrado,Não cadastrado,Desconhecido
147.jpg,resultado_147.jpg,ELEMEOT,Não cadastrado,Não cadastrado,Desconhecido
147.jpg,resultado_147.jpg,FLC   INDICATINC CONTROLLER,Não cadastrado,Não cadastrado,Desconhecido
147.jpg,resultado_147.jpg,FLOT (RESTRICTION),Não cadastrado,Não cadastrado,Desconhecido
147.jpg,resultado_147.jpg,LOW RECORCER,Não cadastrado,Não cadastrado,Desconhecido
147.jpg,resultado_147.jpg,TTCH,Não cadastrado,Não cadastrado,Desconhecido
147.jpg,resultado_147.jpg,FLOR S-FET,Não cadastrado,Não cadastrado,Desconhecido
147.jpg,resultado_147.jpg,FLOT SAFETY,Não cadastrado,Não cadastrado,Desconhecido
147.jpg,resultado_147.jpg,HIGH AND,Não cadastrado,Não cadastrado,Desconhecido
147.jpg,resultado_147.jpg,TRANSMITER,Não cadastrado,Não cadastrado,Desconhecido
147.jpg,resultado_147.jpg,MEK (VANES),Não cadastrado,Não cadastrado,Desconhecido
147.jpg,resultado_147.jpg,SOLENOID VALVE OR,Não cadastrado,Não cadastrado,Desconhecido
147.jpg,resultado_147.jpg,HAND INDIC-TINC CCNTROLLER,Não cadastrado,Não cadastrado,Desconhecido
147.jpg,resultado_147.jpg,(MAVUAL LOADING ST-TON;,Não cadastrado,Não cadastrado,Desconhecido
147.jpg,resultado_147.jpg,(HANO_OFF_AUTO},Não cadastrado,Não cadastrado,Desconhecido
147.jpg,resultado_147.jpg,VELEYATO,Não cadastrado,Não cadastrado,Desconhecido
147.jpg,resultado_147.jpg,TO HVEHWATIC,Não cadastrado,Não cadastrado,Desconhecido
147.jpg,resultado_147.jpg,TRANSDUCER,Não cadastrado,Não cadastrado,Desconhecido
147.jpg,resultado_147.jpg,AHH,Não cadastrado,Não cadastrado,Desconhecido
147.jpg,resultado_147.jpg,ALARN LCW,Não cadastrado,Não cadastrado,Desconhecido
147.jpg,resultado_147.jpg,HICH (SWTTCH),Não cadastrado,Não cadastrado,Desconhecido
147.jpg,resultado_147.jpg,CONTROL LOW,Não cadastrado,Não cadastrado,Desconhecido
147.jpg,resultado_147.jpg,(SWITCH},Não cadastrado,Não cadastrado,Desconhecido
147.jpg,resultado_147.jpg,SNITCH HICH HICH,Não cadastrado,Não cadastrado,Desconhecido
147.jpg,resultado_147.jpg,EXEL,Não cadastrado,Não cadastrado,Desconhecido
147.jpg,resultado_147.jpg,'SITCH LOW,Não cadastrado,Não cadastrado,Desconhecido
147.jpg,resultado_147.jpg,SOLENDID VALVE OR RELAY,Não cadastrado,Não cadastrado,Desconhecido
147.jpg,resultado_147.jpg,MFP,Não cadastrado,Não cadastrado,Desconhecido
147.jpg,resultado_147.jpg,MOTION/PNEJMATIC,Não cadastrado,Não cadastrado,Desconhecido
147.jpg,resultado_147.jpg,TRANSJUCER,Não cadastrado,Não cadastrado,Desconhecido
147.jpg,resultado_147.jpg,TRARSMMTER,Não cadastrado,Não cadastrado,Desconhecido
147.jpg,resultado_147.jpg,(SWTTCH),Não cadastrado,Não cadastrado,Desconhecido
147.jpg,resultado_147.jpg,FEENT,Não cadastrado,Não cadastrado,Desconhecido
147.jpg,resultado_147.jpg,(RESTRICTION_,Não cadastrado,Não cadastrado,Desconhecido
147.jpg,resultado_147.jpg,CORROSION,Não cadastrado,Não cadastrado,Desconhecido
147.jpg,resultado_147.jpg,CN GQUPCN,Não cadastrado,Não cadastrado,Desconhecido
147.jpg,resultado_147.jpg,CHOKESICAL,Não cadastrado,Não cadastrado,Desconhecido
147.jpg,resultado_147.jpg,NCV-PROCRAKVARLE DEVICE,Não cadastrado,Não cadastrado,Desconhecido
147.jpg,resultado_147.jpg,FIPUL,Não cadastrado,Não cadastrado,Desconhecido
147.jpg,resultado_147.jpg,SEE INSTRUMENTATON IDENTFIC-TIC: LETTERS,Não cadastrado,Não cadastrado,Desconhecido
147.jpg,resultado_147.jpg,LOC- INDENTIACATON `UMBER,Não cadastrado,Não cadastrado,Desconhecido
147.jpg,resultado_147.jpg,VEASUREMET AND CONTTOL,Não cadastrado,Não cadastrado,Desconhecido
147.jpg,resultado_147.jpg,TRE-TINS,Não cadastrado,Não cadastrado,Desconhecido
147.jpg,resultado_147.jpg,HE-TING,Não cadastrado,Não cadastrado,Desconhecido
147.jpg,resultado_147.jpg,0-0/99,Não cadastrado,Não cadastrado,Desconhecido
147.jpg,resultado_147.jpg,~ICE ATION,Não cadastrado,Não cadastrado,Desconhecido
147.jpg,resultado_147.jpg,O8C3-0899,Não cadastrado,Não cadastrado,Desconhecido
147.jpg,resultado_147.jpg,JVTE,Não cadastrado,Não cadastrado,Desconhecido
147.jpg,resultado_147.jpg,1099X COMPRESSCR,Não cadastrado,Não cadastrado,Desconhecido
147.jpg,resultado_147.jpg,EECTKONIC: DEMCE IENTIFIC-TION,Não cadastrado,Não cadastrado,Desconhecido
147.jpg,resultado_147.jpg,CISTRIEUTME CONTRCL SYSTEM,Não cadastrado,Não cadastrado,Desconhecido
147.jpg,resultado_147.jpg,CONTRCLLER,Não cadastrado,Não cadastrado,Desconhecido
147.jpg,resultado_147.jpg,REMCTE TELEMETRY,Não cadastrado,Não cadastrado,Desconhecido
147.jpg,resultado_147.jpg,@ECTXONIC INPUT;OUPUT TYPE,Não cadastrado,Não cadastrado,Desconhecido
147.jpg,resultado_147.jpg,ANALOG INPU,Não cadastrado,Não cadastrado,Desconhecido
147.jpg,resultado_147.jpg,DICITAL INPUT,Não cadastrado,Não cadastrado,Desconhecido
147.jpg,resultado_147.jpg,DICITAL QUPU,Não cadastrado,Não cadastrado,Desconhecido
147.jpg,resultado_147.jpg,HISH,Não cadastrado,Não cadastrado,Desconhecido
147.jpg,resultado_147.jpg,EED CQUNTER,Não cadastrado,Não cadastrado,Desconhecido
147.jpg,resultado_147.jpg,PLE-TEEPERAT RE,Não cadastrado,Não cadastrado,Desconhecido
147.jpg,resultado_147.jpg,DEMICE,Não cadastrado,Não cadastrado,Desconhecido
147.jpg,resultado_147.jpg,SERIAL LINK,Não cadastrado,Não cadastrado,Desconhecido
147.jpg,resultado_147.jpg,THERVOCOUFLE,Não cadastrado,Não cadastrado,Desconhecido
147.jpg,resultado_147.jpg,R-CK /CARD INDENTIFIC-TICN,Não cadastrado,Não cadastrado,Desconhecido
147.jpg,resultado_147.jpg,AL-HL_NUMEKIC SCHEVE PER DEVICE TYFE,Não cadastrado,Não cadastrado,Desconhecido
147.jpg,resultado_147.jpg,'R1/5?',Não cadastrado,Não cadastrado,Desconhecido
147.jpg,resultado_147.jpg,"SLOT ?,",Não cadastrado,Não cadastrado,Desconhecido
147.jpg,resultado_147.jpg,TERMINATON INDENTIACATON,Não cadastrado,Não cadastrado,Desconhecido
147.jpg,resultado_147.jpg,CC TRCL CENTER PANEL,Não cadastrado,Não cadastrado,Desconhecido
147.jpg,resultado_147.jpg,VAN CONTRCL CENTE? PANEL,Não cadastrado,Não cadastrado,Desconhecido
147.jpg,resultado_147.jpg,CONTPOI,Não cadastrado,Não cadastrado,Desconhecido
147.jpg,resultado_147.jpg,UTUTY CONTROL CENTER,Não cadastrado,Não cadastrado,Desconhecido
147.jpg,resultado_147.jpg,ALPHAFENC,Não cadastrado,Não cadastrado,Desconhecido
147.jpg,resultado_147.jpg,CHARACIER,Não cadastrado,Não cadastrado,Desconhecido
147.jpg,resultado_147.jpg,NULERIC CHARACTER,Não cadastrado,Não cadastrado,Desconhecido
147.jpg,resultado_147.jpg,HICH SPEED COUNTER,Não cadastrado,Não cadastrado,Desconhecido
147.jpg,resultado_147.jpg,INPUT/OUTPUT,Não cadastrado,Não cadastrado,Desconhecido
147.jpg,resultado_147.jpg,CONTRCLER,Não cadastrado,Não cadastrado,Desconhecido
147.jpg,resultado_147.jpg,INPUT {OUTPUT,Não cadastrado,Não cadastrado,Desconhecido
147.jpg,resultado_147.jpg,IDENTFIC-TION,Não cadastrado,Não cadastrado,Desconhecido
147.jpg,resultado_147.jpg,COMPRESSCR,Não cadastrado,Não cadastrado,Desconhecido
147.jpg,resultado_147.jpg,COVPRESSOR,Não cadastrado,Não cadastrado,Desconhecido
147.jpg,resultado_147.jpg,TRE-TIN;,Não cadastrado,Não cadastrado,Desconhecido
147.jpg,resultado_147.jpg,HEATING,Não cadastrado,Não cadastrado,Desconhecido
147.jpg,resultado_147.jpg,EPIRATON,Não cadastrado,Não cadastrado,Desconhecido
147.jpg,resultado_147.jpg,RFRICE ATON,Não cadastrado,Não cadastrado,Desconhecido
147.jpg,resultado_147.jpg,0399,Não cadastrado,Não cadastrado,Desconhecido
147.jpg,resultado_147.jpg,VEASUREMEST,Não cadastrado,Não cadastrado,Desconhecido
147.jpg,resultado_147.jpg,IDENTFIC-TICY,Não cadastrado,Não cadastrado,Desconhecido
147.jpg,resultado_147.jpg,INSTRUEE TATON,Não cadastrado,Não cadastrado,Desconhecido
147.jpg,resultado_147.jpg,LECTRONIC,Não cadastrado,Não cadastrado,Desconhecido
147.jpg,resultado_147.jpg,SIN CLE,Não cadastrado,Não cadastrado,Desconhecido
147.jpg,resultado_147.jpg,SINCLE/MJLT VC DEMCE,Não cadastrado,Não cadastrado,Desconhecido
147.jpg,resultado_147.jpg,MULT-FUSCON,Não cadastrado,Não cadastrado,Desconhecido
147.jpg,resultado_147.jpg,NO -,Não cadastrado,Não cadastrado,Desconhecido
147.jpg,resultado_147.jpg,CCNFIGLR-BLE,Não cadastrado,Não cadastrado,Desconhecido
147.jpg,resultado_147.jpg,MULT I/0,Não cadastrado,Não cadastrado,Desconhecido
147.jpg,resultado_147.jpg,FIELL,Não cadastrado,Não cadastrado,Desconhecido
147.jpg,resultado_147.jpg,FANEL,Não cadastrado,Não cadastrado,Desconhecido
147.jpg,resultado_147.jpg,NORV-LLY -CCESSIBLE,Não cadastrado,Não cadastrado,Desconhecido
147.jpg,resultado_147.jpg,NORVALLY ~CCESSIBLE,Não cadastrado,Não cadastrado,Desconhecido
147.jpg,resultado_147.jpg,CONTROL AND 1/0,Não cadastrado,Não cadastrado,Desconhecido
147.jpg,resultado_147.jpg,NON-DISPL-YED,Não cadastrado,Não cadastrado,Desconhecido
147.jpg,resultado_147.jpg,PRCC*AVVABLE DEVICE,Não cadastrado,Não cadastrado,Desconhecido
147.jpg,resultado_147.jpg,PROCRAVMAPLE,Não cadastrado,Não cadastrado,Desconhecido
147.jpg,resultado_147.jpg,CC FGURARLE,Não cadastrado,Não cadastrado,Desconhecido
147.jpg,resultado_147.jpg,PRUGRA,Não cadastrado,Não cadastrado,Desconhecido
147.jpg,resultado_147.jpg,PRCG AVVABLE,Não cadastrado,Não cadastrado,Desconhecido
147.jpg,resultado_147.jpg,DEICES,Não cadastrado,Não cadastrado,Desconhecido
147.jpg,resultado_147.jpg,LY -CCESSIBLE,Não cadastrado,Não cadastrado,Desconhecido
147.jpg,resultado_147.jpg,LCCAL,Não cadastrado,Não cadastrado,Desconhecido
147.jpg,resultado_147.jpg,~CCESSIELE,Não cadastrado,Não cadastrado,Desconhecido
147.jpg,resultado_147.jpg,PRCSRAVWARLE,Não cadastrado,Não cadastrado,Desconhecido
147.jpg,resultado_147.jpg,NO -CCNAGLR-BLE,Não cadastrado,Não cadastrado,Desconhecido
147.jpg,resultado_147.jpg,BINARY,Não cadastrado,Não cadastrado,Desconhecido
147.jpg,resultado_147.jpg,SIGV-L LINE,Não cadastrado,Não cadastrado,Desconhecido
147.jpg,resultado_147.jpg,PIPINC CLASS,Não cadastrado,Não cadastrado,Desconhecido
147.jpg,resultado_147.jpg,CHANCE,Não cadastrado,Não cadastrado,Desconhecido
147.jpg,resultado_147.jpg,UNE,Não cadastrado,Não cadastrado,Desconhecido
147.jpg,resultado_147.jpg,FLIND,Não cadastrado,Não cadastrado,Desconhecido
147.jpg,resultado_147.jpg,SECONDARY LINE,Não cadastrado,Não cadastrado,Desconhecido
147.jpg,resultado_147.jpg,CLEED,Não cadastrado,Não cadastrado,Desconhecido
147.jpg,resultado_147.jpg,RINC,Não cadastrado,Não cadastrado,Desconhecido
147.jpg,resultado_147.jpg,PVEUMATIC CONTROL,Não cadastrado,Não cadastrado,Desconhecido
147.jpg,resultado_147.jpg,(INSTR;,Não cadastrado,Não cadastrado,Desconhecido
147.jpg,resultado_147.jpg,ELIND SLI?,Não cadastrado,Não cadastrado,Desconhecido
147.jpg,resultado_147.jpg,SHEET,Não cadastrado,Não cadastrado,Desconhecido
147.jpg,resultado_147.jpg,CONTNUED TO PANEL,Não cadastrado,Não cadastrado,Desconhecido
147.jpg,resultado_147.jpg,~EKSONNEL,Não cadastrado,Não cadastrado,Desconhecido
147.jpg,resultado_147.jpg,EARRIEX,Não cadastrado,Não cadastrado,Desconhecido
147.jpg,resultado_147.jpg,SKID OR,Não cadastrado,Não cadastrado,Desconhecido
147.jpg,resultado_147.jpg,PACKACE UVITS,Não cadastrado,Não cadastrado,Desconhecido
147.jpg,resultado_147.jpg,(THICKNESS AS,Não cadastrado,Não cadastrado,Desconhecido
147.jpg,resultado_147.jpg,NOTED},Não cadastrado,Não cadastrado,Desconhecido
147.jpg,resultado_147.jpg,FNGLE VALVE,Não cadastrado,Não cadastrado,Desconhecido
147.jpg,resultado_147.jpg,QUICK_EREAK CONNECTION,Não cadastrado,Não cadastrado,Desconhecido
147.jpg,resultado_147.jpg,(UNIFOLT;,Não cadastrado,Não cadastrado,Desconhecido
147.jpg,resultado_147.jpg,GRAYLOC;,Não cadastrado,Não cadastrado,Desconhecido
147.jpg,resultado_147.jpg,ETC .,Não cadastrado,Não cadastrado,Desconhecido
147.jpg,resultado_147.jpg,BUTTERFLY,Não cadastrado,Não cadastrado,Desconhecido
147.jpg,resultado_147.jpg,YALVE,Não cadastrado,Não cadastrado,Desconhecido
147.jpg,resultado_147.jpg,ST-TIC,Não cadastrado,Não cadastrado,Desconhecido
147.jpg,resultado_147.jpg,VIXER,Não cadastrado,Não cadastrado,Desconhecido
147.jpg,resultado_147.jpg,CONTROL VALVE #/DIAPHRACN,Não cadastrado,Não cadastrado,Desconhecido
147.jpg,resultado_147.jpg,OPE?.,Não cadastrado,Não cadastrado,Desconhecido
147.jpg,resultado_147.jpg,GAUGE VALVE,Não cadastrado,Não cadastrado,Desconhecido
147.jpg,resultado_147.jpg,(ANDERSCN GFEENSWOCD),Não cadastrado,Não cadastrado,Desconhecido
147.jpg,resultado_147.jpg,THERKAL TYPE FLOW,Não cadastrado,Não cadastrado,Desconhecido
147.jpg,resultado_147.jpg,DAMPENER,Não cadastrado,Não cadastrado,Desconhecido
147.jpg,resultado_147.jpg,VALVE (PILOT OPERATE)),Não cadastrado,Não cadastrado,Desconhecido
147.jpg,resultado_147.jpg,KELIF,Não cadastrado,Não cadastrado,Desconhecido
147.jpg,resultado_147.jpg,VALVE (SPRING,Não cadastrado,Não cadastrado,Desconhecido
147.jpg,resultado_147.jpg,OPERATEL},Não cadastrado,Não cadastrado,Desconhecido
147.jpg,resultado_147.jpg,PRESSURE_VACUWM VENT,Não cadastrado,Não cadastrado,Desconhecido
147.jpg,resultado_147.jpg,PRESSURE VACUUV RELIEF VALVE,Não cadastrado,Não cadastrado,Desconhecido
147.jpg,resultado_147.jpg,SELF CONTAINED PRESSURE CONTROL,Não cadastrado,Não cadastrado,Desconhecido
147.jpg,resultado_147.jpg,(RECULATOR},Não cadastrado,Não cadastrado,Desconhecido
147.jpg,resultado_147.jpg,{DOUBLE,Não cadastrado,Não cadastrado,Desconhecido
147.jpg,resultado_147.jpg,ACTHG,Não cadastrado,Não cadastrado,Desconhecido
147.jpg,resultado_147.jpg,ACTJATOR,Não cadastrado,Não cadastrado,Desconhecido
147.jpg,resultado_147.jpg,MOTOR OPERATED,Não cadastrado,Não cadastrado,Desconhecido
147.jpg,resultado_147.jpg,THREE WAY INSTRUVENT VALVE,Não cadastrado,Não cadastrado,Desconhecido
147.jpg,resultado_147.jpg,[NSTRUKENT VALVE,Não cadastrado,Não cadastrado,Desconhecido
147.jpg,resultado_147.jpg,ADJUSTAPLE CHOKE,Não cadastrado,Não cadastrado,Desconhecido
147.jpg,resultado_147.jpg,POSMVE,Não cadastrado,Não cadastrado,Desconhecido
147.jpg,resultado_147.jpg,CHCKE,Não cadastrado,Não cadastrado,Desconhecido
147.jpg,resultado_147.jpg,SAMPLER,Não cadastrado,Não cadastrado,Desconhecido
147.jpg,resultado_147.jpg,PITOT,Não cadastrado,Não cadastrado,Desconhecido
147.jpg,resultado_147.jpg,TUDE TYPE,Não cadastrado,Não cadastrado,Desconhecido
147.jpg,resultado_147.jpg,ELEVENT,Não cadastrado,Não cadastrado,Desconhecido
147.jpg,resultado_147.jpg,CHANCE ORIAICE FITTING (SENICR},Não cadastrado,Não cadastrado,Desconhecido
147.jpg,resultado_147.jpg,CFIFICE PL-TE 3ETWEEN,Não cadastrado,Não cadastrado,Desconhecido
147.jpg,resultado_147.jpg,FLANGES (JUNICR],Não cadastrado,Não cadastrado,Desconhecido
147.jpg,resultado_147.jpg,WETER,Não cadastrado,Não cadastrado,Desconhecido
147.jpg,resultado_147.jpg,DOUELE -CTNG,Não cadastrado,Não cadastrado,Desconhecido
147.jpg,resultado_147.jpg,{ORWAL SERMCE,Não cadastrado,Não cadastrado,Desconhecido
147.jpg,resultado_147.jpg,NCTE,Não cadastrado,Não cadastrado,Desconhecido
147.jpg,resultado_147.jpg,PCRT INLICATES,Não cadastrado,Não cadastrado,Desconhecido
147.jpg,resultado_147.jpg,STRAICHTENING,Não cadastrado,Não cadastrado,Desconhecido
147.jpg,resultado_147.jpg,ADJUSTAPLE,Não cadastrado,Não cadastrado,Desconhecido
147.jpg,resultado_147.jpg,NNSTRUKENT,Não cadastrado,Não cadastrado,Desconhecido
147.jpg,resultado_147.jpg,INSTRUMENT,Não cadastrado,Não cadastrado,Desconhecido
147.jpg,resultado_147.jpg,RECULATOR,Não cadastrado,Não cadastrado,Desconhecido
147.jpg,resultado_147.jpg,GREE SWOD,Não cadastrado,Não cadastrado,Desconhecido
147.jpg,resultado_147.jpg,(ANDERSCN,Não cadastrado,Não cadastrado,Desconhecido
147.jpg,resultado_147.jpg,{DIAPHRACN,Não cadastrado,Não cadastrado,Desconhecido
147.jpg,resultado_147.jpg,(THICKNESS,Não cadastrado,Não cadastrado,Desconhecido
147.jpg,resultado_147.jpg,PEKSONNEL,Não cadastrado,Não cadastrado,Desconhecido
147.jpg,resultado_147.jpg,CCN TNUED,Não cadastrado,Não cadastrado,Desconhecido
147.jpg,resultado_147.jpg,ARRESTOR /SPARK,Não cadastrado,Não cadastrado,Desconhecido
147.jpg,resultado_147.jpg,SECCNDARY,Não cadastrado,Não cadastrado,Desconhecido
147.jpg,resultado_147.jpg,SICNAL/SUPPL,Não cadastrado,Não cadastrado,Desconhecido
147.jpg,resultado_147.jpg,PUNPS,Não cadastrado,Não cadastrado,Desconhecido
147.jpg,resultado_147.jpg,DIACHRACU /PISTON,Não cadastrado,Não cadastrado,Desconhecido
147.jpg,resultado_147.jpg,FUNF,Não cadastrado,Não cadastrado,Desconhecido
147.jpg,resultado_147.jpg,G45,Não cadastrado,Não cadastrado,Desconhecido
147.jpg,resultado_147.jpg,NOTCR,Não cadastrado,Não cadastrado,Desconhecido
147.jpg,resultado_147.jpg,RECIPKOC-TNG,Não cadastrado,Não cadastrado,Desconhecido
147.jpg,resultado_147.jpg,"SCRE""",Não cadastrado,Não cadastrado,Desconhecido
147.jpg,resultado_147.jpg,POSITIVE LISFLACEKENT,Não cadastrado,Não cadastrado,Desconhecido
147.jpg,resultado_147.jpg,NCELNEQUS,Não cadastrado,Não cadastrado,Desconhecido
147.jpg,resultado_147.jpg,OPEN  DRAIN,Não cadastrado,Não cadastrado,Desconhecido
147.jpg,resultado_147.jpg,UGHT,Não cadastrado,Não cadastrado,Desconhecido
147.jpg,resultado_147.jpg,WATER STATION,Não cadastrado,Não cadastrado,Desconhecido
147.jpg,resultado_147.jpg,NCELLNEQUS,Não cadastrado,Não cadastrado,Desconhecido
147.jpg,resultado_147.jpg,CISFLACEKENT,Não cadastrado,Não cadastrado,Desconhecido
147.jpg,resultado_147.jpg,RECIFKOC-TNG,Não cadastrado,Não cadastrado,Desconhecido
147.jpg,resultado_147.jpg,DBLERS,Não cadastrado,Não cadastrado,Desconhecido
147.jpg,resultado_147.jpg,IVECTSRL,Não cadastrado,Não cadastrado,Desconhecido
147.jpg,resultado_147.jpg,ELEC -,Não cadastrado,Não cadastrado,Desconhecido
147.jpg,resultado_147.jpg,NSTRUMENTATION_IDENTIICATION,Não cadastrado,Não cadastrado,Desconhecido
147.jpg,resultado_147.jpg,LETTERS,Não cadastrado,Não cadastrado,Desconhecido
147.jpg,resultado_147.jpg,(USED INSIDE INSTRUMENT AALLOONS,Não cadastrado,Não cadastrado,Desconhecido
147.jpg,resultado_147.jpg,0? |D,Não cadastrado,Não cadastrado,Desconhecido
147.jpg,resultado_147.jpg,INSTRUKENT,Não cadastrado,Não cadastrado,Desconhecido
147.jpg,resultado_147.jpg,ELECTRONIC_DEVCE,Não cadastrado,Não cadastrado,Desconhecido
147.jpg,resultado_147.jpg,DENTICATION,Não cadastrado,Não cadastrado,Desconhecido
147.jpg,resultado_147.jpg,SONIROL,Não cadastrado,Não cadastrado,Desconhecido
147.jpg,resultado_147.jpg,ELECTRONIC_DEVICE_IDENTICATION,Não cadastrado,Não cadastrado,Desconhecido
147.jpg,resultado_147.jpg,OWSHEET,Não cadastrado,Não cadastrado,Desconhecido
147.jpg,resultado_147.jpg,EQUPMENT,Não cadastrado,Não cadastrado,Desconhecido
147.jpg,resultado_147.jpg,EQUEMENT,Não cadastrado,Não cadastrado,Desconhecido
148.jpg,resultado_148.jpg,PIC,Não cadastrado,Não cadastrado,Desconhecido
148.jpg,resultado_148.jpg,PNEUMATIC,Não cadastrado,Não cadastrado,Desconhecido
148.jpg,resultado_148.jpg,103,Não cadastrado,Não cadastrado,Desconhecido
148.jpg,resultado_148.jpg,CONTROLLER,Não cadastrado,Não cadastrado,Desconhecido
148.jpg,resultado_148.jpg,PRESSURE,Não cadastrado,Não cadastrado,Desconhecido
148.jpg,resultado_148.jpg,PT,Não cadastrado,Não cadastrado,Desconhecido
148.jpg,resultado_148.jpg,TRANSMITTER,Não cadastrado,Não cadastrado,Desconhecido
148.jpg,resultado_148.jpg,CONTROL VALVE,Não cadastrado,Não cadastrado,Desconhecido
148.jpg,resultado_148.jpg,PV,Não cadastrado,Não cadastrado,Desconhecido
148.jpg,resultado_148.jpg,PRESSURE VALVE,Não cadastrado,Não cadastrado,Desconhecido
148.jpg,resultado_148.jpg,FAIL OPEN (FO),Não cadastrado,Não cadastrado,Desconhecido
148.jpg,resultado_148.jpg,FO,Fail Open,Falha de Válvula,Identificado
148.jpg,resultado_148.jpg,0,Não cadastrado,Não cadastrado,Desconhecido
148.jpg,resultado_148.jpg,E,Não cadastrado,Não cadastrado,Desconhecido
148.jpg,resultado_148.jpg,P,Não cadastrado,Não cadastrado,Desconhecido
148.jpg,resultado_148.jpg,A,Não cadastrado,Não cadastrado,Desconhecido
148.jpg,resultado_148.jpg,VE,Não cadastrado,Não cadastrado,Desconhecido
148.jpg,resultado_148.jpg,M,Não cadastrado,Não cadastrado,Desconhecido
148.jpg,resultado_148.jpg,TT,Não cadastrado,Não cadastrado,Desconhecido
148.jpg,resultado_148.jpg,RESSURE,Não cadastrado,Não cadastrado,Desconhecido
148.jpg,resultado_148.jpg,SMITTER,Não cadastrado,Não cadastrado,Desconhecido
148.jpg,resultado_148.jpg,CONTROL VZ,Não cadastrado,Não cadastrado,Desconhecido
148.jpg,resultado_148.jpg,FAIL OPEN,Não cadastrado,Não cadastrado,Desconhecido
148.jpg,resultado_148.jpg,T,Não cadastrado,Não cadastrado,Desconhecido
148.jpg,resultado_148.jpg,3,Não cadastrado,Não cadastrado,Desconhecido
149.jpg,resultado_149.jpg,FY,Não cadastrado,Não cadastrado,Desconhecido
149.jpg,resultado_149.jpg,14,Não cadastrado,Não cadastrado,Desconhecido
149.jpg,resultado_149.jpg,3-15,Não cadastrado,Não cadastrado,Desconhecido
149.jpg,resultado_149.jpg,0-10 V,Não cadastrado,Não cadastrado,Desconhecido
149.jpg,resultado_149.jpg,4-20 MA,Não cadastrado,Não cadastrado,Desconhecido
149.jpg,resultado_149.jpg,FC,Fail Close,Falha de Válvula,Identificado
149.jpg,resultado_149.jpg,PSI,Não cadastrado,Não cadastrado,Desconhecido
149.jpg,resultado_149.jpg,4,Não cadastrado,Não cadastrado,Desconhecido
150.jpg,resultado_150.jpg,3-15,Não cadastrado,Não cadastrado,Desconhecido
150.jpg,resultado_150.jpg,4-20 MA,Não cadastrado,Não cadastrado,Desconhecido
150.jpg,resultado_150.jpg,PY,Não cadastrado,Não cadastrado,Desconhecido
150.jpg,resultado_150.jpg,19,Não cadastrado,Não cadastrado,Desconhecido
150.jpg,resultado_150.jpg,NS,Não cadastrado,Não cadastrado,Desconhecido
150.jpg,resultado_150.jpg,FV,Não cadastrado,Não cadastrado,Desconhecido
150.jpg,resultado_150.jpg,FF,Não cadastrado,Não cadastrado,Desconhecido
150.jpg,resultado_150.jpg,FT,Não cadastrado,Não cadastrado,Desconhecido
150.jpg,resultado_150.jpg,16,Não cadastrado,Não cadastrado,Desconhecido
150.jpg,resultado_150.jpg,MATERIAL A,Não cadastrado,Não cadastrado,Desconhecido
150.jpg,resultado_150.jpg,LIC,Não cadastrado,Não cadastrado,Desconhecido
150.jpg,resultado_150.jpg,11,Não cadastrado,Não cadastrado,Desconhecido
150.jpg,resultado_150.jpg,15,Não cadastrado,Não cadastrado,Desconhecido
150.jpg,resultado_150.jpg,S,Não cadastrado,Não cadastrado,Desconhecido
150.jpg,resultado_150.jpg,PT,Não cadastrado,Não cadastrado,Desconhecido
150.jpg,resultado_150.jpg,MATERIAL B,Não cadastrado,Não cadastrado,Desconhecido
150.jpg,resultado_150.jpg,LT,Não cadastrado,Não cadastrado,Desconhecido
150.jpg,resultado_150.jpg,PSV,Não cadastrado,Não cadastrado,Desconhecido
150.jpg,resultado_150.jpg,14,Não cadastrado,Não cadastrado,Desconhecido
150.jpg,resultado_150.jpg,TV,Não cadastrado,Não cadastrado,Desconhecido
150.jpg,resultado_150.jpg,TE,Não cadastrado,Não cadastrado,Desconhecido
150.jpg,resultado_150.jpg,10,Não cadastrado,Não cadastrado,Desconhecido
150.jpg,resultado_150.jpg,SS,Não cadastrado,Não cadastrado,Desconhecido
150.jpg,resultado_150.jpg,MATERIAL,Não cadastrado,Não cadastrado,Desconhecido
150.jpg,resultado_150.jpg,~Z,Não cadastrado,Não cadastrado,Desconhecido
150.jpg,resultado_150.jpg,FLOW CONTROL,Não cadastrado,Não cadastrado,Desconhecido
150.jpg,resultado_150.jpg,PSI,Não cadastrado,Não cadastrado,Desconhecido
150.jpg,resultado_150.jpg,3-15 PSI,Não cadastrado,Não cadastrado,Desconhecido
151.jpg,resultado_151.jpg,003,Não cadastrado,Não cadastrado,Desconhecido
151.jpg,resultado_151.jpg,"T-1001,3",Não cadastrado,Não cadastrado,Desconhecido
151.jpg,resultado_151.jpg,GEREROL NOTES,Não cadastrado,Não cadastrado,Desconhecido
151.jpg,resultado_151.jpg,REBOILER,Não cadastrado,Não cadastrado,Desconhecido
151.jpg,resultado_151.jpg,FRACTIONATING,Não cadastrado,Não cadastrado,Desconhecido
151.jpg,resultado_151.jpg,TOWER,Não cadastrado,Não cadastrado,Desconhecido
151.jpg,resultado_151.jpg,SHELL:,Não cadastrado,Não cadastrado,Desconhecido
151.jpg,resultado_151.jpg,150,Não cadastrado,Não cadastrado,Desconhecido
151.jpg,resultado_151.jpg,PSIG,Não cadastrado,Não cadastrado,Desconhecido
151.jpg,resultado_151.jpg,@200F,Não cadastrado,Não cadastrado,Desconhecido
151.jpg,resultado_151.jpg,"6'_0""",Não cadastrado,Não cadastrado,Desconhecido
151.jpg,resultado_151.jpg,40'_0',Não cadastrado,Não cadastrado,Desconhecido
151.jpg,resultado_151.jpg,T/T,Não cadastrado,Não cadastrado,Desconhecido
151.jpg,resultado_151.jpg,CONNECT,Não cadastrado,Não cadastrado,Desconhecido
151.jpg,resultado_151.jpg,TOP,Não cadastrado,Não cadastrado,Desconhecido
151.jpg,resultado_151.jpg,OF,Não cadastrado,Não cadastrado,Desconhecido
151.jpg,resultado_151.jpg,LINE.,Não cadastrado,Não cadastrado,Desconhecido
151.jpg,resultado_151.jpg,TUBE:,Não cadastrado,Não cadastrado,Desconhecido
151.jpg,resultado_151.jpg,120 PSIG,Não cadastrado,Não cadastrado,Desconhecido
151.jpg,resultado_151.jpg,9200*F,Não cadastrado,Não cadastrado,Desconhecido
151.jpg,resultado_151.jpg,20110,Não cadastrado,Não cadastrado,Desconhecido
151.jpg,resultado_151.jpg,PV10014 NB,Não cadastrado,Não cadastrado,Desconhecido
151.jpg,resultado_151.jpg,10120,Não cadastrado,Não cadastrado,Desconhecido
151.jpg,resultado_151.jpg,SET,Não cadastrado,Não cadastrado,Desconhecido
151.jpg,resultado_151.jpg,"""''",Não cadastrado,Não cadastrado,Desconhecido
151.jpg,resultado_151.jpg,CSO,Não cadastrado,Não cadastrado,Desconhecido
151.jpg,resultado_151.jpg,"6""_S1",Não cadastrado,Não cadastrado,Desconhecido
151.jpg,resultado_151.jpg,30012,Não cadastrado,Não cadastrado,Desconhecido
151.jpg,resultado_151.jpg,EXISTING,Não cadastrado,Não cadastrado,Desconhecido
151.jpg,resultado_151.jpg,C5,Não cadastrado,Não cadastrado,Desconhecido
151.jpg,resultado_151.jpg,10025,Não cadastrado,Não cadastrado,Desconhecido
151.jpg,resultado_151.jpg,XRP,Não cadastrado,Não cadastrado,Desconhecido
151.jpg,resultado_151.jpg,S1,Não cadastrado,Não cadastrado,Desconhecido
151.jpg,resultado_151.jpg,10115,Não cadastrado,Não cadastrado,Desconhecido
151.jpg,resultado_151.jpg,OSBL,Não cadastrado,Não cadastrado,Desconhecido
151.jpg,resultado_151.jpg,SBL,Não cadastrado,Não cadastrado,Desconhecido
151.jpg,resultado_151.jpg,03/01,Não cadastrado,Não cadastrado,Desconhecido
151.jpg,resultado_151.jpg,8,Não cadastrado,Não cadastrado,Desconhecido
151.jpg,resultado_151.jpg,T_10013,Não cadastrado,Não cadastrado,Desconhecido
151.jpg,resultado_151.jpg,3,Não cadastrado,Não cadastrado,Desconhecido
151.jpg,resultado_151.jpg,2,Não cadastrado,Não cadastrado,Desconhecido
151.jpg,resultado_151.jpg,"10""",Não cadastrado,Não cadastrado,Desconhecido
151.jpg,resultado_151.jpg,10',Não cadastrado,Não cadastrado,Desconhecido
151.jpg,resultado_151.jpg,TSO,Não cadastrado,Não cadastrado,Desconhecido
151.jpg,resultado_151.jpg,12',Não cadastrado,Não cadastrado,Desconhecido
151.jpg,resultado_151.jpg,10,Não cadastrado,Não cadastrado,Desconhecido
151.jpg,resultado_151.jpg,C3_P_?,Não cadastrado,Não cadastrado,Desconhecido
151.jpg,resultado_151.jpg,FROM OF--PI OT,Não cadastrado,Não cadastrado,Desconhecido
151.jpg,resultado_151.jpg,HC,Não cadastrado,Não cadastrado,Desconhecido
151.jpg,resultado_151.jpg,1.5,Não cadastrado,Não cadastrado,Desconhecido
151.jpg,resultado_151.jpg,12,Não cadastrado,Não cadastrado,Desconhecido
151.jpg,resultado_151.jpg,1/2,Não cadastrado,Não cadastrado,Desconhecido
151.jpg,resultado_151.jpg,: . `,Não cadastrado,Não cadastrado,Desconhecido
151.jpg,resultado_151.jpg,1/2',Não cadastrado,Não cadastrado,Desconhecido
151.jpg,resultado_151.jpg,TRIP,Não cadastrado,Não cadastrado,Desconhecido
151.jpg,resultado_151.jpg,RESET,Não cadastrado,Não cadastrado,Desconhecido
151.jpg,resultado_151.jpg,4,Não cadastrado,Não cadastrado,Desconhecido
151.jpg,resultado_151.jpg,10056,Não cadastrado,Não cadastrado,Desconhecido
151.jpg,resultado_151.jpg,30010,Não cadastrado,Não cadastrado,Desconhecido
151.jpg,resultado_151.jpg,S1-_S,Não cadastrado,Não cadastrado,Desconhecido
151.jpg,resultado_151.jpg,0034,Não cadastrado,Não cadastrado,Desconhecido
151.jpg,resultado_151.jpg,TS0,Não cadastrado,Não cadastrado,Desconhecido
151.jpg,resultado_151.jpg,~S1-P_?,Não cadastrado,Não cadastrado,Desconhecido
151.jpg,resultado_151.jpg,IAS,Não cadastrado,Não cadastrado,Desconhecido
151.jpg,resultado_151.jpg,OWS,Não cadastrado,Não cadastrado,Desconhecido
151.jpg,resultado_151.jpg,10018,Não cadastrado,Não cadastrado,Desconhecido
151.jpg,resultado_151.jpg,"8""_S1-P_?",Não cadastrado,Não cadastrado,Desconhecido
151.jpg,resultado_151.jpg,NO_,Não cadastrado,Não cadastrado,Desconhecido
151.jpg,resultado_151.jpg,REVIS ON/ISSUE,Não cadastrado,Não cadastrado,Desconhecido
151.jpg,resultado_151.jpg,DATE,Não cadastrado,Não cadastrado,Desconhecido
151.jpg,resultado_151.jpg,10116,Não cadastrado,Não cadastrado,Desconhecido
151.jpg,resultado_151.jpg,TO V-105,Não cadastrado,Não cadastrado,Desconhecido
151.jpg,resultado_151.jpg,VG_1,Não cadastrado,Não cadastrado,Desconhecido
151.jpg,resultado_151.jpg,DREWIRG,Não cadastrado,Não cadastrado,Desconhecido
151.jpg,resultado_151.jpg,PIP_O1-IO,Não cadastrado,Não cadastrado,Desconhecido
151.jpg,resultado_151.jpg,TEST,Não cadastrado,Não cadastrado,Desconhecido
151.jpg,resultado_151.jpg,P &ID,Não cadastrado,Não cadastrado,Desconhecido
151.jpg,resultado_151.jpg,START,Não cadastrado,Não cadastrado,Desconhecido
151.jpg,resultado_151.jpg,04/02,Não cadastrado,Não cadastrado,Desconhecido
151.jpg,resultado_151.jpg,#444,Não cadastrado,Não cadastrado,Desconhecido
151.jpg,resultado_151.jpg,1,Não cadastrado,Não cadastrado,Desconhecido
151.jpg,resultado_151.jpg,HCA,Não cadastrado,Não cadastrado,Desconhecido
151.jpg,resultado_151.jpg,SP_1002,Não cadastrado,Não cadastrado,Desconhecido
151.jpg,resultado_151.jpg,PIPSAMPLEPROJECT,Não cadastrado,Não cadastrado,Desconhecido
151.jpg,resultado_151.jpg,S/S,Não cadastrado,Não cadastrado,Desconhecido
151.jpg,resultado_151.jpg,SAMPLE,Não cadastrado,Não cadastrado,Desconhecido
151.jpg,resultado_151.jpg,PIP PROJECT,Não cadastrado,Não cadastrado,Desconhecido
151.jpg,resultado_151.jpg,111,Não cadastrado,Não cadastrado,Desconhecido
151.jpg,resultado_151.jpg,MCLNNIS PKWY.,Não cadastrado,Não cadastrado,Desconhecido
151.jpg,resultado_151.jpg,SAN,Não cadastrado,Não cadastrado,Desconhecido
151.jpg,resultado_151.jpg,RAFCEL,Não cadastrado,Não cadastrado,Desconhecido
151.jpg,resultado_151.jpg,CCLIFORNIA,Não cadastrado,Não cadastrado,Desconhecido
151.jpg,resultado_151.jpg,####,Não cadastrado,Não cadastrado,Desconhecido
151.jpg,resultado_151.jpg,T-100  BOTTOVS,Não cadastrado,Não cadastrado,Desconhecido
151.jpg,resultado_151.jpg,PUVP,Não cadastrado,Não cadastrado,Desconhecido
151.jpg,resultado_151.jpg,DREWIRA,Não cadastrado,Não cadastrado,Desconhecido
151.jpg,resultado_151.jpg,PIP_,Não cadastrado,Não cadastrado,Desconhecido
151.jpg,resultado_151.jpg,101,Não cadastrado,Não cadastrado,Desconhecido
151.jpg,resultado_151.jpg,TOH,Não cadastrado,Não cadastrado,Desconhecido
151.jpg,resultado_151.jpg,FROM,Não cadastrado,Não cadastrado,Desconhecido
151.jpg,resultado_151.jpg,DREWIRIG,Não cadastrado,Não cadastrado,Desconhecido
151.jpg,resultado_151.jpg,PIP-01-101,Não cadastrado,Não cadastrado,Desconhecido
151.jpg,resultado_151.jpg,EUNOR,Não cadastrado,Não cadastrado,Desconhecido
151.jpg,resultado_151.jpg,SCMPLE,Não cadastrado,Não cadastrado,Desconhecido
151.jpg,resultado_151.jpg,PIP,Não cadastrado,Não cadastrado,Desconhecido
151.jpg,resultado_151.jpg,PROJECT,Não cadastrado,Não cadastrado,Desconhecido
151.jpg,resultado_151.jpg,SCN,Não cadastrado,Não cadastrado,Desconhecido
151.jpg,resultado_151.jpg,NEME,Não cadastrado,Não cadastrado,Desconhecido
151.jpg,resultado_151.jpg,P&ID,Não cadastrado,Não cadastrado,Desconhecido
151.jpg,resultado_151.jpg,STA,Não cadastrado,Não cadastrado,Desconhecido
151.jpg,resultado_151.jpg,. ',Não cadastrado,Não cadastrado,Desconhecido
151.jpg,resultado_151.jpg,"12""_",Não cadastrado,Não cadastrado,Desconhecido
151.jpg,resultado_151.jpg,1.5',Não cadastrado,Não cadastrado,Desconhecido
153.jpg,resultado_153.jpg,3RD PARTY GAS,Não cadastrado,Não cadastrado,Desconhecido
153.jpg,resultado_153.jpg,FUTURE GAS,Não cadastrado,Não cadastrado,Desconhecido
153.jpg,resultado_153.jpg,CONNECTION,Não cadastrado,Não cadastrado,Desconhecido
153.jpg,resultado_153.jpg,GAS FROM,Não cadastrado,Não cadastrado,Desconhecido
153.jpg,resultado_153.jpg,PRODUCTION,Não cadastrado,Não cadastrado,Desconhecido
153.jpg,resultado_153.jpg,PIG/SPHERE,Não cadastrado,Não cadastrado,Desconhecido
153.jpg,resultado_153.jpg,SEPARATOR,Não cadastrado,Não cadastrado,Desconhecido
153.jpg,resultado_153.jpg,RECEIVER,Não cadastrado,Não cadastrado,Desconhecido
153.jpg,resultado_153.jpg,SLUG CATCHER,Não cadastrado,Não cadastrado,Desconhecido
153.jpg,resultado_153.jpg,WET GAS TO,Não cadastrado,Não cadastrado,Desconhecido
153.jpg,resultado_153.jpg,FILTER SEPARATOR,Não cadastrado,Não cadastrado,Desconhecido
153.jpg,resultado_153.jpg,LSH,Não cadastrado,Não cadastrado,Desconhecido
153.jpg,resultado_153.jpg,LAUNCHER,Não cadastrado,Não cadastrado,Desconhecido
153.jpg,resultado_153.jpg,2,Não cadastrado,Não cadastrado,Desconhecido
153.jpg,resultado_153.jpg,LSL,Não cadastrado,Não cadastrado,Desconhecido
153.jpg,resultado_153.jpg,CONDENSATE,Não cadastrado,Não cadastrado,Desconhecido
153.jpg,resultado_153.jpg,TO CONDENSATE,Não cadastrado,Não cadastrado,Desconhecido
153.jpg,resultado_153.jpg,PUMPS,Não cadastrado,Não cadastrado,Desconhecido
153.jpg,resultado_153.jpg,G/SPHERE,Não cadastrado,Não cadastrado,Desconhecido
153.jpg,resultado_153.jpg,AUNCHER,Não cadastrado,Não cadastrado,Desconhecido
153.jpg,resultado_153.jpg,SE,Não cadastrado,Não cadastrado,Desconhecido
153.jpg,resultado_153.jpg,OD,Não cadastrado,Não cadastrado,Desconhecido
154.jpg,resultado_154.jpg,SCALE,Não cadastrado,Não cadastrado,Desconhecido
154.jpg,resultado_154.jpg,AS,Não cadastrado,Não cadastrado,Desconhecido
154.jpg,resultado_154.jpg,NOTED,Não cadastrado,Não cadastrado,Desconhecido
154.jpg,resultado_154.jpg,REV .,Não cadastrado,Não cadastrado,Desconhecido
154.jpg,resultado_154.jpg,REV,Não cadastrado,Não cadastrado,Desconhecido
154.jpg,resultado_154.jpg,DRAWING NO,Não cadastrado,Não cadastrado,Desconhecido
154.jpg,resultado_154.jpg,NO.,Não cadastrado,Não cadastrado,Desconhecido
154.jpg,resultado_154.jpg,APPRCNVED,Não cadastrado,Não cadastrado,Desconhecido
154.jpg,resultado_154.jpg,APPRCNED,Não cadastrado,Não cadastrado,Desconhecido
154.jpg,resultado_154.jpg,JCB NO_,Não cadastrado,Não cadastrado,Desconhecido
154.jpg,resultado_154.jpg,JCB,Não cadastrado,Não cadastrado,Desconhecido
154.jpg,resultado_154.jpg,APPROVED,Não cadastrado,Não cadastrado,Desconhecido
154.jpg,resultado_154.jpg,CHECKED,Não cadastrado,Não cadastrado,Desconhecido
154.jpg,resultado_154.jpg,DRAMN,Não cadastrado,Não cadastrado,Desconhecido
154.jpg,resultado_154.jpg,BX,Não cadastrado,Não cadastrado,Desconhecido
154.jpg,resultado_154.jpg,DRA,Não cadastrado,Não cadastrado,Desconhecido
154.jpg,resultado_154.jpg,PROCESS,Não cadastrado,Não cadastrado,Desconhecido
154.jpg,resultado_154.jpg,&,Não cadastrado,Não cadastrado,Desconhecido
154.jpg,resultado_154.jpg,INSTRUMENT,Não cadastrado,Não cadastrado,Desconhecido
154.jpg,resultado_154.jpg,DIAGRAM,Não cadastrado,Não cadastrado,Desconhecido
154.jpg,resultado_154.jpg,PIG /SPHERE LAUNCHER,Não cadastrado,Não cadastrado,Desconhecido
154.jpg,resultado_154.jpg,LA,Não cadastrado,Não cadastrado,Desconhecido
154.jpg,resultado_154.jpg,RA,Não cadastrado,Não cadastrado,Desconhecido
154.jpg,resultado_154.jpg,SS,Não cadastrado,Não cadastrado,Desconhecido
154.jpg,resultado_154.jpg,DATE,Não cadastrado,Não cadastrado,Desconhecido
154.jpg,resultado_154.jpg,ENC.  RECORD,Não cadastrado,Não cadastrado,Desconhecido
154.jpg,resultado_154.jpg,CORD,Não cadastrado,Não cadastrado,Desconhecido
154.jpg,resultado_154.jpg,@NC.,Não cadastrado,Não cadastrado,Desconhecido
154.jpg,resultado_154.jpg,APR,Não cadastrado,Não cadastrado,Desconhecido
154.jpg,resultado_154.jpg,BY,Não cadastrado,Não cadastrado,Desconhecido
154.jpg,resultado_154.jpg,REMSION,Não cadastrado,Não cadastrado,Desconhecido
154.jpg,resultado_154.jpg,V-3001,Não cadastrado,Não cadastrado,Desconhecido
154.jpg,resultado_154.jpg,PIG,Não cadastrado,Não cadastrado,Desconhecido
154.jpg,resultado_154.jpg,LAUNCHER,Não cadastrado,Não cadastrado,Desconhecido
154.jpg,resultado_154.jpg,ID,Não cadastrado,Não cadastrado,Desconhecido
154.jpg,resultado_154.jpg,150F /143.0 BARG,Não cadastrado,Não cadastrado,Desconhecido
154.jpg,resultado_154.jpg,XZLL,Não cadastrado,Não cadastrado,Desconhecido
154.jpg,resultado_154.jpg,KZLH,Não cadastrado,Não cadastrado,Desconhecido
154.jpg,resultado_154.jpg,KS,Não cadastrado,Não cadastrado,Desconhecido
154.jpg,resultado_154.jpg,30018-,Não cadastrado,Não cadastrado,Desconhecido
154.jpg,resultado_154.jpg,TO DWG-001-02,Não cadastrado,Não cadastrado,Desconhecido
154.jpg,resultado_154.jpg,2'-1C-53108-D9A,Não cadastrado,Não cadastrado,Desconhecido
154.jpg,resultado_154.jpg,KZLL,Não cadastrado,Não cadastrado,Desconhecido
154.jpg,resultado_154.jpg,KZLA,Não cadastrado,Não cadastrado,Desconhecido
154.jpg,resultado_154.jpg,2'-DC-53108-D96,Não cadastrado,Não cadastrado,Desconhecido
154.jpg,resultado_154.jpg,30018-8,Não cadastrado,Não cadastrado,Desconhecido
154.jpg,resultado_154.jpg,30018-B,Não cadastrado,Não cadastrado,Desconhecido
154.jpg,resultado_154.jpg,XZSL,Não cadastrado,Não cadastrado,Desconhecido
154.jpg,resultado_154.jpg,KZSH,Não cadastrado,Não cadastrado,Desconhecido
154.jpg,resultado_154.jpg,30018,Não cadastrado,Não cadastrado,Desconhecido
154.jpg,resultado_154.jpg,FROM DVG-001-04,Não cadastrado,Não cadastrado,Desconhecido
154.jpg,resultado_154.jpg,HS,Não cadastrado,Não cadastrado,Desconhecido
154.jpg,resultado_154.jpg,30015-,Não cadastrado,Não cadastrado,Desconhecido
154.jpg,resultado_154.jpg,30015-4,Não cadastrado,Não cadastrado,Desconhecido
154.jpg,resultado_154.jpg,PSS,Não cadastrado,Não cadastrado,Desconhecido
154.jpg,resultado_154.jpg,XZLH,Não cadastrado,Não cadastrado,Desconhecido
154.jpg,resultado_154.jpg,30015-8,Não cadastrado,Não cadastrado,Desconhecido
154.jpg,resultado_154.jpg,30015-B,Não cadastrado,Não cadastrado,Desconhecido
154.jpg,resultado_154.jpg,HCV,Não cadastrado,Não cadastrado,Desconhecido
154.jpg,resultado_154.jpg,30019,Não cadastrado,Não cadastrado,Desconhecido
154.jpg,resultado_154.jpg,50019,Não cadastrado,Não cadastrado,Desconhecido
154.jpg,resultado_154.jpg,1,Não cadastrado,Não cadastrado,Desconhecido
154.jpg,resultado_154.jpg,30015,Não cadastrado,Não cadastrado,Desconhecido
154.jpg,resultado_154.jpg,HYDRAULIC RETURN,Não cadastrado,Não cadastrado,Desconhecido
154.jpg,resultado_154.jpg,PIGGING,Não cadastrado,Não cadastrado,Desconhecido
154.jpg,resultado_154.jpg,TEE,Não cadastrado,Não cadastrado,Desconhecido
154.jpg,resultado_154.jpg,18'-PG-30021-D9A-P,Não cadastrado,Não cadastrado,Desconhecido
154.jpg,resultado_154.jpg,12'-PG-30019-D9A-P,Não cadastrado,Não cadastrado,Desconhecido
154.jpg,resultado_154.jpg,XXV,Não cadastrado,Não cadastrado,Desconhecido
154.jpg,resultado_154.jpg,42'-PG-30019-D9A-P,Não cadastrado,Não cadastrado,Desconhecido
154.jpg,resultado_154.jpg,12'-PG-30022-D94-P,Não cadastrado,Não cadastrado,Desconhecido
154.jpg,resultado_154.jpg,FROM DVG-001-06,Não cadastrado,Não cadastrado,Desconhecido
154.jpg,resultado_154.jpg,4*-PG-32012-D94-P,Não cadastrado,Não cadastrado,Desconhecido
154.jpg,resultado_154.jpg,4'-PG-32002-094-P,Não cadastrado,Não cadastrado,Desconhecido
154.jpg,resultado_154.jpg,RECORD,Não cadastrado,Não cadastrado,Desconhecido
154.jpg,resultado_154.jpg,DRAWN,Não cadastrado,Não cadastrado,Desconhecido
154.jpg,resultado_154.jpg,PIG /SPHERE,Não cadastrado,Não cadastrado,Desconhecido
154.jpg,resultado_154.jpg,JCB KO,Não cadastrado,Não cadastrado,Desconhecido
154.jpg,resultado_154.jpg,DRAWING NO.,Não cadastrado,Não cadastrado,Desconhecido
154.jpg,resultado_154.jpg,0,Não cadastrado,Não cadastrado,Desconhecido
154.jpg,resultado_154.jpg,D9A-P,Não cadastrado,Não cadastrado,Desconhecido
154.jpg,resultado_154.jpg,32012,Não cadastrado,Não cadastrado,Desconhecido
154.jpg,resultado_154.jpg,DSA,Não cadastrado,Não cadastrado,Desconhecido
154.jpg,resultado_154.jpg,30022,Não cadastrado,Não cadastrado,Desconhecido
154.jpg,resultado_154.jpg,PG-,Não cadastrado,Não cadastrado,Desconhecido
154.jpg,resultado_154.jpg,D9A,Não cadastrado,Não cadastrado,Desconhecido
154.jpg,resultado_154.jpg,~PG-,Não cadastrado,Não cadastrado,Desconhecido
154.jpg,resultado_154.jpg,30021,Não cadastrado,Não cadastrado,Desconhecido
154.jpg,resultado_154.jpg,GGI,Não cadastrado,Não cadastrado,Desconhecido
154.jpg,resultado_154.jpg,RETURN,Não cadastrado,Não cadastrado,Desconhecido
154.jpg,resultado_154.jpg,8,Não cadastrado,Não cadastrado,Desconhecido
154.jpg,resultado_154.jpg,5,Não cadastrado,Não cadastrado,Desconhecido
154.jpg,resultado_154.jpg,UPPL,Não cadastrado,Não cadastrado,Desconhecido
154.jpg,resultado_154.jpg,30015-3,Não cadastrado,Não cadastrado,Desconhecido
154.jpg,resultado_154.jpg,30015-.,Não cadastrado,Não cadastrado,Desconhecido
154.jpg,resultado_154.jpg,"30015-,",Não cadastrado,Não cadastrado,Desconhecido
154.jpg,resultado_154.jpg,531,Não cadastrado,Não cadastrado,Desconhecido
154.jpg,resultado_154.jpg,30018 -,Não cadastrado,Não cadastrado,Desconhecido
154.jpg,resultado_154.jpg,2'-DC-53108-D94,Não cadastrado,Não cadastrado,Desconhecido
154.jpg,resultado_154.jpg,2'-DC-53108-096,Não cadastrado,Não cadastrado,Desconhecido
154.jpg,resultado_154.jpg,XZSH,Não cadastrado,Não cadastrado,Desconhecido
154.jpg,resultado_154.jpg,L,Não cadastrado,Não cadastrado,Desconhecido
154.jpg,resultado_154.jpg,712'-PG-30021-D9A-P,Não cadastrado,Não cadastrado,Desconhecido
154.jpg,resultado_154.jpg,FRM DVG-00I-05,Não cadastrado,Não cadastrado,Desconhecido
154.jpg,resultado_154.jpg,12'-PG-30019-D94-P,Não cadastrado,Não cadastrado,Desconhecido
154.jpg,resultado_154.jpg,4'-PG-32012-D94-P,Não cadastrado,Não cadastrado,Desconhecido
154.jpg,resultado_154.jpg,320012,Não cadastrado,Não cadastrado,Desconhecido
154.jpg,resultado_154.jpg,001,Não cadastrado,Não cadastrado,Desconhecido
154.jpg,resultado_154.jpg,DVG,Não cadastrado,Não cadastrado,Desconhecido
154.jpg,resultado_154.jpg,FROM DVG-00I-05,Não cadastrado,Não cadastrado,Desconhecido
154.jpg,resultado_154.jpg,3001,Não cadastrado,Não cadastrado,Desconhecido
154.jpg,resultado_154.jpg,PO-,Não cadastrado,Não cadastrado,Desconhecido
154.jpg,resultado_154.jpg,05,Não cadastrado,Não cadastrado,Desconhecido
154.jpg,resultado_154.jpg,KZSL,Não cadastrado,Não cadastrado,Desconhecido
154.jpg,resultado_154.jpg,ZSL,Não cadastrado,Não cadastrado,Desconhecido
154.jpg,resultado_154.jpg,S9A,Não cadastrado,Não cadastrado,Desconhecido
154.jpg,resultado_154.jpg,5901,Não cadastrado,Não cadastrado,Desconhecido
154.jpg,resultado_154.jpg,'001,Não cadastrado,Não cadastrado,Desconhecido
154.jpg,resultado_154.jpg,TD DWG-001-02,Não cadastrado,Não cadastrado,Desconhecido
154.jpg,resultado_154.jpg,53108-,Não cadastrado,Não cadastrado,Desconhecido
154.jpg,resultado_154.jpg,0018,Não cadastrado,Não cadastrado,Desconhecido
154.jpg,resultado_154.jpg,BARG,Não cadastrado,Não cadastrado,Desconhecido
154.jpg,resultado_154.jpg,50F,Não cadastrado,Não cadastrado,Desconhecido
154.jpg,resultado_154.jpg,R,Não cadastrado,Não cadastrado,Desconhecido
155.jpg,resultado_155.jpg,H,Não cadastrado,Não cadastrado,Desconhecido
155.jpg,resultado_155.jpg,PICA,Não cadastrado,Não cadastrado,Desconhecido
155.jpg,resultado_155.jpg,30301,Não cadastrado,Não cadastrado,Desconhecido
155.jpg,resultado_155.jpg,PCV,Não cadastrado,Não cadastrado,Desconhecido
155.jpg,resultado_155.jpg,PT,Não cadastrado,Não cadastrado,Desconhecido
155.jpg,resultado_155.jpg,PI,Não cadastrado,Não cadastrado,Desconhecido
155.jpg,resultado_155.jpg,"8""_PG-30467-DIA-P",Não cadastrado,Não cadastrado,Desconhecido
156.jpg,resultado_156.jpg,WASTE,Não cadastrado,Não cadastrado,Desconhecido
156.jpg,resultado_156.jpg,TREAMENT,Não cadastrado,Não cadastrado,Desconhecido
156.jpg,resultado_156.jpg,FJR,Não cadastrado,Não cadastrado,Desconhecido
156.jpg,resultado_156.jpg,TCS,Não cadastrado,Não cadastrado,Desconhecido
156.jpg,resultado_156.jpg,PRLDUCTIIN,Não cadastrado,Não cadastrado,Desconhecido
156.jpg,resultado_156.jpg,FACILITY,Não cadastrado,Não cadastrado,Desconhecido
156.jpg,resultado_156.jpg,VATER,Não cadastrado,Não cadastrado,Desconhecido
156.jpg,resultado_156.jpg,TD MISTERS,Não cadastrado,Não cadastrado,Desconhecido
156.jpg,resultado_156.jpg,FILTRAIE,Não cadastrado,Não cadastrado,Desconhecido
156.jpg,resultado_156.jpg,FROM,Não cadastrado,Não cadastrado,Desconhecido
156.jpg,resultado_156.jpg,"FILTER,",Não cadastrado,Não cadastrado,Desconhecido
156.jpg,resultado_156.jpg,SILET,Não cadastrado,Não cadastrado,Desconhecido
156.jpg,resultado_156.jpg,2,Não cadastrado,Não cadastrado,Desconhecido
156.jpg,resultado_156.jpg,PURGE,Não cadastrado,Não cadastrado,Desconhecido
156.jpg,resultado_156.jpg,N?,Não cadastrado,Não cadastrado,Desconhecido
156.jpg,resultado_156.jpg,LIMC,Não cadastrado,Não cadastrado,Desconhecido
156.jpg,resultado_156.jpg,WATER,Não cadastrado,Não cadastrado,Desconhecido
156.jpg,resultado_156.jpg,PURG=,Não cadastrado,Não cadastrado,Desconhecido
156.jpg,resultado_156.jpg,TD,Não cadastrado,Não cadastrado,Desconhecido
156.jpg,resultado_156.jpg,SCRUBBERS,Não cadastrado,Não cadastrado,Desconhecido
156.jpg,resultado_156.jpg,AND,Não cadastrado,Não cadastrado,Desconhecido
156.jpg,resultado_156.jpg,"REACTMR,",Não cadastrado,Não cadastrado,Desconhecido
156.jpg,resultado_156.jpg,GAS,Não cadastrado,Não cadastrado,Desconhecido
156.jpg,resultado_156.jpg,&,Não cadastrado,Não cadastrado,Desconhecido
156.jpg,resultado_156.jpg,VFNTS,Não cadastrado,Não cadastrado,Desconhecido
156.jpg,resultado_156.jpg,"(CHLORESILANLS,",Não cadastrado,Não cadastrado,Desconhecido
156.jpg,resultado_156.jpg,N?),Não cadastrado,Não cadastrado,Desconhecido
156.jpg,resultado_156.jpg,SAL,Não cadastrado,Não cadastrado,Desconhecido
156.jpg,resultado_156.jpg,VENIIRI,Não cadastrado,Não cadastrado,Desconhecido
156.jpg,resultado_156.jpg,(2),Não cadastrado,Não cadastrado,Desconhecido
156.jpg,resultado_156.jpg,CH_LROSI_AN_,Não cadastrado,Não cadastrado,Desconhecido
156.jpg,resultado_156.jpg,WI,Não cadastrado,Não cadastrado,Desconhecido
156.jpg,resultado_156.jpg,MIXERS,Não cadastrado,Não cadastrado,Desconhecido
156.jpg,resultado_156.jpg,LICUIDS,Não cadastrado,Não cadastrado,Desconhecido
156.jpg,resultado_156.jpg,SILIDS,Não cadastrado,Não cadastrado,Desconhecido
156.jpg,resultado_156.jpg,SLURRY,Não cadastrado,Não cadastrado,Desconhecido
156.jpg,resultado_156.jpg,EQUAL,Não cadastrado,Não cadastrado,Desconhecido
156.jpg,resultado_156.jpg,FLLVELS,Não cadastrado,Não cadastrado,Desconhecido
156.jpg,resultado_156.jpg,CLARIF IER,Não cadastrado,Não cadastrado,Desconhecido
156.jpg,resultado_156.jpg,CVERTLEW,Não cadastrado,Não cadastrado,Desconhecido
156.jpg,resultado_156.jpg,LICUID,Não cadastrado,Não cadastrado,Desconhecido
156.jpg,resultado_156.jpg,JRAIN,Não cadastrado,Não cadastrado,Desconhecido
156.jpg,resultado_156.jpg,CLARIFIFD,Não cadastrado,Não cadastrado,Desconhecido
156.jpg,resultado_156.jpg,REAC TDR,Não cadastrado,Não cadastrado,Desconhecido
156.jpg,resultado_156.jpg,STAHC,Não cadastrado,Não cadastrado,Desconhecido
156.jpg,resultado_156.jpg,MIXCR,Não cadastrado,Não cadastrado,Desconhecido
156.jpg,resultado_156.jpg,MIXER,Não cadastrado,Não cadastrado,Desconhecido
156.jpg,resultado_156.jpg,LIME,Não cadastrado,Não cadastrado,Desconhecido
156.jpg,resultado_156.jpg,"TANK,",Não cadastrado,Não cadastrado,Desconhecido
156.jpg,resultado_156.jpg,SHEET,Não cadastrado,Não cadastrado,Desconhecido
156.jpg,resultado_156.jpg,SEALEJ,Não cadastrado,Não cadastrado,Desconhecido
156.jpg,resultado_156.jpg,D3AIN,Não cadastrado,Não cadastrado,Desconhecido
156.jpg,resultado_156.jpg,THICKENED,Não cadastrado,Não cadastrado,Desconhecido
156.jpg,resultado_156.jpg,TJ,Não cadastrado,Não cadastrado,Desconhecido
156.jpg,resultado_156.jpg,RDTARY,Não cadastrado,Não cadastrado,Desconhecido
156.jpg,resultado_156.jpg,"VAC; FILTER,",Não cadastrado,Não cadastrado,Desconhecido
156.jpg,resultado_156.jpg,12,Não cadastrado,Não cadastrado,Desconhecido
156.jpg,resultado_156.jpg,PURGI,Não cadastrado,Não cadastrado,Desconhecido
156.jpg,resultado_156.jpg,"(CHLORESZLANES,",Não cadastrado,Não cadastrado,Desconhecido
156.jpg,resultado_156.jpg,"FCL,",Não cadastrado,Não cadastrado,Desconhecido
156.jpg,resultado_156.jpg,N2,Não cadastrado,Não cadastrado,Desconhecido
156.jpg,resultado_156.jpg,CHLLRUSILANE,Não cadastrado,Não cadastrado,Desconhecido
156.jpg,resultado_156.jpg,EQUA_,Não cadastrado,Não cadastrado,Desconhecido
156.jpg,resultado_156.jpg,REAC IDR,Não cadastrado,Não cadastrado,Desconhecido
156.jpg,resultado_156.jpg,DRA [N,Não cadastrado,Não cadastrado,Desconhecido
156.jpg,resultado_156.jpg,RD,Não cadastrado,Não cadastrado,Desconhecido
156.jpg,resultado_156.jpg,LINUID,Não cadastrado,Não cadastrado,Desconhecido
156.jpg,resultado_156.jpg,STAMC,Não cadastrado,Não cadastrado,Desconhecido
156.jpg,resultado_156.jpg,W/,Não cadastrado,Não cadastrado,Desconhecido
156.jpg,resultado_156.jpg,DRAIN,Não cadastrado,Não cadastrado,Desconhecido
156.jpg,resultado_156.jpg,SLAL,Não cadastrado,Não cadastrado,Desconhecido
156.jpg,resultado_156.jpg,SILIDS SLURRY,Não cadastrado,Não cadastrado,Desconhecido
156.jpg,resultado_156.jpg,VENTMRI,Não cadastrado,Não cadastrado,Desconhecido
156.jpg,resultado_156.jpg,VENIURL,Não cadastrado,Não cadastrado,Desconhecido
156.jpg,resultado_156.jpg,LVEL,Não cadastrado,Não cadastrado,Desconhecido
156.jpg,resultado_156.jpg,R,Não cadastrado,Não cadastrado,Desconhecido
156.jpg,resultado_156.jpg,P,Não cadastrado,Não cadastrado,Desconhecido
156.jpg,resultado_156.jpg,M,Não cadastrado,Não cadastrado,Desconhecido
157.jpg,resultado_157.jpg,WASTE,Não cadastrado,Não cadastrado,Desconhecido
157.jpg,resultado_157.jpg,TREAMENT,Não cadastrado,Não cadastrado,Desconhecido
157.jpg,resultado_157.jpg,FOR,Não cadastrado,Não cadastrado,Desconhecido
157.jpg,resultado_157.jpg,TCS,Não cadastrado,Não cadastrado,Desconhecido
157.jpg,resultado_157.jpg,PRODUCTIDN,Não cadastrado,Não cadastrado,Desconhecido
157.jpg,resultado_157.jpg,FACILITY,Não cadastrado,Não cadastrado,Desconhecido
157.jpg,resultado_157.jpg,RV,Não cadastrado,Não cadastrado,Desconhecido
157.jpg,resultado_157.jpg,VENI,Não cadastrado,Não cadastrado,Desconhecido
157.jpg,resultado_157.jpg,SHECT,Não cadastrado,Não cadastrado,Desconhecido
157.jpg,resultado_157.jpg,VATER,Não cadastrado,Não cadastrado,Desconhecido
157.jpg,resultado_157.jpg,RDTARY,Não cadastrado,Não cadastrado,Desconhecido
157.jpg,resultado_157.jpg,VENT,Não cadastrado,Não cadastrado,Desconhecido
157.jpg,resultado_157.jpg,TO SCRUBBERS,Não cadastrado,Não cadastrado,Desconhecido
157.jpg,resultado_157.jpg,FILTER,Não cadastrado,Não cadastrado,Desconhecido
157.jpg,resultado_157.jpg,4I,Não cadastrado,Não cadastrado,Desconhecido
157.jpg,resultado_157.jpg,ACCESSDRIES,Não cadastrado,Não cadastrado,Desconhecido
157.jpg,resultado_157.jpg,T0 SH-ET,Não cadastrado,Não cadastrado,Desconhecido
157.jpg,resultado_157.jpg,1,Não cadastrado,Não cadastrado,Desconhecido
157.jpg,resultado_157.jpg,ALARM,Não cadastrado,Não cadastrado,Desconhecido
157.jpg,resultado_157.jpg,CRUSHE] LIME,Não cadastrado,Não cadastrado,Desconhecido
157.jpg,resultado_157.jpg,SFEET,Não cadastrado,Não cadastrado,Desconhecido
157.jpg,resultado_157.jpg,SLUDGE,Não cadastrado,Não cadastrado,Desconhecido
157.jpg,resultado_157.jpg,LIVE,Não cadastrado,Não cadastrado,Desconhecido
157.jpg,resultado_157.jpg,TANK,Não cadastrado,Não cadastrado,Desconhecido
157.jpg,resultado_157.jpg,T0 LANDF ILL,Não cadastrado,Não cadastrado,Desconhecido
157.jpg,resultado_157.jpg,LIMI,Não cadastrado,Não cadastrado,Desconhecido
157.jpg,resultado_157.jpg,CIRCULATICN,Não cadastrado,Não cadastrado,Desconhecido
157.jpg,resultado_157.jpg,FLTRATE,Não cadastrado,Não cadastrado,Desconhecido
157.jpg,resultado_157.jpg,THICKENED,Não cadastrado,Não cadastrado,Desconhecido
157.jpg,resultado_157.jpg,SLURRY,Não cadastrado,Não cadastrado,Desconhecido
157.jpg,resultado_157.jpg,CLARIFER UNDERFLEY,Não cadastrado,Não cadastrado,Desconhecido
157.jpg,resultado_157.jpg,SHCCT,Não cadastrado,Não cadastrado,Desconhecido
157.jpg,resultado_157.jpg,CI,Não cadastrado,Não cadastrado,Desconhecido
157.jpg,resultado_157.jpg,RF,Não cadastrado,Não cadastrado,Desconhecido
157.jpg,resultado_157.jpg,DE,Não cadastrado,Não cadastrado,Desconhecido
157.jpg,resultado_157.jpg,UN,Não cadastrado,Não cadastrado,Desconhecido
157.jpg,resultado_157.jpg,ROY,Não cadastrado,Não cadastrado,Desconhecido
157.jpg,resultado_157.jpg,URR,Não cadastrado,Não cadastrado,Desconhecido
157.jpg,resultado_157.jpg,NE,Não cadastrado,Não cadastrado,Desconhecido
157.jpg,resultado_157.jpg,PU4P,Não cadastrado,Não cadastrado,Desconhecido
157.jpg,resultado_157.jpg,ON,Não cadastrado,Não cadastrado,Desconhecido
157.jpg,resultado_157.jpg,ULA,Não cadastrado,Não cadastrado,Desconhecido
157.jpg,resultado_157.jpg,RC,Não cadastrado,Não cadastrado,Desconhecido
157.jpg,resultado_157.jpg,VI,Não cadastrado,Não cadastrado,Desconhecido
157.jpg,resultado_157.jpg,SFE,Não cadastrado,Não cadastrado,Desconhecido
157.jpg,resultado_157.jpg,LF,Não cadastrado,Não cadastrado,Desconhecido
157.jpg,resultado_157.jpg,AR,Não cadastrado,Não cadastrado,Desconhecido
157.jpg,resultado_157.jpg,SOL,Não cadastrado,Não cadastrado,Desconhecido
157.jpg,resultado_157.jpg,#CUL,Não cadastrado,Não cadastrado,Desconhecido
157.jpg,resultado_157.jpg,IED,Não cadastrado,Não cadastrado,Desconhecido
157.jpg,resultado_157.jpg,JN FROM,Não cadastrado,Não cadastrado,Desconhecido
157.jpg,resultado_157.jpg,RUS,Não cadastrado,Não cadastrado,Desconhecido
157.jpg,resultado_157.jpg,S0?,Não cadastrado,Não cadastrado,Desconhecido
157.jpg,resultado_157.jpg,OR,Não cadastrado,Não cadastrado,Desconhecido
157.jpg,resultado_157.jpg,HEJ LIME,Não cadastrado,Não cadastrado,Desconhecido
157.jpg,resultado_157.jpg,VIMXERS,Não cadastrado,Não cadastrado,Desconhecido
157.jpg,resultado_157.jpg,KE,Não cadastrado,Não cadastrado,Desconhecido
157.jpg,resultado_157.jpg,RU,Não cadastrado,Não cadastrado,Desconhecido
157.jpg,resultado_157.jpg,SC,Não cadastrado,Não cadastrado,Desconhecido
157.jpg,resultado_157.jpg,VIN,Não cadastrado,Não cadastrado,Desconhecido
157.jpg,resultado_157.jpg,RD,Não cadastrado,Não cadastrado,Desconhecido
157.jpg,resultado_157.jpg,SHE,Não cadastrado,Não cadastrado,Desconhecido
157.jpg,resultado_157.jpg,VINT,Não cadastrado,Não cadastrado,Desconhecido
157.jpg,resultado_157.jpg,ME,Não cadastrado,Não cadastrado,Desconhecido
157.jpg,resultado_157.jpg,T0 LANDF,Não cadastrado,Não cadastrado,Desconhecido
157.jpg,resultado_157.jpg,PLP,Não cadastrado,Não cadastrado,Desconhecido
157.jpg,resultado_157.jpg,ACK,Não cadastrado,Não cadastrado,Desconhecido
157.jpg,resultado_157.jpg,M,Não cadastrado,Não cadastrado,Desconhecido
157.jpg,resultado_157.jpg,C,Não cadastrado,Não cadastrado,Desconhecido
157.jpg,resultado_157.jpg,D,Não cadastrado,Não cadastrado,Desconhecido
157.jpg,resultado_157.jpg,S,Não cadastrado,Não cadastrado,Desconhecido
157.jpg,resultado_157.jpg,E,Não cadastrado,Não cadastrado,Desconhecido
158.jpg,resultado_158.jpg,DRU,Não cadastrado,Não cadastrado,Desconhecido
158.jpg,resultado_158.jpg,#ICUI,Não cadastrado,Não cadastrado,Desconhecido
158.jpg,resultado_158.jpg,11,Não cadastrado,Não cadastrado,Desconhecido
158.jpg,resultado_158.jpg,10),Não cadastrado,Não cadastrado,Desconhecido
158.jpg,resultado_158.jpg,04-161J,Não cadastrado,Não cadastrado,Desconhecido
158.jpg,resultado_158.jpg,10,Não cadastrado,Não cadastrado,Desconhecido
158.jpg,resultado_158.jpg,DR,Não cadastrado,Não cadastrado,Desconhecido
158.jpg,resultado_158.jpg,NIDD,Não cadastrado,Não cadastrado,Desconhecido
158.jpg,resultado_158.jpg,LO,Não cadastrado,Não cadastrado,Desconhecido
159.jpg,resultado_159.jpg,30-RIOZA/B,Não cadastrado,Não cadastrado,Desconhecido
159.jpg,resultado_159.jpg,30-F103,Não cadastrado,Não cadastrado,Desconhecido
159.jpg,resultado_159.jpg,30-C101,Não cadastrado,Não cadastrado,Desconhecido
159.jpg,resultado_159.jpg,30-E10?,Não cadastrado,Não cadastrado,Desconhecido
159.jpg,resultado_159.jpg,30-E108,Não cadastrado,Não cadastrado,Desconhecido
159.jpg,resultado_159.jpg,30-C102,Não cadastrado,Não cadastrado,Desconhecido
159.jpg,resultado_159.jpg,30-ELLO,Não cadastrado,Não cadastrado,Desconhecido
159.jpg,resultado_159.jpg,30-EL0?,Não cadastrado,Não cadastrado,Desconhecido
159.jpg,resultado_159.jpg,30-T107,Não cadastrado,Não cadastrado,Desconhecido
159.jpg,resultado_159.jpg,30-P14A/B,Não cadastrado,Não cadastrado,Desconhecido
159.jpg,resultado_159.jpg,BRU,Não cadastrado,Não cadastrado,Desconhecido
159.jpg,resultado_159.jpg,STRIPPER,Não cadastrado,Não cadastrado,Desconhecido
159.jpg,resultado_159.jpg,TCS RECOVERY,Não cadastrado,Não cadastrado,Desconhecido
159.jpg,resultado_159.jpg,TCS COLUMN,Não cadastrado,Não cadastrado,Desconhecido
159.jpg,resultado_159.jpg,TCS,Não cadastrado,Não cadastrado,Desconhecido
159.jpg,resultado_159.jpg,CDLUMN,Não cadastrado,Não cadastrado,Desconhecido
159.jpg,resultado_159.jpg,REACTORS,Não cadastrado,Não cadastrado,Desconhecido
159.jpg,resultado_159.jpg,FILTER,Não cadastrado,Não cadastrado,Desconhecido
159.jpg,resultado_159.jpg,COLUMN,Não cadastrado,Não cadastrado,Desconhecido
159.jpg,resultado_159.jpg,CONDENSER,Não cadastrado,Não cadastrado,Desconhecido
159.jpg,resultado_159.jpg,REBOILER,Não cadastrado,Não cadastrado,Desconhecido
159.jpg,resultado_159.jpg,REFLUX,Não cadastrado,Não cadastrado,Desconhecido
159.jpg,resultado_159.jpg,DRUM,Não cadastrado,Não cadastrado,Desconhecido
159.jpg,resultado_159.jpg,PUMPS,Não cadastrado,Não cadastrado,Desconhecido
159.jpg,resultado_159.jpg,'FC,Não cadastrado,Não cadastrado,Desconhecido
159.jpg,resultado_159.jpg,STPPPD GASE:,Não cadastrado,Não cadastrado,Desconhecido
159.jpg,resultado_159.jpg,31,Não cadastrado,Não cadastrado,Desconhecido
159.jpg,resultado_159.jpg,3,Não cadastrado,Não cadastrado,Desconhecido
159.jpg,resultado_159.jpg,MI,Não cadastrado,Não cadastrado,Desconhecido
159.jpg,resultado_159.jpg,2 TRAYS,Não cadastrado,Não cadastrado,Desconhecido
159.jpg,resultado_159.jpg,RENRN,Não cadastrado,Não cadastrado,Desconhecido
159.jpg,resultado_159.jpg,A_DOZ,Não cadastrado,Não cadastrado,Desconhecido
159.jpg,resultado_159.jpg,VBIT G48E3,Não cadastrado,Não cadastrado,Desconhecido
159.jpg,resultado_159.jpg,28,Não cadastrado,Não cadastrado,Desconhecido
159.jpg,resultado_159.jpg,65 TRAYS,Não cadastrado,Não cadastrado,Desconhecido
159.jpg,resultado_159.jpg,SHEET 0LZH,Não cadastrado,Não cadastrado,Desconhecido
159.jpg,resultado_159.jpg,X,Não cadastrado,Não cadastrado,Desconhecido
159.jpg,resultado_159.jpg,TRAT &12,Não cadastrado,Não cadastrado,Desconhecido
159.jpg,resultado_159.jpg,A0-C1,Não cadastrado,Não cadastrado,Desconhecido
159.jpg,resultado_159.jpg,32,Não cadastrado,Não cadastrado,Desconhecido
159.jpg,resultado_159.jpg,TRAY #,Não cadastrado,Não cadastrado,Desconhecido
159.jpg,resultado_159.jpg,VAFOR PROIUCT,Não cadastrado,Não cadastrado,Desconhecido
159.jpg,resultado_159.jpg,2-EMLL,Não cadastrado,Não cadastrado,Desconhecido
159.jpg,resultado_159.jpg,26,Não cadastrado,Não cadastrado,Desconhecido
159.jpg,resultado_159.jpg,HOT,Não cadastrado,Não cadastrado,Desconhecido
159.jpg,resultado_159.jpg,@,Não cadastrado,Não cadastrado,Desconhecido
159.jpg,resultado_159.jpg,SHEET,Não cadastrado,Não cadastrado,Desconhecido
159.jpg,resultado_159.jpg,MAH,Não cadastrado,Não cadastrado,Desconhecido
159.jpg,resultado_159.jpg,DJL,Não cadastrado,Não cadastrado,Desconhecido
159.jpg,resultado_159.jpg,RETURN,Não cadastrado,Não cadastrado,Desconhecido
159.jpg,resultado_159.jpg,41,Não cadastrado,Não cadastrado,Desconhecido
159.jpg,resultado_159.jpg,30,Não cadastrado,Não cadastrado,Desconhecido
159.jpg,resultado_159.jpg,BATCH,Não cadastrado,Não cadastrado,Desconhecido
159.jpg,resultado_159.jpg,#,Não cadastrado,Não cadastrado,Desconhecido
159.jpg,resultado_159.jpg,RECYCLE STC,Não cadastrado,Não cadastrado,Desconhecido
159.jpg,resultado_159.jpg,T,Não cadastrado,Não cadastrado,Desconhecido
159.jpg,resultado_159.jpg,8C FRE-HEATER,Não cadastrado,Não cadastrado,Desconhecido
159.jpg,resultado_159.jpg,12,Não cadastrado,Não cadastrado,Desconhecido
159.jpg,resultado_159.jpg,ALA,Não cadastrado,Não cadastrado,Desconhecido
159.jpg,resultado_159.jpg,CHUR,Não cadastrado,Não cadastrado,Desconhecido
159.jpg,resultado_159.jpg,TURI,Não cadastrado,Não cadastrado,Desconhecido
159.jpg,resultado_159.jpg,M3H,Não cadastrado,Não cadastrado,Desconhecido
159.jpg,resultado_159.jpg,HEE,Não cadastrado,Não cadastrado,Desconhecido
159.jpg,resultado_159.jpg,URN,Não cadastrado,Não cadastrado,Desconhecido
159.jpg,resultado_159.jpg,VTAL OXYC,Não cadastrado,Não cadastrado,Desconhecido
159.jpg,resultado_159.jpg,RECYCL,Não cadastrado,Não cadastrado,Desconhecido
159.jpg,resultado_159.jpg,T &7C FR,Não cadastrado,Não cadastrado,Desconhecido
159.jpg,resultado_159.jpg,3-PLUK,Não cadastrado,Não cadastrado,Desconhecido
159.jpg,resultado_159.jpg,PUME,Não cadastrado,Não cadastrado,Desconhecido
159.jpg,resultado_159.jpg,CHLDROS,Não cadastrado,Não cadastrado,Desconhecido
159.jpg,resultado_159.jpg,3-ELLL,Não cadastrado,Não cadastrado,Desconhecido
159.jpg,resultado_159.jpg,ICT,Não cadastrado,Não cadastrado,Desconhecido
159.jpg,resultado_159.jpg,PFO,Não cadastrado,Não cadastrado,Desconhecido
159.jpg,resultado_159.jpg,FOR,Não cadastrado,Não cadastrado,Desconhecido
159.jpg,resultado_159.jpg,A0-CJ,Não cadastrado,Não cadastrado,Desconhecido
159.jpg,resultado_159.jpg,30-C1E,Não cadastrado,Não cadastrado,Desconhecido
159.jpg,resultado_159.jpg,SHE,Não cadastrado,Não cadastrado,Desconhecido
159.jpg,resultado_159.jpg,CRLIDE,Não cadastrado,Não cadastrado,Desconhecido
159.jpg,resultado_159.jpg,YBI,Não cadastrado,Não cadastrado,Desconhecido
159.jpg,resultado_159.jpg,NRN,Não cadastrado,Não cadastrado,Desconhecido
159.jpg,resultado_159.jpg,A-IOZ,Não cadastrado,Não cadastrado,Desconhecido
159.jpg,resultado_159.jpg,EGRAL,Não cadastrado,Não cadastrado,Desconhecido
159.jpg,resultado_159.jpg,PPP,Não cadastrado,Não cadastrado,Desconhecido
159.jpg,resultado_159.jpg,FC,Fail Close,Falha de Válvula,Identificado
159.jpg,resultado_159.jpg,STRPPD GASE:,Não cadastrado,Não cadastrado,Desconhecido
159.jpg,resultado_159.jpg,8,Não cadastrado,Não cadastrado,Desconhecido
159.jpg,resultado_159.jpg,PG,Não cadastrado,Não cadastrado,Desconhecido
159.jpg,resultado_159.jpg,30-E1,Não cadastrado,Não cadastrado,Desconhecido
159.jpg,resultado_159.jpg,DM CRUDE,Não cadastrado,Não cadastrado,Desconhecido
159.jpg,resultado_159.jpg,TRAT &2,Não cadastrado,Não cadastrado,Desconhecido
159.jpg,resultado_159.jpg,@ CHLROSHIES,Não cadastrado,Não cadastrado,Desconhecido
159.jpg,resultado_159.jpg,RETURI,Não cadastrado,Não cadastrado,Desconhecido
159.jpg,resultado_159.jpg,TAL OXYCHLORJIES,Não cadastrado,Não cadastrado,Desconhecido
159.jpg,resultado_159.jpg,4,Não cadastrado,Não cadastrado,Desconhecido
159.jpg,resultado_159.jpg,RECYCLE SC,Não cadastrado,Não cadastrado,Desconhecido
159.jpg,resultado_159.jpg,J 8TC FRE-HEATER,Não cadastrado,Não cadastrado,Desconhecido
159.jpg,resultado_159.jpg,L,Não cadastrado,Não cadastrado,Desconhecido
159.jpg,resultado_159.jpg,PC,Não cadastrado,Não cadastrado,Desconhecido
159.jpg,resultado_159.jpg,MN,Não cadastrado,Não cadastrado,Desconhecido
159.jpg,resultado_159.jpg,PUM,Não cadastrado,Não cadastrado,Desconhecido
159.jpg,resultado_159.jpg,RU,Não cadastrado,Não cadastrado,Desconhecido
159.jpg,resultado_159.jpg,ON,Não cadastrado,Não cadastrado,Desconhecido
159.jpg,resultado_159.jpg,BC,Não cadastrado,Não cadastrado,Desconhecido
159.jpg,resultado_159.jpg,RE,Não cadastrado,Não cadastrado,Desconhecido
159.jpg,resultado_159.jpg,DE,Não cadastrado,Não cadastrado,Desconhecido
159.jpg,resultado_159.jpg,UMN,Não cadastrado,Não cadastrado,Desconhecido
159.jpg,resultado_159.jpg,UM,Não cadastrado,Não cadastrado,Desconhecido
159.jpg,resultado_159.jpg,PPE,Não cadastrado,Não cadastrado,Desconhecido
159.jpg,resultado_159.jpg,BR,Não cadastrado,Não cadastrado,Desconhecido
159.jpg,resultado_159.jpg,09,Não cadastrado,Não cadastrado,Desconhecido
159.jpg,resultado_159.jpg,02,Não cadastrado,Não cadastrado,Desconhecido
159.jpg,resultado_159.jpg,107,Não cadastrado,Não cadastrado,Desconhecido
159.jpg,resultado_159.jpg,30-P104A/B,Não cadastrado,Não cadastrado,Desconhecido
159.jpg,resultado_159.jpg,LUMN,Não cadastrado,Não cadastrado,Desconhecido
159.jpg,resultado_159.jpg,30-RIOZ,Não cadastrado,Não cadastrado,Desconhecido
159.jpg,resultado_159.jpg,REACTC,Não cadastrado,Não cadastrado,Desconhecido
159.jpg,resultado_159.jpg,STRPPE,Não cadastrado,Não cadastrado,Desconhecido
160.jpg,resultado_160.jpg,20-P-02Q1AB,Não cadastrado,Não cadastrado,Desconhecido
160.jpg,resultado_160.jpg,3CN,Não cadastrado,Não cadastrado,Desconhecido
160.jpg,resultado_160.jpg,02591,Não cadastrado,Não cadastrado,Desconhecido
160.jpg,resultado_160.jpg,NIC,Não cadastrado,Não cadastrado,Desconhecido
160.jpg,resultado_160.jpg,REUX,Não cadastrado,Não cadastrado,Desconhecido
160.jpg,resultado_160.jpg,BC,Não cadastrado,Não cadastrado,Desconhecido
160.jpg,resultado_160.jpg,SPADTY:,Não cadastrado,Não cadastrado,Desconhecido
160.jpg,resultado_160.jpg,1A,Não cadastrado,Não cadastrado,Desconhecido
160.jpg,resultado_160.jpg,E0,Não cadastrado,Não cadastrado,Desconhecido
160.jpg,resultado_160.jpg,LC,Não cadastrado,Não cadastrado,Desconhecido
160.jpg,resultado_160.jpg,BJC,Não cadastrado,Não cadastrado,Desconhecido
160.jpg,resultado_160.jpg,FRM,Não cadastrado,Não cadastrado,Desconhecido
160.jpg,resultado_160.jpg,6406,Não cadastrado,Não cadastrado,Desconhecido
160.jpg,resultado_160.jpg,X,Não cadastrado,Não cadastrado,Desconhecido
160.jpg,resultado_160.jpg,REFLUX,Não cadastrado,Não cadastrado,Desconhecido
160.jpg,resultado_160.jpg,20-P-Q21ABB,Não cadastrado,Não cadastrado,Desconhecido
172.jpg,resultado_172.jpg,12,Não cadastrado,Não cadastrado,Desconhecido
172.jpg,resultado_172.jpg,13,Não cadastrado,Não cadastrado,Desconhecido
172.jpg,resultado_172.jpg,FC,Fail Close,Falha de Válvula,Identificado
172.jpg,resultado_172.jpg,FO,Fail Open,Falha de Válvula,Identificado
172.jpg,resultado_172.jpg,FA,Não cadastrado,Não cadastrado,Desconhecido
172.jpg,resultado_172.jpg,M,Não cadastrado,Não cadastrado,Desconhecido
172.jpg,resultado_172.jpg,LO,Não cadastrado,Não cadastrado,Desconhecido
172.jpg,resultado_172.jpg,10,Não cadastrado,Não cadastrado,Desconhecido
172.jpg,resultado_172.jpg,26,Não cadastrado,Não cadastrado,Desconhecido
172.jpg,resultado_172.jpg,LC,Não cadastrado,Não cadastrado,Desconhecido
172.jpg,resultado_172.jpg,18,Não cadastrado,Não cadastrado,Desconhecido
172.jpg,resultado_172.jpg,19,Não cadastrado,Não cadastrado,Desconhecido
172.jpg,resultado_172.jpg,16,Não cadastrado,Não cadastrado,Desconhecido
172.jpg,resultado_172.jpg,31,Não cadastrado,Não cadastrado,Desconhecido
172.jpg,resultado_172.jpg,H,Não cadastrado,Não cadastrado,Desconhecido
172.jpg,resultado_172.jpg,23,Não cadastrado,Não cadastrado,Desconhecido
172.jpg,resultado_172.jpg,(M,Não cadastrado,Não cadastrado,Desconhecido
172.jpg,resultado_172.jpg,30,Não cadastrado,Não cadastrado,Desconhecido
172.jpg,resultado_172.jpg,FAI,Não cadastrado,Não cadastrado,Desconhecido
172.jpg,resultado_172.jpg,29,Não cadastrado,Não cadastrado,Desconhecido
172.jpg,resultado_172.jpg,20,Não cadastrado,Não cadastrado,Desconhecido
172.jpg,resultado_172.jpg,22,Não cadastrado,Não cadastrado,Desconhecido
172.jpg,resultado_172.jpg,24,Não cadastrado,Não cadastrado,Desconhecido
172.jpg,resultado_172.jpg,25,Não cadastrado,Não cadastrado,Desconhecido
172.jpg,resultado_172.jpg,27,Não cadastrado,Não cadastrado,Desconhecido
172.jpg,resultado_172.jpg,28,Não cadastrado,Não cadastrado,Desconhecido
172.jpg,resultado_172.jpg,32,Não cadastrado,Não cadastrado,Desconhecido
172.jpg,resultado_172.jpg,TE,Não cadastrado,Não cadastrado,Desconhecido
172.jpg,resultado_172.jpg,IP,Não cadastrado,Não cadastrado,Desconhecido
172.jpg,resultado_172.jpg,/P,Não cadastrado,Não cadastrado,Desconhecido
172.jpg,resultado_172.jpg,[P,Não cadastrado,Não cadastrado,Desconhecido
172.jpg,resultado_172.jpg,/ P,Não cadastrado,Não cadastrado,Desconhecido
172.jpg,resultado_172.jpg,E,Não cadastrado,Não cadastrado,Desconhecido
172.jpg,resultado_172.jpg,FAL,Não cadastrado,Não cadastrado,Desconhecido
172.jpg,resultado_172.jpg,2,Não cadastrado,Não cadastrado,Desconhecido
172.jpg,resultado_172.jpg,6,Não cadastrado,Não cadastrado,Desconhecido
172.jpg,resultado_172.jpg,14,Não cadastrado,Não cadastrado,Desconhecido
172.jpg,resultado_172.jpg,21,Não cadastrado,Não cadastrado,Desconhecido
172.jpg,resultado_172.jpg,IM,Não cadastrado,Não cadastrado,Desconhecido
172.jpg,resultado_172.jpg,S,Não cadastrado,Não cadastrado,Desconhecido
172.jpg,resultado_172.jpg,FO FO,Não cadastrado,Não cadastrado,Desconhecido
172.jpg,resultado_172.jpg,9,Não cadastrado,Não cadastrado,Desconhecido
174.jpg,resultado_174.jpg,V25,Não cadastrado,Não cadastrado,Desconhecido
174.jpg,resultado_174.jpg,TUN V2,Não cadastrado,Não cadastrado,Desconhecido
174.jpg,resultado_174.jpg,SEAL GAS TO GAS,Não cadastrado,Não cadastrado,Desconhecido
174.jpg,resultado_174.jpg,I9 VIXVD VH,Não cadastrado,Não cadastrado,Desconhecido
174.jpg,resultado_174.jpg,EP(23,Não cadastrado,Não cadastrado,Desconhecido
174.jpg,resultado_174.jpg,COMPRESSOR UNITK-04901C,Não cadastrado,Não cadastrado,Desconhecido
174.jpg,resultado_174.jpg,50-5168,Não cadastrado,Não cadastrado,Desconhecido
174.jpg,resultado_174.jpg,8910-02,Não cadastrado,Não cadastrado,Desconhecido
174.jpg,resultado_174.jpg,(JOS)D],Não cadastrado,Não cadastrado,Desconhecido
174.jpg,resultado_174.jpg,FO,Fail Open,Falha de Válvula,Identificado
174.jpg,resultado_174.jpg,MIN 60U,Não cadastrado,Não cadastrado,Desconhecido
174.jpg,resultado_174.jpg,MIN,Não cadastrado,Não cadastrado,Desconhecido
174.jpg,resultado_174.jpg,MUH 600,Não cadastrado,Não cadastrado,Desconhecido
174.jpg,resultado_174.jpg,MUH,Não cadastrado,Não cadastrado,Desconhecido
174.jpg,resultado_174.jpg,TYPE,Não cadastrado,Não cadastrado,Desconhecido
174.jpg,resultado_174.jpg,13300,Não cadastrado,Não cadastrado,Desconhecido
174.jpg,resultado_174.jpg,004-UZ-102,Não cadastrado,Não cadastrado,Desconhecido
174.jpg,resultado_174.jpg,EP(SPC),Não cadastrado,Não cadastrado,Desconhecido
174.jpg,resultado_174.jpg,TO HP FLARE,Não cadastrado,Não cadastrado,Desconhecido
174.jpg,resultado_174.jpg,8945-05,Não cadastrado,Não cadastrado,Desconhecido
174.jpg,resultado_174.jpg,MIN 600,Não cadastrado,Não cadastrado,Desconhecido
174.jpg,resultado_174.jpg,"2""-FL0401002-93460X-EP",Não cadastrado,Não cadastrado,Desconhecido
174.jpg,resultado_174.jpg,SEAL GAS FROM FUEL AND,Não cadastrado,Não cadastrado,Desconhecido
174.jpg,resultado_174.jpg,SEAL GAS PACKAGE,Não cadastrado,Não cadastrado,Desconhecido
174.jpg,resultado_174.jpg,A-44901,Não cadastrado,Não cadastrado,Desconhecido
174.jpg,resultado_174.jpg,"2""-FL4409008-93460X-EP",Não cadastrado,Não cadastrado,Desconhecido
174.jpg,resultado_174.jpg,TYPE V2,Não cadastrado,Não cadastrado,Desconhecido
174.jpg,resultado_174.jpg,8941-01,Não cadastrado,Não cadastrado,Desconhecido
174.jpg,resultado_174.jpg,BOKA MOAOTOBKM,Não cadastrado,Não cadastrado,Desconhecido
174.jpg,resultado_174.jpg,COMPRESSOR UNIT K-0L9O1A,Não cadastrado,Não cadastrado,Desconhecido
174.jpg,resultado_174.jpg,TONBHORO V,Não cadastrado,Não cadastrado,Desconhecido
174.jpg,resultado_174.jpg,"2""_FLO401001-93L60X-EP",Não cadastrado,Não cadastrado,Desconhecido
174.jpg,resultado_174.jpg,EP(23PC,Não cadastrado,Não cadastrado,Desconhecido
174.jpg,resultado_174.jpg,8908-02,Não cadastrado,Não cadastrado,Desconhecido
174.jpg,resultado_174.jpg,YMOTHVTEMBHBM TA3 K,Não cadastrado,Não cadastrado,Desconhecido
174.jpg,resultado_174.jpg,ATPETATY K-0491A,Não cadastrado,Não cadastrado,Desconhecido
174.jpg,resultado_174.jpg,"2""_FL4409008-93460X-EP",Não cadastrado,Não cadastrado,Desconhecido
174.jpg,resultado_174.jpg,2,Não cadastrado,Não cadastrado,Desconhecido
174.jpg,resultado_174.jpg,VZPE,Não cadastrado,Não cadastrado,Desconhecido
174.jpg,resultado_174.jpg,1.300,Não cadastrado,Não cadastrado,Desconhecido
174.jpg,resultado_174.jpg,004-UZ-202,Não cadastrado,Não cadastrado,Desconhecido
174.jpg,resultado_174.jpg,EP(5?C_,Não cadastrado,Não cadastrado,Desconhecido
174.jpg,resultado_174.jpg,"3""-BH6209408-11500X-EP",Não cadastrado,Não cadastrado,Desconhecido
174.jpg,resultado_174.jpg,HA #AKEI BL,Não cadastrado,Não cadastrado,Desconhecido
174.jpg,resultado_174.jpg,"2""-FL0402002-93460X-EP",Não cadastrado,Não cadastrado,Desconhecido
174.jpg,resultado_174.jpg,4,Não cadastrado,Não cadastrado,Desconhecido
174.jpg,resultado_174.jpg,EP(2S9C),Não cadastrado,Não cadastrado,Desconhecido
174.jpg,resultado_174.jpg,EP(238C_,Não cadastrado,Não cadastrado,Desconhecido
174.jpg,resultado_174.jpg,COMPRESSOR UNIT K-049O1B,Não cadastrado,Não cadastrado,Desconhecido
174.jpg,resultado_174.jpg,"2""-FLO402001-93460X-EP",Não cadastrado,Não cadastrado,Desconhecido
174.jpg,resultado_174.jpg,8909-02,Não cadastrado,Não cadastrado,Desconhecido
174.jpg,resultado_174.jpg,YNNOTHTEIBHLM TA3 K,Não cadastrado,Não cadastrado,Desconhecido
174.jpg,resultado_174.jpg,TA3ONEPEKAYBAIOIEMY,Não cadastrado,Não cadastrado,Desconhecido
174.jpg,resultado_174.jpg,ATPETATY K-OL9O1B,Não cadastrado,Não cadastrado,Desconhecido
174.jpg,resultado_174.jpg,EP(5PC),Não cadastrado,Não cadastrado,Desconhecido
174.jpg,resultado_174.jpg,AKEI,Não cadastrado,Não cadastrado,Desconhecido
174.jpg,resultado_174.jpg,FLARE,Não cadastrado,Não cadastrado,Desconhecido
174.jpg,resultado_174.jpg,901B,Não cadastrado,Não cadastrado,Desconhecido
174.jpg,resultado_174.jpg,AFPET,Não cadastrado,Não cadastrado,Desconhecido
174.jpg,resultado_174.jpg,YBAHOIEMY,Não cadastrado,Não cadastrado,Desconhecido
174.jpg,resultado_174.jpg,A3ONEPEKA,Não cadastrado,Não cadastrado,Desconhecido
174.jpg,resultado_174.jpg,YNO,Não cadastrado,Não cadastrado,Desconhecido
174.jpg,resultado_174.jpg,93460X,Não cadastrado,Não cadastrado,Desconhecido
174.jpg,resultado_174.jpg,0402001-,Não cadastrado,Não cadastrado,Desconhecido
174.jpg,resultado_174.jpg,OMPRESSOR,Não cadastrado,Não cadastrado,Desconhecido
174.jpg,resultado_174.jpg,EP(259C,Não cadastrado,Não cadastrado,Desconhecido
174.jpg,resultado_174.jpg,53,Não cadastrado,Não cadastrado,Desconhecido
174.jpg,resultado_174.jpg,EP(2SSC),Não cadastrado,Não cadastrado,Desconhecido
174.jpg,resultado_174.jpg,I1500X,Não cadastrado,Não cadastrado,Desconhecido
174.jpg,resultado_174.jpg,-BH6209408,Não cadastrado,Não cadastrado,Desconhecido
174.jpg,resultado_174.jpg,004-UZ,Não cadastrado,Não cadastrado,Desconhecido
174.jpg,resultado_174.jpg,OBKM,Não cadastrado,Não cadastrado,Desconhecido
174.jpg,resultado_174.jpg,NOTO,Não cadastrado,Não cadastrado,Desconhecido
174.jpg,resultado_174.jpg,B/OKA,Não cadastrado,Não cadastrado,Desconhecido
174.jpg,resultado_174.jpg,TYPE VZ,Não cadastrado,Não cadastrado,Desconhecido
174.jpg,resultado_174.jpg,THVTEMBHE,Não cadastrado,Não cadastrado,Desconhecido
174.jpg,resultado_174.jpg,TYPE TYPE-VZ,Não cadastrado,Não cadastrado,Desconhecido
174.jpg,resultado_174.jpg,004-UL-202,Não cadastrado,Não cadastrado,Desconhecido
174.jpg,resultado_174.jpg,"3""-8H6209408-1150OX-EP",Não cadastrado,Não cadastrado,Desconhecido
174.jpg,resultado_174.jpg,"2""_FLO402002-93460X-EP",Não cadastrado,Não cadastrado,Desconhecido
174.jpg,resultado_174.jpg,EP(23PC),Não cadastrado,Não cadastrado,Desconhecido
174.jpg,resultado_174.jpg,SP_,Não cadastrado,Não cadastrado,Desconhecido
174.jpg,resultado_174.jpg,3460X,Não cadastrado,Não cadastrado,Desconhecido
174.jpg,resultado_174.jpg,4409008,Não cadastrado,Não cadastrado,Desconhecido
174.jpg,resultado_174.jpg,ACKAGE,Não cadastrado,Não cadastrado,Desconhecido
174.jpg,resultado_174.jpg,FROM,Não cadastrado,Não cadastrado,Desconhecido
174.jpg,resultado_174.jpg,ATPPET,Não cadastrado,Não cadastrado,Desconhecido
174.jpg,resultado_174.jpg,YVBAIOIIEMY,Não cadastrado,Não cadastrado,Desconhecido
174.jpg,resultado_174.jpg,A301EPEKA,Não cadastrado,Não cadastrado,Desconhecido
174.jpg,resultado_174.jpg,YMNO,Não cadastrado,Não cadastrado,Desconhecido
174.jpg,resultado_174.jpg,THMTEOBHBV,Não cadastrado,Não cadastrado,Desconhecido
174.jpg,resultado_174.jpg,THMTEMBHOTO,Não cadastrado,Não cadastrado,Desconhecido
174.jpg,resultado_174.jpg,OBHORO,Não cadastrado,Não cadastrado,Desconhecido
174.jpg,resultado_174.jpg,NOJTO,Não cadastrado,Não cadastrado,Desconhecido
174.jpg,resultado_174.jpg,THTEMBHBM,Não cadastrado,Não cadastrado,Desconhecido
174.jpg,resultado_174.jpg,"2""_FLO401001-93460X-EP",Não cadastrado,Não cadastrado,Desconhecido
174.jpg,resultado_174.jpg,"2""_FL0402002_93460",Não cadastrado,Não cadastrado,Desconhecido
174.jpg,resultado_174.jpg,3,Não cadastrado,Não cadastrado,Desconhecido
174.jpg,resultado_174.jpg,44UJUUO,Não cadastrado,Não cadastrado,Desconhecido
174.jpg,resultado_174.jpg,4409008-,Não cadastrado,Não cadastrado,Desconhecido
174.jpg,resultado_174.jpg,AKEA,Não cadastrado,Não cadastrado,Desconhecido
174.jpg,resultado_174.jpg,I1S00X,Não cadastrado,Não cadastrado,Desconhecido
174.jpg,resultado_174.jpg,BH6209308,Não cadastrado,Não cadastrado,Desconhecido
174.jpg,resultado_174.jpg,0,Não cadastrado,Não cadastrado,Desconhecido
174.jpg,resultado_174.jpg,IUN VZ,Não cadastrado,Não cadastrado,Desconhecido
174.jpg,resultado_174.jpg,"3""-BH6209308-11500X-EP",Não cadastrado,Não cadastrado,Desconhecido
174.jpg,resultado_174.jpg,LO,Não cadastrado,Não cadastrado,Desconhecido
174.jpg,resultado_174.jpg,8,Não cadastrado,Não cadastrado,Desconhecido
174.jpg,resultado_174.jpg,V2,Não cadastrado,Não cadastrado,Desconhecido
174.jpg,resultado_174.jpg,1 V2,Não cadastrado,Não cadastrado,Desconhecido
174.jpg,resultado_174.jpg,EP(239,Não cadastrado,Não cadastrado,Desconhecido
174.jpg,resultado_174.jpg,COMPRESSOR UNIT K-049O1A,Não cadastrado,Não cadastrado,Desconhecido
174.jpg,resultado_174.jpg,YMO,Não cadastrado,Não cadastrado,Desconhecido
174.jpg,resultado_174.jpg,THTEMBHB,Não cadastrado,Não cadastrado,Desconhecido
174.jpg,resultado_174.jpg,-8056029H8 -,Não cadastrado,Não cadastrado,Desconhecido
174.jpg,resultado_174.jpg,XOOSH,Não cadastrado,Não cadastrado,Desconhecido
174.jpg,resultado_174.jpg,UJXV,Não cadastrado,Não cadastrado,Desconhecido
174.jpg,resultado_174.jpg,HPE,Não cadastrado,Não cadastrado,Desconhecido
174.jpg,resultado_174.jpg,EP(_,Não cadastrado,Não cadastrado,Desconhecido
174.jpg,resultado_174.jpg,MIIN,Não cadastrado,Não cadastrado,Desconhecido
174.jpg,resultado_174.jpg,004-UL-102,Não cadastrado,Não cadastrado,Desconhecido
174.jpg,resultado_174.jpg,"2""-FLO401002-93460X-EP",Não cadastrado,Não cadastrado,Desconhecido
174.jpg,resultado_174.jpg,EP(238C),Não cadastrado,Não cadastrado,Desconhecido
174.jpg,resultado_174.jpg,YMOTHTEMBHBM TA3 V3,Não cadastrado,Não cadastrado,Desconhecido
174.jpg,resultado_174.jpg,"2""-FLO401001-93460X-EP",Não cadastrado,Não cadastrado,Desconhecido
174.jpg,resultado_174.jpg,EP,Não cadastrado,Não cadastrado,Desconhecido
174.jpg,resultado_174.jpg,B/OKA MOROTOBK,Não cadastrado,Não cadastrado,Desconhecido
174.jpg,resultado_174.jpg,50-5768,Não cadastrado,Não cadastrado,Desconhecido
175.jpg,resultado_175.jpg,1,Não cadastrado,Não cadastrado,Desconhecido
175.jpg,resultado_175.jpg,ICADA] NOTE 3,Não cadastrado,Não cadastrado,Desconhecido
175.jpg,resultado_175.jpg,P?,Não cadastrado,Não cadastrado,Desconhecido
175.jpg,resultado_175.jpg,BETWEEN,Não cadastrado,Não cadastrado,Desconhecido
175.jpg,resultado_175.jpg,"AND 8"" .",Não cadastrado,Não cadastrado,Desconhecido
175.jpg,resultado_175.jpg,FINAL SIZING TO BE,Não cadastrado,Não cadastrado,Desconhecido
175.jpg,resultado_175.jpg,DETERMINED DURING DETAILED DESICN:,Não cadastrado,Não cadastrado,Desconhecido
175.jpg,resultado_175.jpg,SCADA,Não cadastrado,Não cadastrado,Desconhecido
175.jpg,resultado_175.jpg,STAMP,Não cadastrado,Não cadastrado,Desconhecido
175.jpg,resultado_175.jpg,120V POWER TO COME FROM 120V,Não cadastrado,Não cadastrado,Desconhecido
175.jpg,resultado_175.jpg,NOTE,Não cadastrado,Não cadastrado,Desconhecido
175.jpg,resultado_175.jpg,PANELBOARD LOCATED NEAR THE UV SYSTEM,Não cadastrado,Não cadastrado,Desconhecido
175.jpg,resultado_175.jpg,PRELIMINARY,Não cadastrado,Não cadastrado,Desconhecido
175.jpg,resultado_175.jpg,MCC.,Não cadastrado,Não cadastrado,Desconhecido
175.jpg,resultado_175.jpg,HYPO SYSTEM PLC,Não cadastrado,Não cadastrado,Desconhecido
175.jpg,resultado_175.jpg,DATA CONNECTION FOR REMOTE VO PANEL TO,Não cadastrado,Não cadastrado,Desconhecido
175.jpg,resultado_175.jpg,NOT FOR,Não cadastrado,Não cadastrado,Desconhecido
175.jpg,resultado_175.jpg,PANEL,Não cadastrado,Não cadastrado,Desconhecido
175.jpg,resultado_175.jpg,COME FROM THE CHLORINE SYSTEM PLC,Não cadastrado,Não cadastrado,Desconhecido
175.jpg,resultado_175.jpg,FIELD,Não cadastrado,Não cadastrado,Desconhecido
175.jpg,resultado_175.jpg,FLOWMETER AND VALVE TO BE,Não cadastrado,Não cadastrado,Desconhecido
175.jpg,resultado_175.jpg,CONSTRUCTION,Não cadastrado,Não cadastrado,Desconhecido
175.jpg,resultado_175.jpg,CONTROLLED AND MONITORED BY SCADA,Não cadastrado,Não cadastrado,Desconhecido
175.jpg,resultado_175.jpg,PIPE HEADER AND RIO PANEL TO BE LOCATED,Não cadastrado,Não cadastrado,Desconhecido
175.jpg,resultado_175.jpg,CONSULTANT,Não cadastrado,Não cadastrado,Desconhecido
175.jpg,resultado_175.jpg,NEAR EXISTING EFFLUENT BOX ON THE WWTP,Não cadastrado,Não cadastrado,Desconhecido
175.jpg,resultado_175.jpg,SITE,Não cadastrado,Não cadastrado,Desconhecido
175.jpg,resultado_175.jpg,5,Não cadastrado,Não cadastrado,Desconhecido
175.jpg,resultado_175.jpg,CITY 0F,Não cadastrado,Não cadastrado,Desconhecido
175.jpg,resultado_175.jpg,PALO,Não cadastrado,Não cadastrado,Desconhecido
175.jpg,resultado_175.jpg,ALIO,Não cadastrado,Não cadastrado,Desconhecido
175.jpg,resultado_175.jpg,3,Não cadastrado,Não cadastrado,Desconhecido
175.jpg,resultado_175.jpg,18,Não cadastrado,Não cadastrado,Desconhecido
175.jpg,resultado_175.jpg,"NOTE 2, TYP",Não cadastrado,Não cadastrado,Desconhecido
175.jpg,resultado_175.jpg,RIO PANEL,Não cadastrado,Não cadastrado,Desconhecido
175.jpg,resultado_175.jpg,120V,Não cadastrado,Não cadastrado,Desconhecido
175.jpg,resultado_175.jpg,HS,Não cadastrado,Não cadastrado,Desconhecido
175.jpg,resultado_175.jpg,FIRC,Não cadastrado,Não cadastrado,Desconhecido
175.jpg,resultado_175.jpg,CAPPEVEDRTRETRHESORIZONACH,Não cadastrado,Não cadastrado,Desconhecido
175.jpg,resultado_175.jpg,SIDE,Não cadastrado,Não cadastrado,Desconhecido
175.jpg,resultado_175.jpg,REVISIONS,Não cadastrado,Não cadastrado,Desconhecido
175.jpg,resultado_175.jpg,DATE,Não cadastrado,Não cadastrado,Desconhecido
175.jpg,resultado_175.jpg,DESCRIPTION,Não cadastrado,Não cadastrado,Desconhecido
175.jpg,resultado_175.jpg,NOTES 2 & 4,Não cadastrado,Não cadastrado,Desconhecido
175.jpg,resultado_175.jpg,PALO ALTO,Não cadastrado,Não cadastrado,Desconhecido
175.jpg,resultado_175.jpg,PAHLPP SITE,Não cadastrado,Não cadastrado,Desconhecido
175.jpg,resultado_175.jpg,RWQCP,Não cadastrado,Não cadastrado,Desconhecido
175.jpg,resultado_175.jpg,FLOW CONTROL,Não cadastrado,Não cadastrado,Desconhecido
175.jpg,resultado_175.jpg,VALVE,Não cadastrado,Não cadastrado,Desconhecido
175.jpg,resultado_175.jpg,MANUAL ONIOFF,Não cadastrado,Não cadastrado,Desconhecido
175.jpg,resultado_175.jpg,DESIGNED,Não cadastrado,Não cadastrado,Desconhecido
175.jpg,resultado_175.jpg,R NATOLI,Não cadastrado,Não cadastrado,Desconhecido
175.jpg,resultado_175.jpg,DRAWN,Não cadastrado,Não cadastrado,Desconhecido
175.jpg,resultado_175.jpg,R MCCOMB,Não cadastrado,Não cadastrado,Desconhecido
175.jpg,resultado_175.jpg,CHECK,Não cadastrado,Não cadastrado,Desconhecido
175.jpg,resultado_175.jpg,MOTORIZED,Não cadastrado,Não cadastrado,Desconhecido
175.jpg,resultado_175.jpg,PROJECT NUMBER D201801306.01,Não cadastrado,Não cadastrado,Desconhecido
175.jpg,resultado_175.jpg,ONOFF,Não cadastrado,Não cadastrado,Desconhecido
175.jpg,resultado_175.jpg,ISSUE DATE,Não cadastrado,Não cadastrado,Desconhecido
175.jpg,resultado_175.jpg,10/21/2020,Não cadastrado,Não cadastrado,Desconhecido
175.jpg,resultado_175.jpg,EXIST),Não cadastrado,Não cadastrado,Desconhecido
175.jpg,resultado_175.jpg,TO FRESHWATER,Não cadastrado,Não cadastrado,Desconhecido
175.jpg,resultado_175.jpg,SCALE IS AS SHOWN WHEN,Não cadastrado,Não cadastrado,Desconhecido
175.jpg,resultado_175.jpg,"PLOTTED TO FULL SIZE (22""X34"")",Não cadastrado,Não cadastrado,Desconhecido
175.jpg,resultado_175.jpg,MARSH POND,Não cadastrado,Não cadastrado,Desconhecido
175.jpg,resultado_175.jpg,PHASE,Não cadastrado,Não cadastrado,Desconhecido
175.jpg,resultado_175.jpg,DRAFT 30% DESIGN,Não cadastrado,Não cadastrado,Desconhecido
175.jpg,resultado_175.jpg,DRAWINGS,Não cadastrado,Não cadastrado,Desconhecido
175.jpg,resultado_175.jpg,SHEET TITLE,Não cadastrado,Não cadastrado,Desconhecido
175.jpg,resultado_175.jpg,MANUAL VALVE AND,Não cadastrado,Não cadastrado,Desconhecido
175.jpg,resultado_175.jpg,PIPING PROCESS,Não cadastrado,Não cadastrado,Desconhecido
175.jpg,resultado_175.jpg,ANALOG FLOW,Não cadastrado,Não cadastrado,Desconhecido
175.jpg,resultado_175.jpg,AND,Não cadastrado,Não cadastrado,Desconhecido
175.jpg,resultado_175.jpg,EXISTING EFFLUENT,Não cadastrado,Não cadastrado,Desconhecido
175.jpg,resultado_175.jpg,"METER, TYP",Não cadastrado,Não cadastrado,Desconhecido
175.jpg,resultado_175.jpg,MIXING BOX,Não cadastrado,Não cadastrado,Desconhecido
175.jpg,resultado_175.jpg,INSTRUMENTATION,Não cadastrado,Não cadastrado,Desconhecido
175.jpg,resultado_175.jpg,DIAGRAM (P&ID),Não cadastrado,Não cadastrado,Desconhecido
175.jpg,resultado_175.jpg,HORIZONTAL LEVEE,Não cadastrado,Não cadastrado,Desconhecido
175.jpg,resultado_175.jpg,SHEET NUMBER,Não cadastrado,Não cadastrado,Desconhecido
175.jpg,resultado_175.jpg,M-01,Não cadastrado,Não cadastrado,Desconhecido
175.jpg,resultado_175.jpg,SHEET 12,Não cadastrado,Não cadastrado,Desconhecido
175.jpg,resultado_175.jpg,OF,Não cadastrado,Não cadastrado,Desconhecido
175.jpg,resultado_175.jpg,12,Não cadastrado,Não cadastrado,Desconhecido
175.jpg,resultado_175.jpg,NOTES:,Não cadastrado,Não cadastrado,Desconhecido
175.jpg,resultado_175.jpg,NOTE 3,Não cadastrado,Não cadastrado,Desconhecido
175.jpg,resultado_175.jpg,PIPE SIZE TO HORIZONTAL LEVEE TO BE,Não cadastrado,Não cadastrado,Desconhecido
175.jpg,resultado_175.jpg,100,Não cadastrado,Não cadastrado,Desconhecido
175.jpg,resultado_175.jpg,"AND 8"". FINAL SIZING TO BE",Não cadastrado,Não cadastrado,Desconhecido
175.jpg,resultado_175.jpg,SITE:,Não cadastrado,Não cadastrado,Desconhecido
175.jpg,resultado_175.jpg,ALTO,Não cadastrado,Não cadastrado,Desconhecido
175.jpg,resultado_175.jpg,NOTE 2 TYP,Não cadastrado,Não cadastrado,Desconhecido
175.jpg,resultado_175.jpg,RIQ PANEL,Não cadastrado,Não cadastrado,Desconhecido
175.jpg,resultado_175.jpg,FIRQ,Não cadastrado,Não cadastrado,Desconhecido
175.jpg,resultado_175.jpg,Y,Não cadastrado,Não cadastrado,Desconhecido
175.jpg,resultado_175.jpg,MANUAL,Não cadastrado,Não cadastrado,Desconhecido
175.jpg,resultado_175.jpg,ONIOFF,Não cadastrado,Não cadastrado,Desconhecido
175.jpg,resultado_175.jpg,CHECKED,Não cadastrado,Não cadastrado,Desconhecido
175.jpg,resultado_175.jpg,"12"" (EXIST)",Não cadastrado,Não cadastrado,Desconhecido
175.jpg,resultado_175.jpg,IN CHARGE,Não cadastrado,Não cadastrado,Desconhecido
175.jpg,resultado_175.jpg,PROJECT NUMBER,Não cadastrado,Não cadastrado,Desconhecido
175.jpg,resultado_175.jpg,D201801306.01,Não cadastrado,Não cadastrado,Desconhecido
175.jpg,resultado_175.jpg,"PLOTTED TO FULL SIZE (22*X34"")",Não cadastrado,Não cadastrado,Desconhecido
175.jpg,resultado_175.jpg,SHEET,Não cadastrado,Não cadastrado,Desconhecido
175.jpg,resultado_175.jpg,OF 12,Não cadastrado,Não cadastrado,Desconhecido
175.jpg,resultado_175.jpg,0,Não cadastrado,Não cadastrado,Desconhecido
175.jpg,resultado_175.jpg,M,Não cadastrado,Não cadastrado,Desconhecido
175.jpg,resultado_175.jpg,H,Não cadastrado,Não cadastrado,Desconhecido
175.jpg,resultado_175.jpg,2,Não cadastrado,Não cadastrado,Desconhecido
175.jpg,resultado_175.jpg,),Não cadastrado,Não cadastrado,Desconhecido
175.jpg,resultado_175.jpg,NQTES:,Não cadastrado,Não cadastrado,Desconhecido
175.jpg,resultado_175.jpg,ISCADA,Não cadastrado,Não cadastrado,Desconhecido
175.jpg,resultado_175.jpg,100-,Não cadastrado,Não cadastrado,Desconhecido
175.jpg,resultado_175.jpg,"BETWEEN 4"" AND 8""",Não cadastrado,Não cadastrado,Desconhecido
175.jpg,resultado_175.jpg,DETERMINED DURING DETAILED DESIGN:,Não cadastrado,Não cadastrado,Desconhecido
175.jpg,resultado_175.jpg,2. 120V POWER TO COME FROM 120V,Não cadastrado,Não cadastrado,Desconhecido
175.jpg,resultado_175.jpg,MCC,Não cadastrado,Não cadastrado,Desconhecido
175.jpg,resultado_175.jpg,CONTROLLED AND MONITORED BY SCADA:,Não cadastrado,Não cadastrado,Desconhecido
175.jpg,resultado_175.jpg,ZC,Não cadastrado,Não cadastrado,Desconhecido
175.jpg,resultado_175.jpg,CAPPED FOR FUTURE HORIZONTAL,Não cadastrado,Não cadastrado,Desconhecido
175.jpg,resultado_175.jpg,LEVEE STRETCHES; TYP EACH,Não cadastrado,Não cadastrado,Desconhecido
175.jpg,resultado_175.jpg,NOTES ? & 4,Não cadastrado,Não cadastrado,Desconhecido
175.jpg,resultado_175.jpg,(EXIST),Não cadastrado,Não cadastrado,Desconhecido
175.jpg,resultado_175.jpg,METER,Não cadastrado,Não cadastrado,Desconhecido
175.jpg,resultado_175.jpg,TYP,Não cadastrado,Não cadastrado,Desconhecido
175.jpg,resultado_175.jpg,CHE,Não cadastrado,Não cadastrado,Desconhecido
175.jpg,resultado_175.jpg,VAL,Não cadastrado,Não cadastrado,Desconhecido
176.jpg,resultado_176.jpg,ICU 1001,Não cadastrado,Não cadastrado,Desconhecido
176.jpg,resultado_176.jpg,ICU-1002,Não cadastrado,Não cadastrado,Desconhecido
176.jpg,resultado_176.jpg,R-1002,Não cadastrado,Não cadastrado,Desconhecido
176.jpg,resultado_176.jpg,P.1003,Não cadastrado,Não cadastrado,Desconhecido
176.jpg,resultado_176.jpg,WS1001,Não cadastrado,Não cadastrado,Desconhecido
176.jpg,resultado_176.jpg,WS1002,Não cadastrado,Não cadastrado,Desconhecido
176.jpg,resultado_176.jpg,P.102,Não cadastrado,Não cadastrado,Desconhecido
176.jpg,resultado_176.jpg,00,Não cadastrado,Não cadastrado,Desconhecido
176.jpg,resultado_176.jpg,AO,Não cadastrado,Não cadastrado,Desconhecido
176.jpg,resultado_176.jpg,1,Não cadastrado,Não cadastrado,Desconhecido
176.jpg,resultado_176.jpg,P1001,Não cadastrado,Não cadastrado,Desconhecido
176.jpg,resultado_176.jpg,P10?,Não cadastrado,Não cadastrado,Desconhecido
176.jpg,resultado_176.jpg,8,Não cadastrado,Não cadastrado,Desconhecido
176.jpg,resultado_176.jpg,001,Não cadastrado,Não cadastrado,Desconhecido
176.jpg,resultado_176.jpg,J01,Não cadastrado,Não cadastrado,Desconhecido
176.jpg,resultado_176.jpg,3,Não cadastrado,Não cadastrado,Desconhecido
176.jpg,resultado_176.jpg,TCU-1002,Não cadastrado,Não cadastrado,Desconhecido
184.jpg,resultado_184.jpg,FEEDFORWARD,Não cadastrado,Não cadastrado,Desconhecido
184.jpg,resultado_184.jpg,AC,Não cadastrado,Não cadastrado,Desconhecido
184.jpg,resultado_184.jpg,FT,Não cadastrado,Não cadastrado,Desconhecido
184.jpg,resultado_184.jpg,FC,Fail Close,Falha de Válvula,Identificado
184.jpg,resultado_184.jpg,104,Não cadastrado,Não cadastrado,Desconhecido
184.jpg,resultado_184.jpg,105,Não cadastrado,Não cadastrado,Desconhecido
184.jpg,resultado_184.jpg,REAGENT,Não cadastrado,Não cadastrado,Desconhecido
184.jpg,resultado_184.jpg,SIGNAL,Não cadastrado,Não cadastrado,Desconhecido
184.jpg,resultado_184.jpg,STAGE,Não cadastrado,Não cadastrado,Desconhecido
184.jpg,resultado_184.jpg,CHARACTERIZER,Não cadastrado,Não cadastrado,Desconhecido
184.jpg,resultado_184.jpg,102,Não cadastrado,Não cadastrado,Desconhecido
184.jpg,resultado_184.jpg,AY,Não cadastrado,Não cadastrado,Desconhecido
184.jpg,resultado_184.jpg,103,Não cadastrado,Não cadastrado,Desconhecido
184.jpg,resultado_184.jpg,STAGE 2,Não cadastrado,Não cadastrado,Desconhecido
184.jpg,resultado_184.jpg,FV,Não cadastrado,Não cadastrado,Desconhecido
184.jpg,resultado_184.jpg,AV,Não cadastrado,Não cadastrado,Desconhecido
184.jpg,resultado_184.jpg,101,Não cadastrado,Não cadastrado,Desconhecido
184.jpg,resultado_184.jpg,AT,Não cadastrado,Não cadastrado,Desconhecido
184.jpg,resultado_184.jpg,STATIC MIXER,Não cadastrado,Não cadastrado,Desconhecido
184.jpg,resultado_184.jpg,FEED,Não cadastrado,Não cadastrado,Desconhecido
184.jpg,resultado_184.jpg,NEUTRALIZER,Não cadastrado,Não cadastrado,Desconhecido
184.jpg,resultado_184.jpg,106,Não cadastrado,Não cadastrado,Desconhecido
184.jpg,resultado_184.jpg,DISCHARGE,Não cadastrado,Não cadastrado,Desconhecido
184.jpg,resultado_184.jpg,FIGURE 7-16. EXAMPLE,Não cadastrado,Não cadastrado,Desconhecido
184.jpg,resultado_184.jpg,BASIC NEUTRALIZER CONTROL SYSTEM,Não cadastrado,Não cadastrado,Desconhecido
184.jpg,resultado_184.jpg,IGNAL,Não cadastrado,Não cadastrado,Desconhecido
184.jpg,resultado_184.jpg,HARACTERIZER,Não cadastrado,Não cadastrado,Desconhecido
185.jpg,resultado_185.jpg,PV,Não cadastrado,Não cadastrado,Desconhecido
185.jpg,resultado_185.jpg,PC,Não cadastrado,Não cadastrado,Desconhecido
185.jpg,resultado_185.jpg,115,Não cadastrado,Não cadastrado,Desconhecido
185.jpg,resultado_185.jpg,FO,Fail Open,Falha de Válvula,Identificado
185.jpg,resultado_185.jpg,VENT,Não cadastrado,Não cadastrado,Desconhecido
185.jpg,resultado_185.jpg,FEEDFORWARD,Não cadastrado,Não cadastrado,Desconhecido
185.jpg,resultado_185.jpg,LC,Não cadastrado,Não cadastrado,Desconhecido
185.jpg,resultado_185.jpg,FT111,Não cadastrado,Não cadastrado,Desconhecido
185.jpg,resultado_185.jpg,LT,Não cadastrado,Não cadastrado,Desconhecido
185.jpg,resultado_185.jpg,FEED TANK,Não cadastrado,Não cadastrado,Desconhecido
185.jpg,resultado_185.jpg,117,Não cadastrado,Não cadastrado,Desconhecido
185.jpg,resultado_185.jpg,DISTILLATE,Não cadastrado,Não cadastrado,Desconhecido
185.jpg,resultado_185.jpg,FC,Fail Close,Falha de Válvula,Identificado
185.jpg,resultado_185.jpg,118,Não cadastrado,Não cadastrado,Desconhecido
185.jpg,resultado_185.jpg,RECEIVER,Não cadastrado,Não cadastrado,Desconhecido
185.jpg,resultado_185.jpg,114,Não cadastrado,Não cadastrado,Desconhecido
185.jpg,resultado_185.jpg,FV,Não cadastrado,Não cadastrado,Desconhecido
185.jpg,resultado_185.jpg,PT,Não cadastrado,Não cadastrado,Desconhecido
185.jpg,resultado_185.jpg,FT,Não cadastrado,Não cadastrado,Desconhecido
185.jpg,resultado_185.jpg,REFLUX,Não cadastrado,Não cadastrado,Desconhecido
185.jpg,resultado_185.jpg,OVERHEADS,Não cadastrado,Não cadastrado,Desconhecido
185.jpg,resultado_185.jpg,111,Não cadastrado,Não cadastrado,Desconhecido
185.jpg,resultado_185.jpg,RTD,Não cadastrado,Não cadastrado,Desconhecido
185.jpg,resultado_185.jpg,COLUMN,Não cadastrado,Não cadastrado,Desconhecido
185.jpg,resultado_185.jpg,FEED,Não cadastrado,Não cadastrado,Desconhecido
185.jpg,resultado_185.jpg,TC,Não cadastrado,Não cadastrado,Desconhecido
185.jpg,resultado_185.jpg,116,Não cadastrado,Não cadastrado,Desconhecido
185.jpg,resultado_185.jpg,STORAGE TANK,Não cadastrado,Não cadastrado,Desconhecido
185.jpg,resultado_185.jpg,110,Não cadastrado,Não cadastrado,Desconhecido
185.jpg,resultado_185.jpg,113,Não cadastrado,Não cadastrado,Desconhecido
185.jpg,resultado_185.jpg,112,Não cadastrado,Não cadastrado,Desconhecido
185.jpg,resultado_185.jpg,STEAM,Não cadastrado,Não cadastrado,Desconhecido
185.jpg,resultado_185.jpg,BOTTOMS,Não cadastrado,Não cadastrado,Desconhecido
185.jpg,resultado_185.jpg,FIGURE 7-17. BASIC COLUMN CONTROL SYSTEM,Não cadastrado,Não cadastrado,Desconhecido
185.jpg,resultado_185.jpg,17,Não cadastrado,Não cadastrado,Desconhecido
185.jpg,resultado_185.jpg,11,Não cadastrado,Não cadastrado,Desconhecido
185.jpg,resultado_185.jpg,DISTIL,Não cadastrado,Não cadastrado,Desconhecido
185.jpg,resultado_185.jpg,RECE,Não cadastrado,Não cadastrado,Desconhecido
186.jpg,resultado_186.jpg,GATE,Não cadastrado,Não cadastrado,Desconhecido
186.jpg,resultado_186.jpg,GLOBE,Não cadastrado,Não cadastrado,Desconhecido
186.jpg,resultado_186.jpg,BALL,Não cadastrado,Não cadastrado,Desconhecido
186.jpg,resultado_186.jpg,PLUG,Não cadastrado,Não cadastrado,Desconhecido
186.jpg,resultado_186.jpg,BUTTERTLY,Não cadastrado,Não cadastrado,Desconhecido
186.jpg,resultado_186.jpg,NEEDLE,Não cadastrado,Não cadastrado,Desconhecido
186.jpg,resultado_186.jpg,DIAPH,Não cadastrado,Não cadastrado,Desconhecido
186.jpg,resultado_186.jpg,Y-TYPE,Não cadastrado,Não cadastrado,Desconhecido
186.jpg,resultado_186.jpg,TNREE,Não cadastrado,Não cadastrado,Desconhecido
186.jpg,resultado_186.jpg,THREE,Não cadastrado,Não cadastrado,Desconhecido
186.jpg,resultado_186.jpg,WAY,Não cadastrado,Não cadastrado,Desconhecido
186.jpg,resultado_186.jpg,CHECK,Não cadastrado,Não cadastrado,Desconhecido
186.jpg,resultado_186.jpg,BOLTOM,Não cadastrado,Não cadastrado,Desconhecido
186.jpg,resultado_186.jpg,RELLEF,Não cadastrado,Não cadastrado,Desconhecido
186.jpg,resultado_186.jpg,RELIELF,Não cadastrado,Não cadastrado,Desconhecido
186.jpg,resultado_186.jpg,CONTROL,Não cadastrado,Não cadastrado,Desconhecido
186.jpg,resultado_186.jpg,STRAIGHT,Não cadastrado,Não cadastrado,Desconhecido
186.jpg,resultado_186.jpg,CONIROL,Não cadastrado,Não cadastrado,Desconhecido
186.jpg,resultado_186.jpg,ANGLE,Não cadastrado,Não cadastrado,Desconhecido
187.jpg,resultado_187.jpg,GATE VALVES,Não cadastrado,Não cadastrado,Desconhecido
187.jpg,resultado_187.jpg,GATE,Não cadastrado,Não cadastrado,Desconhecido
187.jpg,resultado_187.jpg,MANUAL OPERATED,Não cadastrado,Não cadastrado,Desconhecido
187.jpg,resultado_187.jpg,PNEUMATIC,Não cadastrado,Não cadastrado,Desconhecido
187.jpg,resultado_187.jpg,MOTOR,Não cadastrado,Não cadastrado,Desconhecido
187.jpg,resultado_187.jpg,HYDRAULIC,Não cadastrado,Não cadastrado,Desconhecido
187.jpg,resultado_187.jpg,BLEEDER,Não cadastrado,Não cadastrado,Desconhecido
187.jpg,resultado_187.jpg,GLOBE VALVES,Não cadastrado,Não cadastrado,Desconhecido
187.jpg,resultado_187.jpg,GLOBE,Não cadastrado,Não cadastrado,Desconhecido
187.jpg,resultado_187.jpg,ANGLE,Não cadastrado,Não cadastrado,Desconhecido
187.jpg,resultado_187.jpg,NEEDLE,Não cadastrado,Não cadastrado,Desconhecido
187.jpg,resultado_187.jpg,BALL VALVES,Não cadastrado,Não cadastrado,Desconhecido
187.jpg,resultado_187.jpg,PLUG VALVES,Não cadastrado,Não cadastrado,Desconhecido
187.jpg,resultado_187.jpg,MOTOR OR HYDRAULIC,Não cadastrado,Não cadastrado,Desconhecido
187.jpg,resultado_187.jpg,BUTTERFLY VALVES,Não cadastrado,Não cadastrado,Desconhecido
187.jpg,resultado_187.jpg,PNEUMATIC OPERATED,Não cadastrado,Não cadastrado,Desconhecido
187.jpg,resultado_187.jpg,SOLENOID CLOSED,Não cadastrado,Não cadastrado,Desconhecido
187.jpg,resultado_187.jpg,THREE-WAY,Não cadastrado,Não cadastrado,Desconhecido
187.jpg,resultado_187.jpg,DIAPHRAGM VALVES,Não cadastrado,Não cadastrado,Desconhecido
187.jpg,resultado_187.jpg,CHECK VALVES,Não cadastrado,Não cadastrado,Desconhecido
187.jpg,resultado_187.jpg,DIAPHRAGM,Não cadastrado,Não cadastrado,Desconhecido
187.jpg,resultado_187.jpg,CHECK VALVE,Não cadastrado,Não cadastrado,Desconhecido
187.jpg,resultado_187.jpg,STOP CHECK,Não cadastrado,Não cadastrado,Desconhecido
187.jpg,resultado_187.jpg,SAFETY (GASES),Não cadastrado,Não cadastrado,Desconhecido
187.jpg,resultado_187.jpg,RELIEF (LIQUIDS),Não cadastrado,Não cadastrado,Desconhecido
187.jpg,resultado_187.jpg,PINCH,Não cadastrado,Não cadastrado,Desconhecido
187.jpg,resultado_187.jpg,GAUGE,Não cadastrado,Não cadastrado,Desconhecido
187.jpg,resultado_187.jpg,ORIFICE,Não cadastrado,Não cadastrado,Desconhecido
187.jpg,resultado_187.jpg,AFETY,Não cadastrado,Não cadastrado,Desconhecido
187.jpg,resultado_187.jpg,ALVE,Não cadastrado,Não cadastrado,Desconhecido
187.jpg,resultado_187.jpg,IAPH,Não cadastrado,Não cadastrado,Desconhecido
187.jpg,resultado_187.jpg,SOLENOID,Não cadastrado,Não cadastrado,Desconhecido
187.jpg,resultado_187.jpg,OPERATED,Não cadastrado,Não cadastrado,Desconhecido
188.jpg,resultado_188.jpg,GATE VALVES,Não cadastrado,Não cadastrado,Desconhecido
188.jpg,resultado_188.jpg,FAIL-SAFE,Não cadastrado,Não cadastrado,Desconhecido
188.jpg,resultado_188.jpg,POSITION,Não cadastrado,Não cadastrado,Desconhecido
188.jpg,resultado_188.jpg,HAND DPCRATED,Não cadastrado,Não cadastrado,Desconhecido
188.jpg,resultado_188.jpg,FNCUMATIC,Não cadastrado,Não cadastrado,Desconhecido
188.jpg,resultado_188.jpg,PNCUMATIC,Não cadastrado,Não cadastrado,Desconhecido
188.jpg,resultado_188.jpg,BALANCC,Não cadastrado,Não cadastrado,Desconhecido
188.jpg,resultado_188.jpg,GATE,Não cadastrado,Não cadastrado,Desconhecido
188.jpg,resultado_188.jpg,IMANUA,Não cadastrado,Não cadastrado,Desconhecido
188.jpg,resultado_188.jpg,(DIAPHRAGM),Não cadastrado,Não cadastrado,Desconhecido
188.jpg,resultado_188.jpg,MOTOR,Não cadastrado,Não cadastrado,Desconhecido
188.jpg,resultado_188.jpg,HYDRAULIC,Não cadastrado,Não cadastrado,Desconhecido
188.jpg,resultado_188.jpg,IROTARY,Não cadastrado,Não cadastrado,Desconhecido
188.jpg,resultado_188.jpg,DIAPHRAGMI,Não cadastrado,Não cadastrado,Desconhecido
188.jpg,resultado_188.jpg,FRCSSURC REGULATOR,Não cadastrado,Não cadastrado,Desconhecido
188.jpg,resultado_188.jpg,BACK PRESSURE RCQULATOR,Não cadastrado,Não cadastrado,Desconhecido
188.jpg,resultado_188.jpg,CLOSC],Não cadastrado,Não cadastrado,Desconhecido
188.jpg,resultado_188.jpg,GLOBE VALVES,Não cadastrado,Não cadastrado,Desconhecido
188.jpg,resultado_188.jpg,OTHER VALVES,Não cadastrado,Não cadastrado,Desconhecido
188.jpg,resultado_188.jpg,T#,Não cadastrado,Não cadastrado,Desconhecido
188.jpg,resultado_188.jpg,FAIL OPEN,Não cadastrado,Não cadastrado,Desconhecido
188.jpg,resultado_188.jpg,GLCCA,Não cadastrado,Não cadastrado,Desconhecido
188.jpg,resultado_188.jpg,HAND OPERATED,Não cadastrado,Não cadastrado,Desconhecido
188.jpg,resultado_188.jpg,HYDRAUILIC,Não cadastrado,Não cadastrado,Desconhecido
188.jpg,resultado_188.jpg,BLEEDER,Não cadastrado,Não cadastrado,Desconhecido
188.jpg,resultado_188.jpg,SO ENOID CLOSEDD,Não cadastrado,Não cadastrado,Desconhecido
188.jpg,resultado_188.jpg,KR IE,Não cadastrado,Não cadastrado,Desconhecido
188.jpg,resultado_188.jpg,SLIDE,Não cadastrado,Não cadastrado,Desconhecido
188.jpg,resultado_188.jpg,END,Não cadastrado,Não cadastrado,Desconhecido
188.jpg,resultado_188.jpg,CONNECTION,Não cadastrado,Não cadastrado,Desconhecido
188.jpg,resultado_188.jpg,ANGLE VALVES,Não cadastrado,Não cadastrado,Desconhecido
188.jpg,resultado_188.jpg,FLARGED,Não cadastrado,Não cadastrado,Desconhecido
188.jpg,resultado_188.jpg,ANGLE,Não cadastrado,Não cadastrado,Desconhecido
188.jpg,resultado_188.jpg,HARD OPERATED,Não cadastrado,Não cadastrado,Desconhecido
188.jpg,resultado_188.jpg,"PNEUMA"" €",Não cadastrado,Não cadastrado,Desconhecido
188.jpg,resultado_188.jpg,BLOVADOWN,Não cadastrado,Não cadastrado,Desconhecido
188.jpg,resultado_188.jpg,FLCAL-OPERALED,Não cadastrado,Não cadastrado,Desconhecido
188.jpg,resultado_188.jpg,AOLARY,Não cadastrado,Não cadastrado,Desconhecido
188.jpg,resultado_188.jpg,NEEDLLE,Não cadastrado,Não cadastrado,Desconhecido
188.jpg,resultado_188.jpg,PIRICHI,Não cadastrado,Não cadastrado,Desconhecido
188.jpg,resultado_188.jpg,BALL VALVES,Não cadastrado,Não cadastrado,Desconhecido
188.jpg,resultado_188.jpg,PLUG VALVES,Não cadastrado,Não cadastrado,Desconhecido
188.jpg,resultado_188.jpg,BUTTERFLY VALVES,Não cadastrado,Não cadastrado,Desconhecido
188.jpg,resultado_188.jpg,CHECK VALVES,Não cadastrado,Não cadastrado,Desconhecido
188.jpg,resultado_188.jpg,READED,Não cadastrado,Não cadastrado,Desconhecido
188.jpg,resultado_188.jpg,FVDRAULIC,Não cadastrado,Não cadastrado,Desconhecido
188.jpg,resultado_188.jpg,FLUG,Não cadastrado,Não cadastrado,Desconhecido
188.jpg,resultado_188.jpg,BUTTERIL;,Não cadastrado,Não cadastrado,Desconhecido
188.jpg,resultado_188.jpg,FNEUMATIC,Não cadastrado,Não cadastrado,Desconhecido
188.jpg,resultado_188.jpg,CNEC* VAVE,Não cadastrado,Não cadastrado,Desconhecido
188.jpg,resultado_188.jpg,STOP CHEC*,Não cadastrado,Não cadastrado,Desconhecido
188.jpg,resultado_188.jpg,WELCED,Não cadastrado,Não cadastrado,Desconhecido
188.jpg,resultado_188.jpg,DIAPHRAGM VALVES,Não cadastrado,Não cadastrado,Desconhecido
188.jpg,resultado_188.jpg,SAFETY,Não cadastrado,Não cadastrado,Desconhecido
188.jpg,resultado_188.jpg,RELIEF,Não cadastrado,Não cadastrado,Desconhecido
188.jpg,resultado_188.jpg,QUARTER TURN,Não cadastrado,Não cadastrado,Desconhecido
188.jpg,resultado_188.jpg,EQUIPMENT,Não cadastrado,Não cadastrado,Desconhecido
188.jpg,resultado_188.jpg,M,Não cadastrado,Não cadastrado,Desconhecido
188.jpg,resultado_188.jpg,SOCKE. WELD,Não cadastrado,Não cadastrado,Desconhecido
188.jpg,resultado_188.jpg,QUARTER TUMN VALVE,Não cadastrado,Não cadastrado,Desconhecido
188.jpg,resultado_188.jpg,QUARTER TURN VALVE,Não cadastrado,Não cadastrado,Desconhecido
188.jpg,resultado_188.jpg,DIAPHRAMM,Não cadastrado,Não cadastrado,Desconhecido
188.jpg,resultado_188.jpg,MOTCR,Não cadastrado,Não cadastrado,Desconhecido
188.jpg,resultado_188.jpg,PSV,Não cadastrado,Não cadastrado,Desconhecido
188.jpg,resultado_188.jpg,PRV,Não cadastrado,Não cadastrado,Desconhecido
188.jpg,resultado_188.jpg,ACTING,Não cadastrado,Não cadastrado,Desconhecido
188.jpg,resultado_188.jpg,SPR NG ACTNY,Não cadastrado,Não cadastrado,Desconhecido
188.jpg,resultado_188.jpg,ROTAMEJER,Não cadastrado,Não cadastrado,Desconhecido
188.jpg,resultado_188.jpg,GAUGE,Não cadastrado,Não cadastrado,Desconhecido
188.jpg,resultado_188.jpg,URIFICE,Não cadastrado,Não cadastrado,Desconhecido
188.jpg,resultado_188.jpg,AGIE,Não cadastrado,Não cadastrado,Desconhecido
188.jpg,resultado_188.jpg,QUARTER,Não cadastrado,Não cadastrado,Desconhecido
188.jpg,resultado_188.jpg,DIAPHRAGM,Não cadastrado,Não cadastrado,Desconhecido
188.jpg,resultado_188.jpg,CHECK,Não cadastrado,Não cadastrado,Desconhecido
188.jpg,resultado_188.jpg,BUTTERFL,Não cadastrado,Não cadastrado,Desconhecido
188.jpg,resultado_188.jpg,VALVES,Não cadastrado,Não cadastrado,Desconhecido
188.jpg,resultado_188.jpg,OTHER,Não cadastrado,Não cadastrado,Desconhecido
188.jpg,resultado_188.jpg,GLOBE,Não cadastrado,Não cadastrado,Desconhecido
190.jpg,resultado_190.jpg,PUMPS,Não cadastrado,Não cadastrado,Desconhecido
190.jpg,resultado_190.jpg,CENTRIFUGAL,Não cadastrado,Não cadastrado,Desconhecido
190.jpg,resultado_190.jpg,M,Não cadastrado,Não cadastrado,Desconhecido
190.jpg,resultado_190.jpg,(MOTOR DRIVEN),Não cadastrado,Não cadastrado,Desconhecido
190.jpg,resultado_190.jpg,DIAPHRAGM,Não cadastrado,Não cadastrado,Desconhecido
190.jpg,resultado_190.jpg,DOUBLE-DIAPHRAGM,Não cadastrado,Não cadastrado,Desconhecido
190.jpg,resultado_190.jpg,(PNEUMATICIHYDRAULIC,Não cadastrado,Não cadastrado,Desconhecido
190.jpg,resultado_190.jpg,DRIVE),Não cadastrado,Não cadastrado,Desconhecido
190.jpg,resultado_190.jpg,RA,Não cadastrado,Não cadastrado,Desconhecido
191.jpg,resultado_191.jpg,PIPIG FITTIGS,Não cadastrado,Não cadastrado,Desconhecido
191.jpg,resultado_191.jpg,FLANGE,Não cadastrado,Não cadastrado,Desconhecido
191.jpg,resultado_191.jpg,WELD CAP,Não cadastrado,Não cadastrado,Desconhecido
191.jpg,resultado_191.jpg,CONCENTRIC REDUCER,Não cadastrado,Não cadastrado,Desconhecido
191.jpg,resultado_191.jpg,ECCENTRIC REDUCER,Não cadastrado,Não cadastrado,Desconhecido
191.jpg,resultado_191.jpg,UNION,Não cadastrado,Não cadastrado,Desconhecido
191.jpg,resultado_191.jpg,HOSE CONNECTION,Não cadastrado,Não cadastrado,Desconhecido
191.jpg,resultado_191.jpg,SPACER,Não cadastrado,Não cadastrado,Desconhecido
191.jpg,resultado_191.jpg,BLIND,Não cadastrado,Não cadastrado,Desconhecido
191.jpg,resultado_191.jpg,OPEN FIGURE 8 BLIND,Não cadastrado,Não cadastrado,Desconhecido
191.jpg,resultado_191.jpg,CLOSED FIGURE 8 BLIND,Não cadastrado,Não cadastrado,Desconhecido
191.jpg,resultado_191.jpg,B,Não cadastrado,Não cadastrado,Desconhecido
191.jpg,resultado_191.jpg,LA,Não cadastrado,Não cadastrado,Desconhecido
192.jpg,resultado_192.jpg,SPECIALIYITEMS,Não cadastrado,Não cadastrado,Desconhecido
192.jpg,resultado_192.jpg,DETONATION ARRESTOR,Não cadastrado,Não cadastrado,Desconhecido
192.jpg,resultado_192.jpg,EXCESS FLOW VALVE,Não cadastrado,Não cadastrado,Desconhecido
192.jpg,resultado_192.jpg,(XXX,Não cadastrado,Não cadastrado,Desconhecido
192.jpg,resultado_192.jpg,=,Não cadastrado,Não cadastrado,Desconhecido
192.jpg,resultado_192.jpg,FLOW LIMIT),Não cadastrado,Não cadastrado,Desconhecido
192.jpg,resultado_192.jpg,XXX,Não cadastrado,Não cadastrado,Desconhecido
192.jpg,resultado_192.jpg,EXPANSION JOINT,Não cadastrado,Não cadastrado,Desconhecido
192.jpg,resultado_192.jpg,"FILTER, TUBING TYPE",Não cadastrado,Não cadastrado,Desconhecido
192.jpg,resultado_192.jpg,FLAME ARRESTOR,Não cadastrado,Não cadastrado,Desconhecido
192.jpg,resultado_192.jpg,FLEX HOSE,Não cadastrado,Não cadastrado,Desconhecido
192.jpg,resultado_192.jpg,INJECTION / SPRAY NOZZLE,Não cadastrado,Não cadastrado,Desconhecido
192.jpg,resultado_192.jpg,IN-LINE (STATIC) MIXER,Não cadastrado,Não cadastrado,Desconhecido
192.jpg,resultado_192.jpg,OPEN DRAIN,Não cadastrado,Não cadastrado,Desconhecido
192.jpg,resultado_192.jpg,ZZ,Não cadastrado,Não cadastrado,Desconhecido
192.jpg,resultado_192.jpg,LA,Não cadastrado,Não cadastrado,Desconhecido
192.jpg,resultado_192.jpg,F,Não cadastrado,Não cadastrado,Desconhecido
192.jpg,resultado_192.jpg,D,Não cadastrado,Não cadastrado,Desconhecido
192.jpg,resultado_192.jpg,SPECIALIYIIEMS,Não cadastrado,Não cadastrado,Desconhecido
193.jpg,resultado_193.jpg,VALVES,Não cadastrado,Não cadastrado,Desconhecido
193.jpg,resultado_193.jpg,NORMALLY,Não cadastrado,Não cadastrado,Desconhecido
193.jpg,resultado_193.jpg,OPEN,Não cadastrado,Não cadastrado,Desconhecido
193.jpg,resultado_193.jpg,CLOSED,Não cadastrado,Não cadastrado,Desconhecido
193.jpg,resultado_193.jpg,BALL VALVE,Não cadastrado,Não cadastrado,Desconhecido
193.jpg,resultado_193.jpg,D,Não cadastrado,Não cadastrado,Desconhecido
193.jpg,resultado_193.jpg,BUTTERFLY VALVE,Não cadastrado,Não cadastrado,Desconhecido
193.jpg,resultado_193.jpg,CHECK VALVE,Não cadastrado,Não cadastrado,Desconhecido
193.jpg,resultado_193.jpg,N,Não cadastrado,Não cadastrado,Desconhecido
193.jpg,resultado_193.jpg,NC,Não cadastrado,Não cadastrado,Desconhecido
193.jpg,resultado_193.jpg,"(SWING, LIFT, ETC.)",Não cadastrado,Não cadastrado,Desconhecido
193.jpg,resultado_193.jpg,(SPRING LOADED),Não cadastrado,Não cadastrado,Desconhecido
193.jpg,resultado_193.jpg,XXX,Não cadastrado,Não cadastrado,Desconhecido
193.jpg,resultado_193.jpg,(XXX = CRACKING PRESSURE IN PSIG),Não cadastrado,Não cadastrado,Desconhecido
193.jpg,resultado_193.jpg,DIAPHRAGM VALVE,Não cadastrado,Não cadastrado,Desconhecido
193.jpg,resultado_193.jpg,GATE VALVE,Não cadastrado,Não cadastrado,Desconhecido
193.jpg,resultado_193.jpg,GLOBE VALVE,Não cadastrado,Não cadastrado,Desconhecido
193.jpg,resultado_193.jpg,KNIFE VALVE,Não cadastrado,Não cadastrado,Desconhecido
193.jpg,resultado_193.jpg,M,Não cadastrado,Não cadastrado,Desconhecido
193.jpg,resultado_193.jpg,RA,Não cadastrado,Não cadastrado,Desconhecido
193.jpg,resultado_193.jpg,B,Não cadastrado,Não cadastrado,Desconhecido
194.jpg,resultado_194.jpg,OPERATOR INTERFACEICONTROL DEVICES,Não cadastrado,Não cadastrado,Desconhecido
194.jpg,resultado_194.jpg,GENERAL SHEET NOTES,Não cadastrado,Não cadastrado,Desconhecido
194.jpg,resultado_194.jpg,WASH,Não cadastrado,Não cadastrado,Desconhecido
194.jpg,resultado_194.jpg,GE,Não cadastrado,Não cadastrado,Desconhecido
194.jpg,resultado_194.jpg,RUN,Não cadastrado,Não cadastrado,Desconhecido
194.jpg,resultado_194.jpg,HIGH,Não cadastrado,Não cadastrado,Desconhecido
194.jpg,resultado_194.jpg,OPEN,Não cadastrado,Não cadastrado,Desconhecido
194.jpg,resultado_194.jpg,CLOSE,Não cadastrado,Não cadastrado,Desconhecido
194.jpg,resultado_194.jpg,GATE,Não cadastrado,Não cadastrado,Desconhecido
194.jpg,resultado_194.jpg,AUTO,Não cadastrado,Não cadastrado,Desconhecido
194.jpg,resultado_194.jpg,VALVE,Não cadastrado,Não cadastrado,Desconhecido
194.jpg,resultado_194.jpg,ENABLE,Não cadastrado,Não cadastrado,Desconhecido
194.jpg,resultado_194.jpg,UTO,Não cadastrado,Não cadastrado,Desconhecido
194.jpg,resultado_194.jpg,RUNNING,Não cadastrado,Não cadastrado,Desconhecido
194.jpg,resultado_194.jpg,TIME,Não cadastrado,Não cadastrado,Desconhecido
194.jpg,resultado_194.jpg,TEMP,Não cadastrado,Não cadastrado,Desconhecido
194.jpg,resultado_194.jpg,AUTO=,Não cadastrado,Não cadastrado,Desconhecido
194.jpg,resultado_194.jpg,REMQTE,Não cadastrado,Não cadastrado,Desconhecido
194.jpg,resultado_194.jpg,OF,Não cadastrado,Não cadastrado,Desconhecido
194.jpg,resultado_194.jpg,CLOSED,Não cadastrado,Não cadastrado,Desconhecido
194.jpg,resultado_194.jpg,SEE OODOO1 FOR NFPA 820,Não cadastrado,Não cadastrado,Desconhecido
194.jpg,resultado_194.jpg,HSC,Não cadastrado,Não cadastrado,Desconhecido
194.jpg,resultado_194.jpg,ZIC,Não cadastrado,Não cadastrado,Desconhecido
194.jpg,resultado_194.jpg,HSO,Não cadastrado,Não cadastrado,Desconhecido
194.jpg,resultado_194.jpg,7O,Não cadastrado,Não cadastrado,Desconhecido
194.jpg,resultado_194.jpg,HAZARDOUS AREA CLASSIFICATION,Não cadastrado,Não cadastrado,Desconhecido
194.jpg,resultado_194.jpg,51-376,Não cadastrado,Não cadastrado,Desconhecido
194.jpg,resultado_194.jpg,-376,Não cadastrado,Não cadastrado,Desconhecido
194.jpg,resultado_194.jpg,381_,Não cadastrado,Não cadastrado,Desconhecido
194.jpg,resultado_194.jpg,382,Não cadastrado,Não cadastrado,Desconhecido
194.jpg,resultado_194.jpg,287,Não cadastrado,Não cadastrado,Desconhecido
194.jpg,resultado_194.jpg,-38-,Não cadastrado,Não cadastrado,Desconhecido
194.jpg,resultado_194.jpg,INFORMATION,Não cadastrado,Não cadastrado,Desconhecido
194.jpg,resultado_194.jpg,1,Não cadastrado,Não cadastrado,Desconhecido
194.jpg,resultado_194.jpg,SHEET KEYNOTES,Não cadastrado,Não cadastrado,Desconhecido
194.jpg,resultado_194.jpg,RESPORSHBIICO FOROL,Não cadastrado,Não cadastrado,Desconhecido
194.jpg,resultado_194.jpg,#,Não cadastrado,Não cadastrado,Desconhecido
194.jpg,resultado_194.jpg,WASHERIDEWATER,Não cadastrado,Não cadastrado,Desconhecido
194.jpg,resultado_194.jpg,E2,Não cadastrado,Não cadastrado,Desconhecido
194.jpg,resultado_194.jpg,PLC I/0,Não cadastrado,Não cadastrado,Desconhecido
194.jpg,resultado_194.jpg,%,Não cadastrado,Não cadastrado,Desconhecido
194.jpg,resultado_194.jpg,PCM-20,Não cadastrado,Não cadastrado,Desconhecido
194.jpg,resultado_194.jpg,82,Não cadastrado,Não cadastrado,Desconhecido
194.jpg,resultado_194.jpg,POWER SOURCE,Não cadastrado,Não cadastrado,Desconhecido
194.jpg,resultado_194.jpg,FIELD,Não cadastrado,Não cadastrado,Desconhecido
194.jpg,resultado_194.jpg,480/3/60,Não cadastrado,Não cadastrado,Desconhecido
194.jpg,resultado_194.jpg,CTRL,Não cadastrado,Não cadastrado,Desconhecido
194.jpg,resultado_194.jpg,FAIL,Não cadastrado,Não cadastrado,Desconhecido
194.jpg,resultado_194.jpg,LCP-51-371,Não cadastrado,Não cadastrado,Desconhecido
194.jpg,resultado_194.jpg,PWR,Não cadastrado,Não cadastrado,Desconhecido
194.jpg,resultado_194.jpg,HOA,Não cadastrado,Não cadastrado,Desconhecido
194.jpg,resultado_194.jpg,OC,Não cadastrado,Não cadastrado,Desconhecido
194.jpg,resultado_194.jpg,9,Não cadastrado,Não cadastrado,Desconhecido
194.jpg,resultado_194.jpg,TAH,Não cadastrado,Não cadastrado,Desconhecido
194.jpg,resultado_194.jpg,HS,Não cadastrado,Não cadastrado,Desconhecido
194.jpg,resultado_194.jpg,1-37,Não cadastrado,Não cadastrado,Desconhecido
194.jpg,resultado_194.jpg,137,Não cadastrado,Não cadastrado,Desconhecido
194.jpg,resultado_194.jpg,-393A,Não cadastrado,Não cadastrado,Desconhecido
194.jpg,resultado_194.jpg,1-376,Não cadastrado,Não cadastrado,Desconhecido
194.jpg,resultado_194.jpg,8,Não cadastrado,Não cadastrado,Desconhecido
194.jpg,resultado_194.jpg,RST,Não cadastrado,Não cadastrado,Desconhecido
194.jpg,resultado_194.jpg,ESP,Não cadastrado,Não cadastrado,Desconhecido
194.jpg,resultado_194.jpg,OIU,Não cadastrado,Não cadastrado,Desconhecido
194.jpg,resultado_194.jpg,VENDOR,Não cadastrado,Não cadastrado,Desconhecido
194.jpg,resultado_194.jpg,PACKAGE,Não cadastrado,Não cadastrado,Desconhecido
194.jpg,resultado_194.jpg,3,Não cadastrado,Não cadastrado,Desconhecido
194.jpg,resultado_194.jpg,NEER,Não cadastrado,Não cadastrado,Desconhecido
194.jpg,resultado_194.jpg,TM,Não cadastrado,Não cadastrado,Desconhecido
194.jpg,resultado_194.jpg,"8""-GE",Não cadastrado,Não cadastrado,Desconhecido
194.jpg,resultado_194.jpg,6,Não cadastrado,Não cadastrado,Desconhecido
194.jpg,resultado_194.jpg,GRT,Não cadastrado,Não cadastrado,Desconhecido
194.jpg,resultado_194.jpg,"4""-GRT",Não cadastrado,Não cadastrado,Desconhecido
194.jpg,resultado_194.jpg,51Y612,Não cadastrado,Não cadastrado,Desconhecido
194.jpg,resultado_194.jpg,FROM GRIT PUMPS 3,Não cadastrado,Não cadastrado,Desconhecido
194.jpg,resultado_194.jpg,VBL-51-371,Não cadastrado,Não cadastrado,Desconhecido
194.jpg,resultado_194.jpg,"6""-FA",Não cadastrado,Não cadastrado,Desconhecido
194.jpg,resultado_194.jpg,5,Não cadastrado,Não cadastrado,Desconhecido
194.jpg,resultado_194.jpg,"""-GRT",Não cadastrado,Não cadastrado,Desconhecido
194.jpg,resultado_194.jpg,E3,Não cadastrado,Não cadastrado,Desconhecido
194.jpg,resultado_194.jpg,FROM GRIT PUMPS,Não cadastrado,Não cadastrado,Desconhecido
194.jpg,resultado_194.jpg,37,Não cadastrado,Não cadastrado,Desconhecido
194.jpg,resultado_194.jpg,H,Não cadastrado,Não cadastrado,Desconhecido
194.jpg,resultado_194.jpg,VBL-51-372,Não cadastrado,Não cadastrado,Desconhecido
194.jpg,resultado_194.jpg,DP-,Não cadastrado,Não cadastrado,Desconhecido
194.jpg,resultado_194.jpg,DP,Não cadastrado,Não cadastrado,Desconhecido
194.jpg,resultado_194.jpg,@2Y,Não cadastrado,Não cadastrado,Desconhecido
194.jpg,resultado_194.jpg,&,Não cadastrado,Não cadastrado,Desconhecido
194.jpg,resultado_194.jpg,LOR,Não cadastrado,Não cadastrado,Desconhecido
194.jpg,resultado_194.jpg,51-381,Não cadastrado,Não cadastrado,Desconhecido
194.jpg,resultado_194.jpg,38,Não cadastrado,Não cadastrado,Desconhecido
194.jpg,resultado_194.jpg,51-381B,Não cadastrado,Não cadastrado,Desconhecido
194.jpg,resultado_194.jpg,HSS,Não cadastrado,Não cadastrado,Desconhecido
194.jpg,resultado_194.jpg,DS,Não cadastrado,Não cadastrado,Desconhecido
194.jpg,resultado_194.jpg,X,Não cadastrado,Não cadastrado,Desconhecido
194.jpg,resultado_194.jpg,EO,Não cadastrado,Não cadastrado,Desconhecido
194.jpg,resultado_194.jpg,ZSC,Não cadastrado,Não cadastrado,Desconhecido
194.jpg,resultado_194.jpg,VBL-51-391F,Não cadastrado,Não cadastrado,Desconhecido
194.jpg,resultado_194.jpg,382A,Não cadastrado,Não cadastrado,Desconhecido
194.jpg,resultado_194.jpg,382B,Não cadastrado,Não cadastrado,Desconhecido
194.jpg,resultado_194.jpg,VBL-51-391E,Não cadastrado,Não cadastrado,Desconhecido
194.jpg,resultado_194.jpg,PSW,Não cadastrado,Não cadastrado,Desconhecido
194.jpg,resultado_194.jpg,"4""X2'",Não cadastrado,Não cadastrado,Desconhecido
194.jpg,resultado_194.jpg,"2""X1""",Não cadastrado,Não cadastrado,Desconhecido
194.jpg,resultado_194.jpg,"1/2""X1""",Não cadastrado,Não cadastrado,Desconhecido
194.jpg,resultado_194.jpg,GRIT CHUTE,Não cadastrado,Não cadastrado,Desconhecido
194.jpg,resultado_194.jpg,"4""-PSW",Não cadastrado,Não cadastrado,Desconhecido
194.jpg,resultado_194.jpg,"2""-PSW",Não cadastrado,Não cadastrado,Desconhecido
194.jpg,resultado_194.jpg,51V622,Não cadastrado,Não cadastrado,Desconhecido
194.jpg,resultado_194.jpg,51Y610,Não cadastrado,Não cadastrado,Desconhecido
194.jpg,resultado_194.jpg,PLANT SERVICE WATER,Não cadastrado,Não cadastrado,Desconhecido
194.jpg,resultado_194.jpg,VBL-51-391B,Não cadastrado,Não cadastrado,Desconhecido
194.jpg,resultado_194.jpg,51-391,Não cadastrado,Não cadastrado,Desconhecido
194.jpg,resultado_194.jpg,TOFINE SCREENINGS,Não cadastrado,Não cadastrado,Desconhecido
194.jpg,resultado_194.jpg,VBL-51-391A,Não cadastrado,Não cadastrado,Desconhecido
194.jpg,resultado_194.jpg,VBL-51-391C,Não cadastrado,Não cadastrado,Desconhecido
194.jpg,resultado_194.jpg,GAT-51-382,Não cadastrado,Não cadastrado,Desconhecido
194.jpg,resultado_194.jpg,GAT-51-381,Não cadastrado,Não cadastrado,Desconhecido
194.jpg,resultado_194.jpg,DUMPSTER NO,Não cadastrado,Não cadastrado,Desconhecido
194.jpg,resultado_194.jpg,DP _,Não cadastrado,Não cadastrado,Desconhecido
194.jpg,resultado_194.jpg,"1""-PSW",Não cadastrado,Não cadastrado,Desconhecido
194.jpg,resultado_194.jpg,VBL-51-371A,Não cadastrado,Não cadastrado,Desconhecido
194.jpg,resultado_194.jpg,51Y522,Não cadastrado,Não cadastrado,Desconhecido
194.jpg,resultado_194.jpg,VBL-51-391D,Não cadastrado,Não cadastrado,Desconhecido
194.jpg,resultado_194.jpg,TO FINE SCREENINGS,Não cadastrado,Não cadastrado,Desconhecido
194.jpg,resultado_194.jpg,DUMPSTER NO_,Não cadastrado,Não cadastrado,Desconhecido
194.jpg,resultado_194.jpg,"10""-GE",Não cadastrado,Não cadastrado,Desconhecido
194.jpg,resultado_194.jpg,51Y614,Não cadastrado,Não cadastrado,Desconhecido
194.jpg,resultado_194.jpg,FINE SCREEN EFFLUENT,Não cadastrado,Não cadastrado,Desconhecido
194.jpg,resultado_194.jpg,HL,Não cadastrado,Não cadastrado,Desconhecido
194.jpg,resultado_194.jpg,PHANNEL,Não cadastrado,Não cadastrado,Desconhecido
194.jpg,resultado_194.jpg,2,Não cadastrado,Não cadastrado,Desconhecido
194.jpg,resultado_194.jpg,TO GRIT WASHER NO.,Não cadastrado,Não cadastrado,Desconhecido
194.jpg,resultado_194.jpg,GRIT WASHER,Não cadastrado,Não cadastrado,Desconhecido
194.jpg,resultado_194.jpg,GRIT CLASSIFIER,Não cadastrado,Não cadastrado,Desconhecido
194.jpg,resultado_194.jpg,CHFFTNC,Não cadastrado,Não cadastrado,Desconhecido
194.jpg,resultado_194.jpg,51Y613,Não cadastrado,Não cadastrado,Desconhecido
194.jpg,resultado_194.jpg,NO_,Não cadastrado,Não cadastrado,Desconhecido
194.jpg,resultado_194.jpg,0,Não cadastrado,Não cadastrado,Desconhecido
194.jpg,resultado_194.jpg,GWA-51-371,Não cadastrado,Não cadastrado,Desconhecido
194.jpg,resultado_194.jpg,GCL-51-376,Não cadastrado,Não cadastrado,Desconhecido
194.jpg,resultado_194.jpg,SHFFT,Não cadastrado,Não cadastrado,Desconhecido
194.jpg,resultado_194.jpg,107,Não cadastrado,Não cadastrado,Desconhecido
194.jpg,resultado_194.jpg,229,Não cadastrado,Não cadastrado,Desconhecido
194.jpg,resultado_194.jpg,CONTRO,Não cadastrado,Não cadastrado,Desconhecido
194.jpg,resultado_194.jpg,L,Não cadastrado,Não cadastrado,Desconhecido
194.jpg,resultado_194.jpg,ENABL,Não cadastrado,Não cadastrado,Desconhecido
194.jpg,resultado_194.jpg,UTQ,Não cadastrado,Não cadastrado,Desconhecido
194.jpg,resultado_194.jpg,OSED,Não cadastrado,Não cadastrado,Desconhecido
194.jpg,resultado_194.jpg,PEN,Não cadastrado,Não cadastrado,Desconhecido
194.jpg,resultado_194.jpg,ZIO,Não cadastrado,Não cadastrado,Desconhecido
194.jpg,resultado_194.jpg,YOI,Não cadastrado,Não cadastrado,Desconhecido
194.jpg,resultado_194.jpg,YO,Não cadastrado,Não cadastrado,Desconhecido
194.jpg,resultado_194.jpg,-37-,Não cadastrado,Não cadastrado,Desconhecido
194.jpg,resultado_194.jpg,-376_,Não cadastrado,Não cadastrado,Desconhecido
194.jpg,resultado_194.jpg,36-,Não cadastrado,Não cadastrado,Desconhecido
194.jpg,resultado_194.jpg,38~,Não cadastrado,Não cadastrado,Desconhecido
194.jpg,resultado_194.jpg,-381,Não cadastrado,Não cadastrado,Desconhecido
194.jpg,resultado_194.jpg,-382,Não cadastrado,Não cadastrado,Desconhecido
194.jpg,resultado_194.jpg,51-3825,Não cadastrado,Não cadastrado,Desconhecido
194.jpg,resultado_194.jpg,I,Não cadastrado,Não cadastrado,Desconhecido
194.jpg,resultado_194.jpg,RESPORSHBS CONOROL,Não cadastrado,Não cadastrado,Desconhecido
194.jpg,resultado_194.jpg,IH,Não cadastrado,Não cadastrado,Desconhecido
194.jpg,resultado_194.jpg,PCM-2O,Não cadastrado,Não cadastrado,Desconhecido
194.jpg,resultado_194.jpg,393,Não cadastrado,Não cadastrado,Desconhecido
194.jpg,resultado_194.jpg,393.,Não cadastrado,Não cadastrado,Desconhecido
194.jpg,resultado_194.jpg,H39,Não cadastrado,Não cadastrado,Desconhecido
194.jpg,resultado_194.jpg,371C,Não cadastrado,Não cadastrado,Desconhecido
194.jpg,resultado_194.jpg,G,Não cadastrado,Não cadastrado,Desconhecido
194.jpg,resultado_194.jpg,%24,Não cadastrado,Não cadastrado,Desconhecido
194.jpg,resultado_194.jpg,ZS0,Não cadastrado,Não cadastrado,Desconhecido
194.jpg,resultado_194.jpg,51-381A,Não cadastrado,Não cadastrado,Desconhecido
194.jpg,resultado_194.jpg,K,Não cadastrado,Não cadastrado,Desconhecido
194.jpg,resultado_194.jpg,ZSO,Não cadastrado,Não cadastrado,Desconhecido
194.jpg,resultado_194.jpg,51-382B,Não cadastrado,Não cadastrado,Desconhecido
194.jpg,resultado_194.jpg,PRV,Não cadastrado,Não cadastrado,Desconhecido
194.jpg,resultado_194.jpg,391,Não cadastrado,Não cadastrado,Desconhecido
194.jpg,resultado_194.jpg,"4""X2",Não cadastrado,Não cadastrado,Desconhecido
194.jpg,resultado_194.jpg,"2""X1",Não cadastrado,Não cadastrado,Desconhecido
194.jpg,resultado_194.jpg,51-382,Não cadastrado,Não cadastrado,Desconhecido
194.jpg,resultado_194.jpg,51Y622,Não cadastrado,Não cadastrado,Desconhecido
194.jpg,resultado_194.jpg,VBL-51-3914,Não cadastrado,Não cadastrado,Desconhecido
194.jpg,resultado_194.jpg,DUMPSTER NO.,Não cadastrado,Não cadastrado,Desconhecido
194.jpg,resultado_194.jpg,DF,Não cadastrado,Não cadastrado,Desconhecido
194.jpg,resultado_194.jpg,GRIT,Não cadastrado,Não cadastrado,Desconhecido
194.jpg,resultado_194.jpg,CHUTE,Não cadastrado,Não cadastrado,Desconhecido
194.jpg,resultado_194.jpg,"DUMPSTER NO,",Não cadastrado,Não cadastrado,Desconhecido
194.jpg,resultado_194.jpg,W,Não cadastrado,Não cadastrado,Desconhecido
194.jpg,resultado_194.jpg,SHEET NO,Não cadastrado,Não cadastrado,Desconhecido
194.jpg,resultado_194.jpg,NO.,Não cadastrado,Não cadastrado,Desconhecido
194.jpg,resultado_194.jpg,SHEET,Não cadastrado,Não cadastrado,Desconhecido
194.jpg,resultado_194.jpg,CONIRS,Não cadastrado,Não cadastrado,Desconhecido
194.jpg,resultado_194.jpg,STATE,Não cadastrado,Não cadastrado,Desconhecido
194.jpg,resultado_194.jpg,-391,Não cadastrado,Não cadastrado,Desconhecido
194.jpg,resultado_194.jpg,TEQ,Não cadastrado,Não cadastrado,Desconhecido
194.jpg,resultado_194.jpg,OF 229,Não cadastrado,Não cadastrado,Desconhecido
194.jpg,resultado_194.jpg,~,Não cadastrado,Não cadastrado,Desconhecido
194.jpg,resultado_194.jpg,!,Não cadastrado,Não cadastrado,Desconhecido
194.jpg,resultado_194.jpg,FARIM,Não cadastrado,Não cadastrado,Desconhecido
194.jpg,resultado_194.jpg,ENGINEER,Não cadastrado,Não cadastrado,Desconhecido
194.jpg,resultado_194.jpg,RARIM,Não cadastrado,Não cadastrado,Desconhecido
194.jpg,resultado_194.jpg,),Não cadastrado,Não cadastrado,Desconhecido
194.jpg,resultado_194.jpg,VENDOR HAS CONTROL,Não cadastrado,Não cadastrado,Desconhecido
194.jpg,resultado_194.jpg,RESPONSIBILITY FOR,Não cadastrado,Não cadastrado,Desconhecido
194.jpg,resultado_194.jpg,RIDE,Não cadastrado,Não cadastrado,Desconhecido
194.jpg,resultado_194.jpg,@,Não cadastrado,Não cadastrado,Desconhecido
194.jpg,resultado_194.jpg,HAZAR,Não cadastrado,Não cadastrado,Desconhecido
194.jpg,resultado_194.jpg,OODOO,Não cadastrado,Não cadastrado,Desconhecido
194.jpg,resultado_194.jpg,RA,Não cadastrado,Não cadastrado,Desconhecido
194.jpg,resultado_194.jpg,GENERAL SHEETNOTES,Não cadastrado,Não cadastrado,Desconhecido
194.jpg,resultado_194.jpg,AUTQ,Não cadastrado,Não cadastrado,Desconhecido
194.jpg,resultado_194.jpg,REMOTE,Não cadastrado,Não cadastrado,Desconhecido
194.jpg,resultado_194.jpg,QPEN,Não cadastrado,Não cadastrado,Desconhecido
194.jpg,resultado_194.jpg,SEE OODO01 FOR NFPA 820,Não cadastrado,Não cadastrado,Desconhecido
194.jpg,resultado_194.jpg,YQE,Não cadastrado,Não cadastrado,Desconhecido
194.jpg,resultado_194.jpg,(HSO,Não cadastrado,Não cadastrado,Desconhecido
194.jpg,resultado_194.jpg,V HSC,Não cadastrado,Não cadastrado,Desconhecido
194.jpg,resultado_194.jpg,29,Não cadastrado,Não cadastrado,Desconhecido
194.jpg,resultado_194.jpg,293,Não cadastrado,Não cadastrado,Desconhecido
194.jpg,resultado_194.jpg,-293,Não cadastrado,Não cadastrado,Desconhecido
194.jpg,resultado_194.jpg,-36,Não cadastrado,Não cadastrado,Desconhecido
194.jpg,resultado_194.jpg,-71,Não cadastrado,Não cadastrado,Desconhecido
194.jpg,resultado_194.jpg,376/,Não cadastrado,Não cadastrado,Desconhecido
194.jpg,resultado_194.jpg,31-361,Não cadastrado,Não cadastrado,Desconhecido
194.jpg,resultado_194.jpg,-39,Não cadastrado,Não cadastrado,Desconhecido
194.jpg,resultado_194.jpg,51-371C,Não cadastrado,Não cadastrado,Desconhecido
194.jpg,resultado_194.jpg,GRI,Não cadastrado,Não cadastrado,Desconhecido
194.jpg,resultado_194.jpg,TSH,Não cadastrado,Não cadastrado,Desconhecido
194.jpg,resultado_194.jpg,-37,Não cadastrado,Não cadastrado,Desconhecido
194.jpg,resultado_194.jpg,51-381' 51-381A,Não cadastrado,Não cadastrado,Desconhecido
194.jpg,resultado_194.jpg,-382' 51-382A,Não cadastrado,Não cadastrado,Desconhecido
194.jpg,resultado_194.jpg,51-39-,Não cadastrado,Não cadastrado,Desconhecido
194.jpg,resultado_194.jpg,51-39,Não cadastrado,Não cadastrado,Desconhecido
194.jpg,resultado_194.jpg,VBL-51-391,Não cadastrado,Não cadastrado,Desconhecido
194.jpg,resultado_194.jpg,DP=,Não cadastrado,Não cadastrado,Desconhecido
194.jpg,resultado_194.jpg,DUMPSTER NO. 2,Não cadastrado,Não cadastrado,Desconhecido
194.jpg,resultado_194.jpg,CHANNEL,Não cadastrado,Não cadastrado,Desconhecido
194.jpg,resultado_194.jpg,TO GRIT WASHER NO. 2,Não cadastrado,Não cadastrado,Desconhecido
194.jpg,resultado_194.jpg,VBL =,Não cadastrado,Não cadastrado,Desconhecido
194.jpg,resultado_194.jpg,CHANNE,Não cadastrado,Não cadastrado,Desconhecido
194.jpg,resultado_194.jpg,13/60,Não cadastrado,Não cadastrado,Desconhecido
194.jpg,resultado_194.jpg,CRI,Não cadastrado,Não cadastrado,Desconhecido
194.jpg,resultado_194.jpg,51-38,Não cadastrado,Não cadastrado,Desconhecido
194.jpg,resultado_194.jpg,&_,Não cadastrado,Não cadastrado,Desconhecido
194.jpg,resultado_194.jpg,39,Não cadastrado,Não cadastrado,Desconhecido
194.jpg,resultado_194.jpg,51-382A,Não cadastrado,Não cadastrado,Desconhecido
194.jpg,resultado_194.jpg,1-39,Não cadastrado,Não cadastrado,Desconhecido
194.jpg,resultado_194.jpg,"1/2""X1",Não cadastrado,Não cadastrado,Desconhecido
194.jpg,resultado_194.jpg,51Y514,Não cadastrado,Não cadastrado,Desconhecido
194.jpg,resultado_194.jpg,TO,Não cadastrado,Não cadastrado,Desconhecido
194.jpg,resultado_194.jpg,GRIT WASHER NO_,Não cadastrado,Não cadastrado,Desconhecido
194.jpg,resultado_194.jpg,VBL-51 =,Não cadastrado,Não cadastrado,Desconhecido
194.jpg,resultado_194.jpg,M,Não cadastrado,Não cadastrado,Desconhecido
194.jpg,resultado_194.jpg,J1E,Não cadastrado,Não cadastrado,Desconhecido
194.jpg,resultado_194.jpg,LE,Não cadastrado,Não cadastrado,Desconhecido
194.jpg,resultado_194.jpg,BL-51-391,Não cadastrado,Não cadastrado,Desconhecido
194.jpg,resultado_194.jpg,51Y512,Não cadastrado,Não cadastrado,Desconhecido
194.jpg,resultado_194.jpg,51-372,Não cadastrado,Não cadastrado,Desconhecido
194.jpg,resultado_194.jpg,51Y620,Não cadastrado,Não cadastrado,Desconhecido
194.jpg,resultado_194.jpg,61-371,Não cadastrado,Não cadastrado,Desconhecido
194.jpg,resultado_194.jpg,51-371A,Não cadastrado,Não cadastrado,Desconhecido
194.jpg,resultado_194.jpg,51-37,Não cadastrado,Não cadastrado,Desconhecido
194.jpg,resultado_194.jpg,51-37-,Não cadastrado,Não cadastrado,Desconhecido
194.jpg,resultado_194.jpg,51-371,Não cadastrado,Não cadastrado,Desconhecido
194.jpg,resultado_194.jpg,51-393,Não cadastrado,Não cadastrado,Desconhecido
194.jpg,resultado_194.jpg,51-393_,Não cadastrado,Não cadastrado,Desconhecido
194.jpg,resultado_194.jpg,51-3,Não cadastrado,Não cadastrado,Desconhecido
194.jpg,resultado_194.jpg,51-371B,Não cadastrado,Não cadastrado,Desconhecido
194.jpg,resultado_194.jpg,51-3712,Não cadastrado,Não cadastrado,Desconhecido
194.jpg,resultado_194.jpg,51-33,Não cadastrado,Não cadastrado,Desconhecido
194.jpg,resultado_194.jpg,51-393A,Não cadastrado,Não cadastrado,Desconhecido
194.jpg,resultado_194.jpg,YA,Não cadastrado,Não cadastrado,Desconhecido
194.jpg,resultado_194.jpg,-361,Não cadastrado,Não cadastrado,Desconhecido
194.jpg,resultado_194.jpg,R1-371,Não cadastrado,Não cadastrado,Desconhecido
194.jpg,resultado_194.jpg,{1-371,Não cadastrado,Não cadastrado,Desconhecido
194.jpg,resultado_194.jpg,61-382,Não cadastrado,Não cadastrado,Desconhecido
194.jpg,resultado_194.jpg,REMOT,Não cadastrado,Não cadastrado,Desconhecido
194.jpg,resultado_194.jpg,651-382,Não cadastrado,Não cadastrado,Desconhecido
194.jpg,resultado_194.jpg,61-381-,Não cadastrado,Não cadastrado,Desconhecido
194.jpg,resultado_194.jpg,51-38Y,Não cadastrado,Não cadastrado,Desconhecido
194.jpg,resultado_194.jpg,YQL,Não cadastrado,Não cadastrado,Desconhecido
194.jpg,resultado_194.jpg,RUNNINC,Não cadastrado,Não cadastrado,Desconhecido
194.jpg,resultado_194.jpg,31-376,Não cadastrado,Não cadastrado,Desconhecido
194.jpg,resultado_194.jpg,AUITQ,Não cadastrado,Não cadastrado,Desconhecido
194.jpg,resultado_194.jpg,61-376,Não cadastrado,Não cadastrado,Desconhecido
194.jpg,resultado_194.jpg,YQI,Não cadastrado,Não cadastrado,Desconhecido
194.jpg,resultado_194.jpg,51-36-,Não cadastrado,Não cadastrado,Desconhecido
194.jpg,resultado_194.jpg,51-361,Não cadastrado,Não cadastrado,Desconhecido
194.jpg,resultado_194.jpg,51-293,Não cadastrado,Não cadastrado,Desconhecido
194.jpg,resultado_194.jpg,51-2935,Não cadastrado,Não cadastrado,Desconhecido
194.jpg,resultado_194.jpg,51-291,Não cadastrado,Não cadastrado,Desconhecido
194.jpg,resultado_194.jpg,451-293,Não cadastrado,Não cadastrado,Desconhecido
194.jpg,resultado_194.jpg,51-29,Não cadastrado,Não cadastrado,Desconhecido
194.jpg,resultado_194.jpg,DEVI,Não cadastrado,Não cadastrado,Desconhecido
195.jpg,resultado_195.jpg,CATE VALVE,Não cadastrado,Não cadastrado,Desconhecido
195.jpg,resultado_195.jpg,PRESSURE,Não cadastrado,Não cadastrado,Desconhecido
195.jpg,resultado_195.jpg,{NORMALLY OPEN),Não cadastrado,Não cadastrado,Desconhecido
195.jpg,resultado_195.jpg,RELIEF,Não cadastrado,Não cadastrado,Desconhecido
195.jpg,resultado_195.jpg,VALVE,Não cadastrado,Não cadastrado,Desconhecido
195.jpg,resultado_195.jpg,THREE WAY VALVE,Não cadastrado,Não cadastrado,Desconhecido
195.jpg,resultado_195.jpg,GLORE VALVE,Não cadastrado,Não cadastrado,Desconhecido
195.jpg,resultado_195.jpg,(NORMALLY OPEN),Não cadastrado,Não cadastrado,Desconhecido
195.jpg,resultado_195.jpg,PIAPHRAGM VALVE,Não cadastrado,Não cadastrado,Desconhecido
195.jpg,resultado_195.jpg,FVSILE,Não cadastrado,Não cadastrado,Desconhecido
195.jpg,resultado_195.jpg,BALL VALVE,Não cadastrado,Não cadastrado,Desconhecido
195.jpg,resultado_195.jpg,FIV,Não cadastrado,Não cadastrado,Desconhecido
195.jpg,resultado_195.jpg,(NORHALLY QPEN),Não cadastrado,Não cadastrado,Desconhecido
195.jpg,resultado_195.jpg,POSITION,Não cadastrado,Não cadastrado,Desconhecido
195.jpg,resultado_195.jpg,INDICATINC,Não cadastrado,Não cadastrado,Desconhecido
195.jpg,resultado_195.jpg,(NORMALLY CLOSED),Não cadastrado,Não cadastrado,Desconhecido
195.jpg,resultado_195.jpg,PLUG VALVE,Não cadastrado,Não cadastrado,Desconhecido
195.jpg,resultado_195.jpg,(NORMALLY OPEN},Não cadastrado,Não cadastrado,Desconhecido
195.jpg,resultado_195.jpg,AIR,Não cadastrado,Não cadastrado,Desconhecido
195.jpg,resultado_195.jpg,REGULATION,Não cadastrado,Não cadastrado,Desconhecido
195.jpg,resultado_195.jpg,BVTTERFLY VALVE,Não cadastrado,Não cadastrado,Desconhecido
195.jpg,resultado_195.jpg,REGULATOR,Não cadastrado,Não cadastrado,Desconhecido
195.jpg,resultado_195.jpg,N,Não cadastrado,Não cadastrado,Desconhecido
195.jpg,resultado_195.jpg,CHECK VALVE,Não cadastrado,Não cadastrado,Desconhecido
195.jpg,resultado_195.jpg,DRY PIPE VALVF,Não cadastrado,Não cadastrado,Desconhecido
195.jpg,resultado_195.jpg,BALL CHECK VALVE,Não cadastrado,Não cadastrado,Desconhecido
195.jpg,resultado_195.jpg,FLOAT VALVE,Não cadastrado,Não cadastrado,Desconhecido
195.jpg,resultado_195.jpg,AIR AND VACUUM,Não cadastrado,Não cadastrado,Desconhecido
195.jpg,resultado_195.jpg,AL,Não cadastrado,Não cadastrado,Desconhecido
195.jpg,resultado_195.jpg,VE,Não cadastrado,Não cadastrado,Desconhecido
195.jpg,resultado_195.jpg,UUK,Não cadastrado,Não cadastrado,Desconhecido
195.jpg,resultado_195.jpg,AC,Não cadastrado,Não cadastrado,Desconhecido
195.jpg,resultado_195.jpg,AND,Não cadastrado,Não cadastrado,Desconhecido
195.jpg,resultado_195.jpg,04,Não cadastrado,Não cadastrado,Desconhecido
195.jpg,resultado_195.jpg,CHE,Não cadastrado,Não cadastrado,Desconhecido
195.jpg,resultado_195.jpg,B4LL,Não cadastrado,Não cadastrado,Desconhecido
195.jpg,resultado_195.jpg,PF,Não cadastrado,Não cadastrado,Desconhecido
195.jpg,resultado_195.jpg,DR,Não cadastrado,Não cadastrado,Desconhecido
195.jpg,resultado_195.jpg,VF,Não cadastrado,Não cadastrado,Desconhecido
195.jpg,resultado_195.jpg,ULA,Não cadastrado,Não cadastrado,Desconhecido
195.jpg,resultado_195.jpg,RE,Não cadastrado,Não cadastrado,Desconhecido
195.jpg,resultado_195.jpg,OR,Não cadastrado,Não cadastrado,Desconhecido
195.jpg,resultado_195.jpg,SS0,Não cadastrado,Não cadastrado,Desconhecido
195.jpg,resultado_195.jpg,PRE,Não cadastrado,Não cadastrado,Desconhecido
195.jpg,resultado_195.jpg,RF,Não cadastrado,Não cadastrado,Desconhecido
195.jpg,resultado_195.jpg,BUTTE,Não cadastrado,Não cadastrado,Desconhecido
195.jpg,resultado_195.jpg,OSFD,Não cadastrado,Não cadastrado,Desconhecido
195.jpg,resultado_195.jpg,HAL,Não cadastrado,Não cadastrado,Desconhecido
195.jpg,resultado_195.jpg,(NOR,Não cadastrado,Não cadastrado,Desconhecido
195.jpg,resultado_195.jpg,UG,Não cadastrado,Não cadastrado,Desconhecido
195.jpg,resultado_195.jpg,P,Não cadastrado,Não cadastrado,Desconhecido
195.jpg,resultado_195.jpg,ON,Não cadastrado,Não cadastrado,Desconhecido
195.jpg,resultado_195.jpg,AR,Não cadastrado,Não cadastrado,Desconhecido
195.jpg,resultado_195.jpg,NAL,Não cadastrado,Não cadastrado,Desconhecido
195.jpg,resultado_195.jpg,PEN,Não cadastrado,Não cadastrado,Desconhecido
195.jpg,resultado_195.jpg,{NDR,Não cadastrado,Não cadastrado,Desconhecido
195.jpg,resultado_195.jpg,CL,Não cadastrado,Não cadastrado,Desconhecido
195.jpg,resultado_195.jpg,HALL,Não cadastrado,Não cadastrado,Desconhecido
195.jpg,resultado_195.jpg,NOR,Não cadastrado,Não cadastrado,Desconhecido
195.jpg,resultado_195.jpg,OSED,Não cadastrado,Não cadastrado,Desconhecido
195.jpg,resultado_195.jpg,4,Não cadastrado,Não cadastrado,Desconhecido
195.jpg,resultado_195.jpg,BALL,Não cadastrado,Não cadastrado,Desconhecido
195.jpg,resultado_195.jpg,TINC,Não cadastrado,Não cadastrado,Desconhecido
195.jpg,resultado_195.jpg,ICA,Não cadastrado,Não cadastrado,Desconhecido
195.jpg,resultado_195.jpg,POSI,Não cadastrado,Não cadastrado,Desconhecido
195.jpg,resultado_195.jpg,FLV,Não cadastrado,Não cadastrado,Desconhecido
195.jpg,resultado_195.jpg,BAL,Não cadastrado,Não cadastrado,Desconhecido
195.jpg,resultado_195.jpg,DSED,Não cadastrado,Não cadastrado,Desconhecido
195.jpg,resultado_195.jpg,JKHLL,Não cadastrado,Não cadastrado,Desconhecido
195.jpg,resultado_195.jpg,IAFH,Não cadastrado,Não cadastrado,Desconhecido
195.jpg,resultado_195.jpg,RXG,Não cadastrado,Não cadastrado,Desconhecido
195.jpg,resultado_195.jpg,RLE,Não cadastrado,Não cadastrado,Desconhecido
195.jpg,resultado_195.jpg,FVS,Não cadastrado,Não cadastrado,Desconhecido
195.jpg,resultado_195.jpg,CPE,Não cadastrado,Não cadastrado,Desconhecido
195.jpg,resultado_195.jpg,CRHALL,Não cadastrado,Não cadastrado,Desconhecido
195.jpg,resultado_195.jpg,M,Não cadastrado,Não cadastrado,Desconhecido
195.jpg,resultado_195.jpg,RA,Não cadastrado,Não cadastrado,Desconhecido
195.jpg,resultado_195.jpg,PH,Não cadastrado,Não cadastrado,Desconhecido
195.jpg,resultado_195.jpg,NORNALL,Não cadastrado,Não cadastrado,Desconhecido
195.jpg,resultado_195.jpg,CPEN,Não cadastrado,Não cadastrado,Desconhecido
195.jpg,resultado_195.jpg,GL,Não cadastrado,Não cadastrado,Desconhecido
195.jpg,resultado_195.jpg,OFEN,Não cadastrado,Não cadastrado,Desconhecido
195.jpg,resultado_195.jpg,MAL,Não cadastrado,Não cadastrado,Desconhecido
195.jpg,resultado_195.jpg,A,Não cadastrado,Não cadastrado,Desconhecido
195.jpg,resultado_195.jpg,G4,Não cadastrado,Não cadastrado,Desconhecido
195.jpg,resultado_195.jpg,85,Não cadastrado,Não cadastrado,Desconhecido
196.jpg,resultado_196.jpg,OPERATOR INTERFACEICONTROL DEVICES,Não cadastrado,Não cadastrado,Desconhecido
196.jpg,resultado_196.jpg,FLOW,Não cadastrado,Não cadastrado,Desconhecido
196.jpg,resultado_196.jpg,VALVE,Não cadastrado,Não cadastrado,Desconhecido
196.jpg,resultado_196.jpg,HIGH,Não cadastrado,Não cadastrado,Desconhecido
196.jpg,resultado_196.jpg,MOTOR,Não cadastrado,Não cadastrado,Desconhecido
196.jpg,resultado_196.jpg,RUN,Não cadastrado,Não cadastrado,Desconhecido
196.jpg,resultado_196.jpg,LOW,Não cadastrado,Não cadastrado,Desconhecido
196.jpg,resultado_196.jpg,IIGH,Não cadastrado,Não cadastrado,Desconhecido
196.jpg,resultado_196.jpg,3,Não cadastrado,Não cadastrado,Desconhecido
196.jpg,resultado_196.jpg,CTRL,Não cadastrado,Não cadastrado,Desconhecido
196.jpg,resultado_196.jpg,REMOTE POSITION,Não cadastrado,Não cadastrado,Desconhecido
196.jpg,resultado_196.jpg,CMD,Não cadastrado,Não cadastrado,Desconhecido
196.jpg,resultado_196.jpg,MOIST,Não cadastrado,Não cadastrado,Desconhecido
196.jpg,resultado_196.jpg,FMP,Não cadastrado,Não cadastrado,Desconhecido
196.jpg,resultado_196.jpg,AMPS,Não cadastrado,Não cadastrado,Desconhecido
196.jpg,resultado_196.jpg,RUNNING,Não cadastrado,Não cadastrado,Desconhecido
196.jpg,resultado_196.jpg,TOTA,Não cadastrado,Não cadastrado,Desconhecido
196.jpg,resultado_196.jpg,REMOTE,Não cadastrado,Não cadastrado,Desconhecido
196.jpg,resultado_196.jpg,FSF,Não cadastrado,Não cadastrado,Desconhecido
196.jpg,resultado_196.jpg,CLOSED,Não cadastrado,Não cadastrado,Desconhecido
196.jpg,resultado_196.jpg,DO,Não cadastrado,Não cadastrado,Desconhecido
196.jpg,resultado_196.jpg,FC,Fail Close,Falha de Válvula,Identificado
196.jpg,resultado_196.jpg,ZC,Não cadastrado,Não cadastrado,Desconhecido
196.jpg,resultado_196.jpg,MAH,Não cadastrado,Não cadastrado,Desconhecido
196.jpg,resultado_196.jpg,TAH,Não cadastrado,Não cadastrado,Desconhecido
196.jpg,resultado_196.jpg,YQI,Não cadastrado,Não cadastrado,Desconhecido
196.jpg,resultado_196.jpg,HS,Não cadastrado,Não cadastrado,Desconhecido
196.jpg,resultado_196.jpg,ZIC,Não cadastrado,Não cadastrado,Desconhecido
196.jpg,resultado_196.jpg,55-423 _,Não cadastrado,Não cadastrado,Desconhecido
196.jpg,resultado_196.jpg,55-32,Não cadastrado,Não cadastrado,Desconhecido
196.jpg,resultado_196.jpg,55-42,Não cadastrado,Não cadastrado,Desconhecido
196.jpg,resultado_196.jpg,82,Não cadastrado,Não cadastrado,Desconhecido
196.jpg,resultado_196.jpg,PLC I/0,Não cadastrado,Não cadastrado,Desconhecido
196.jpg,resultado_196.jpg,PCM-22,Não cadastrado,Não cadastrado,Desconhecido
196.jpg,resultado_196.jpg,POWER SOURCE,Não cadastrado,Não cadastrado,Desconhecido
196.jpg,resultado_196.jpg,480/3/60,Não cadastrado,Não cadastrado,Desconhecido
196.jpg,resultado_196.jpg,FIELD,Não cadastrado,Não cadastrado,Desconhecido
196.jpg,resultado_196.jpg,DP=,Não cadastrado,Não cadastrado,Desconhecido
196.jpg,resultado_196.jpg,H,Não cadastrado,Não cadastrado,Desconhecido
196.jpg,resultado_196.jpg,PSW,Não cadastrado,Não cadastrado,Desconhecido
196.jpg,resultado_196.jpg,"3""-PSW !",Não cadastrado,Não cadastrado,Desconhecido
196.jpg,resultado_196.jpg,"3""-PSW",Não cadastrado,Não cadastrado,Desconhecido
196.jpg,resultado_196.jpg,55Y610,Não cadastrado,Não cadastrado,Desconhecido
196.jpg,resultado_196.jpg,56Y612,Não cadastrado,Não cadastrado,Desconhecido
196.jpg,resultado_196.jpg,FROM PLANT SERVICE,Não cadastrado,Não cadastrado,Desconhecido
196.jpg,resultado_196.jpg,TO,Não cadastrado,Não cadastrado,Desconhecido
196.jpg,resultado_196.jpg,BNR TRAIN 2 AEROBIC,Não cadastrado,Não cadastrado,Desconhecido
196.jpg,resultado_196.jpg,WATER HEADER,Não cadastrado,Não cadastrado,Desconhecido
196.jpg,resultado_196.jpg,2,Não cadastrado,Não cadastrado,Desconhecido
196.jpg,resultado_196.jpg,ZONE,Não cadastrado,Não cadastrado,Desconhecido
196.jpg,resultado_196.jpg,VBL-55-327,Não cadastrado,Não cadastrado,Desconhecido
196.jpg,resultado_196.jpg,VBL-55-328,Não cadastrado,Não cadastrado,Desconhecido
196.jpg,resultado_196.jpg,"24""-AA",Não cadastrado,Não cadastrado,Desconhecido
196.jpg,resultado_196.jpg,PROCESS AIR HEADER,Não cadastrado,Não cadastrado,Desconhecido
196.jpg,resultado_196.jpg,PRI,Não cadastrado,Não cadastrado,Desconhecido
196.jpg,resultado_196.jpg,TO BNR TRAIN 2 AEROBIC,Não cadastrado,Não cadastrado,Desconhecido
196.jpg,resultado_196.jpg,FROM AEROBIC ZONES,Não cadastrado,Não cadastrado,Desconhecido
196.jpg,resultado_196.jpg,55-328,Não cadastrado,Não cadastrado,Desconhecido
196.jpg,resultado_196.jpg,DP,Não cadastrado,Não cadastrado,Desconhecido
196.jpg,resultado_196.jpg,8,Não cadastrado,Não cadastrado,Desconhecido
196.jpg,resultado_196.jpg,5,Não cadastrado,Não cadastrado,Desconhecido
196.jpg,resultado_196.jpg,1,Não cadastrado,Não cadastrado,Desconhecido
196.jpg,resultado_196.jpg,RAS,Não cadastrado,Não cadastrado,Desconhecido
196.jpg,resultado_196.jpg,"30""-RAS",Não cadastrado,Não cadastrado,Desconhecido
196.jpg,resultado_196.jpg,55-327,Não cadastrado,Não cadastrado,Desconhecido
196.jpg,resultado_196.jpg,1-328,Não cadastrado,Não cadastrado,Desconhecido
196.jpg,resultado_196.jpg,FROM MBR RAS PUMP,Não cadastrado,Não cadastrado,Desconhecido
196.jpg,resultado_196.jpg,VBL-55-3274,Não cadastrado,Não cadastrado,Desconhecido
196.jpg,resultado_196.jpg,VBL-55-328A,Não cadastrado,Não cadastrado,Desconhecido
196.jpg,resultado_196.jpg,NEER,Não cadastrado,Não cadastrado,Desconhecido
196.jpg,resultado_196.jpg,HEADER,Não cadastrado,Não cadastrado,Desconhecido
196.jpg,resultado_196.jpg,120/1/60,Não cadastrado,Não cadastrado,Desconhecido
196.jpg,resultado_196.jpg,G,Não cadastrado,Não cadastrado,Desconhecido
196.jpg,resultado_196.jpg,0,Não cadastrado,Não cadastrado,Desconhecido
196.jpg,resultado_196.jpg,@,Não cadastrado,Não cadastrado,Desconhecido
196.jpg,resultado_196.jpg,N,Não cadastrado,Não cadastrado,Desconhecido
196.jpg,resultado_196.jpg,ESP,Não cadastrado,Não cadastrado,Desconhecido
196.jpg,resultado_196.jpg,START,Não cadastrado,Não cadastrado,Desconhecido
196.jpg,resultado_196.jpg,LOR,Não cadastrado,Não cadastrado,Desconhecido
196.jpg,resultado_196.jpg,OR,Não cadastrado,Não cadastrado,Desconhecido
196.jpg,resultado_196.jpg,55-424B,Não cadastrado,Não cadastrado,Desconhecido
196.jpg,resultado_196.jpg,55-423B,Não cadastrado,Não cadastrado,Desconhecido
196.jpg,resultado_196.jpg,HSS,Não cadastrado,Não cadastrado,Desconhecido
196.jpg,resultado_196.jpg,DS,Não cadastrado,Não cadastrado,Desconhecido
196.jpg,resultado_196.jpg,56.32,Não cadastrado,Não cadastrado,Desconhecido
196.jpg,resultado_196.jpg,700,Não cadastrado,Não cadastrado,Desconhecido
196.jpg,resultado_196.jpg,ZSC,Não cadastrado,Não cadastrado,Desconhecido
196.jpg,resultado_196.jpg,VBF-55-424,Não cadastrado,Não cadastrado,Desconhecido
196.jpg,resultado_196.jpg,55-424D,Não cadastrado,Não cadastrado,Desconhecido
196.jpg,resultado_196.jpg,L,Não cadastrado,Não cadastrado,Desconhecido
196.jpg,resultado_196.jpg,"10""-AA",Não cadastrado,Não cadastrado,Desconhecido
196.jpg,resultado_196.jpg,VBF-55-423,Não cadastrado,Não cadastrado,Desconhecido
196.jpg,resultado_196.jpg,VBF-55-424B,Não cadastrado,Não cadastrado,Desconhecido
196.jpg,resultado_196.jpg,VBF-55-424C,Não cadastrado,Não cadastrado,Desconhecido
196.jpg,resultado_196.jpg,VBF-55-424D,Não cadastrado,Não cadastrado,Desconhecido
196.jpg,resultado_196.jpg,55-225,Não cadastrado,Não cadastrado,Desconhecido
196.jpg,resultado_196.jpg,},Não cadastrado,Não cadastrado,Desconhecido
196.jpg,resultado_196.jpg,{,Não cadastrado,Não cadastrado,Desconhecido
196.jpg,resultado_196.jpg,558612,Não cadastrado,Não cadastrado,Desconhecido
196.jpg,resultado_196.jpg,FROM BNR TRAIN ?2 AEROBIC,Não cadastrado,Não cadastrado,Desconhecido
196.jpg,resultado_196.jpg,ZONE 1/SWING,Não cadastrado,Não cadastrado,Desconhecido
196.jpg,resultado_196.jpg,MLR,Não cadastrado,Não cadastrado,Desconhecido
196.jpg,resultado_196.jpg,"30""-MLR",Não cadastrado,Não cadastrado,Desconhecido
196.jpg,resultado_196.jpg,55Y612,Não cadastrado,Não cadastrado,Desconhecido
196.jpg,resultado_196.jpg,TO BNR TRAIN,Não cadastrado,Não cadastrado,Desconhecido
196.jpg,resultado_196.jpg,FROM BNR TRAIN2,Não cadastrado,Não cadastrado,Desconhecido
196.jpg,resultado_196.jpg,ANOXIC ZONE,Não cadastrado,Não cadastrado,Desconhecido
196.jpg,resultado_196.jpg,AEROBIC ZONE,Não cadastrado,Não cadastrado,Desconhecido
196.jpg,resultado_196.jpg,~AA,Não cadastrado,Não cadastrado,Desconhecido
196.jpg,resultado_196.jpg,BNR TRAIN 2,Não cadastrado,Não cadastrado,Desconhecido
196.jpg,resultado_196.jpg,"3""-AA",Não cadastrado,Não cadastrado,Desconhecido
196.jpg,resultado_196.jpg,"SWING B, CONT .",Não cadastrado,Não cadastrado,Desconhecido
196.jpg,resultado_196.jpg,AEROBIC ZONE 2,Não cadastrado,Não cadastrado,Desconhecido
196.jpg,resultado_196.jpg,AEROBIC ZONE 3,Não cadastrado,Não cadastrado,Desconhecido
196.jpg,resultado_196.jpg,7,Não cadastrado,Não cadastrado,Desconhecido
196.jpg,resultado_196.jpg,TRAIN 2 AEROBIC ZONE,Não cadastrado,Não cadastrado,Desconhecido
196.jpg,resultado_196.jpg,TRAIN 2 AEROBIC,Não cadastrado,Não cadastrado,Desconhecido
196.jpg,resultado_196.jpg,I8,Não cadastrado,Não cadastrado,Desconhecido
196.jpg,resultado_196.jpg,SWING B DIFFUSER,Não cadastrado,Não cadastrado,Desconhecido
196.jpg,resultado_196.jpg,SWING B MIXER 2,Não cadastrado,Não cadastrado,Desconhecido
196.jpg,resultado_196.jpg,ZONE 2 DIFFUSERS,Não cadastrado,Não cadastrado,Desconhecido
196.jpg,resultado_196.jpg,SHFETNO,Não cadastrado,Não cadastrado,Desconhecido
196.jpg,resultado_196.jpg,55Y611,Não cadastrado,Não cadastrado,Desconhecido
196.jpg,resultado_196.jpg,DIF-55-423,Não cadastrado,Não cadastrado,Desconhecido
196.jpg,resultado_196.jpg,MIX-55-327,Não cadastrado,Não cadastrado,Desconhecido
196.jpg,resultado_196.jpg,DIF-55-424,Não cadastrado,Não cadastrado,Desconhecido
196.jpg,resultado_196.jpg,SHEET,Não cadastrado,Não cadastrado,Desconhecido
196.jpg,resultado_196.jpg,152,Não cadastrado,Não cadastrado,Desconhecido
196.jpg,resultado_196.jpg,229,Não cadastrado,Não cadastrado,Desconhecido
196.jpg,resultado_196.jpg,RIM,Não cadastrado,Não cadastrado,Desconhecido
196.jpg,resultado_196.jpg,CONIRO _,Não cadastrado,Não cadastrado,Desconhecido
196.jpg,resultado_196.jpg,STATE,Não cadastrado,Não cadastrado,Desconhecido
196.jpg,resultado_196.jpg,EQ,Não cadastrado,Não cadastrado,Desconhecido
196.jpg,resultado_196.jpg,EMP,Não cadastrado,Não cadastrado,Desconhecido
196.jpg,resultado_196.jpg,RUNNING TOTAL,Não cadastrado,Não cadastrado,Desconhecido
196.jpg,resultado_196.jpg,REMQTE,Não cadastrado,Não cadastrado,Desconhecido
196.jpg,resultado_196.jpg,CTR,Não cadastrado,Não cadastrado,Desconhecido
196.jpg,resultado_196.jpg,REMQTE POSITION,Não cadastrado,Não cadastrado,Desconhecido
196.jpg,resultado_196.jpg,FC-,Não cadastrado,Não cadastrado,Desconhecido
196.jpg,resultado_196.jpg,YQ,Não cadastrado,Não cadastrado,Desconhecido
196.jpg,resultado_196.jpg,YAL,Não cadastrado,Não cadastrado,Desconhecido
196.jpg,resultado_196.jpg,55-423,Não cadastrado,Não cadastrado,Desconhecido
196.jpg,resultado_196.jpg,32,Não cadastrado,Não cadastrado,Desconhecido
196.jpg,resultado_196.jpg,55-32-,Não cadastrado,Não cadastrado,Desconhecido
196.jpg,resultado_196.jpg,327,Não cadastrado,Não cadastrado,Desconhecido
196.jpg,resultado_196.jpg,55-424,Não cadastrado,Não cadastrado,Desconhecido
196.jpg,resultado_196.jpg,55_,Não cadastrado,Não cadastrado,Desconhecido
196.jpg,resultado_196.jpg,&8,Não cadastrado,Não cadastrado,Desconhecido
196.jpg,resultado_196.jpg,E,Não cadastrado,Não cadastrado,Desconhecido
196.jpg,resultado_196.jpg,9,Não cadastrado,Não cadastrado,Desconhecido
196.jpg,resultado_196.jpg,DF,Não cadastrado,Não cadastrado,Desconhecido
196.jpg,resultado_196.jpg,PROCESS AIRSYEADER,Não cadastrado,Não cadastrado,Desconhecido
196.jpg,resultado_196.jpg,PRV,Não cadastrado,Não cadastrado,Desconhecido
196.jpg,resultado_196.jpg,VBL-55-327A,Não cadastrado,Não cadastrado,Desconhecido
196.jpg,resultado_196.jpg,-423,Não cadastrado,Não cadastrado,Desconhecido
196.jpg,resultado_196.jpg,55,Não cadastrado,Não cadastrado,Desconhecido
196.jpg,resultado_196.jpg,ZIT,Não cadastrado,Não cadastrado,Desconhecido
196.jpg,resultado_196.jpg,55-423A-,Não cadastrado,Não cadastrado,Desconhecido
196.jpg,resultado_196.jpg,55-,Não cadastrado,Não cadastrado,Desconhecido
196.jpg,resultado_196.jpg,55633,Não cadastrado,Não cadastrado,Desconhecido
196.jpg,resultado_196.jpg,6528248,Não cadastrado,Não cadastrado,Desconhecido
196.jpg,resultado_196.jpg,24,Não cadastrado,Não cadastrado,Desconhecido
196.jpg,resultado_196.jpg,55-225',Não cadastrado,Não cadastrado,Desconhecido
196.jpg,resultado_196.jpg,6,Não cadastrado,Não cadastrado,Desconhecido
196.jpg,resultado_196.jpg,FROM BNR TRAIN 2 AEROBIC,Não cadastrado,Não cadastrado,Desconhecido
196.jpg,resultado_196.jpg,FROM BNR TRAIN 2,Não cadastrado,Não cadastrado,Desconhecido
196.jpg,resultado_196.jpg,I,Não cadastrado,Não cadastrado,Desconhecido
196.jpg,resultado_196.jpg,AEROBIC ZONE 1,Não cadastrado,Não cadastrado,Desconhecido
196.jpg,resultado_196.jpg,"SWING B, CONT.",Não cadastrado,Não cadastrado,Desconhecido
196.jpg,resultado_196.jpg,HUH,Não cadastrado,Não cadastrado,Desconhecido
196.jpg,resultado_196.jpg,IH,Não cadastrado,Não cadastrado,Desconhecido
196.jpg,resultado_196.jpg,SHEETNO,Não cadastrado,Não cadastrado,Desconhecido
196.jpg,resultado_196.jpg,CONIRS,Não cadastrado,Não cadastrado,Desconhecido
196.jpg,resultado_196.jpg,TEO,Não cadastrado,Não cadastrado,Desconhecido
196.jpg,resultado_196.jpg,OF 229,Não cadastrado,Não cadastrado,Desconhecido
196.jpg,resultado_196.jpg,SHEET NO,Não cadastrado,Não cadastrado,Desconhecido
196.jpg,resultado_196.jpg,28,Não cadastrado,Não cadastrado,Desconhecido
196.jpg,resultado_196.jpg,EO,Não cadastrado,Não cadastrado,Desconhecido
196.jpg,resultado_196.jpg,TNCC,Não cadastrado,Não cadastrado,Desconhecido
196.jpg,resultado_196.jpg,J,Não cadastrado,Não cadastrado,Desconhecido
196.jpg,resultado_196.jpg,!,Não cadastrado,Não cadastrado,Desconhecido
196.jpg,resultado_196.jpg,'ENGINEER_,Não cadastrado,Não cadastrado,Desconhecido
196.jpg,resultado_196.jpg,ENGINEER,Não cadastrado,Não cadastrado,Desconhecido
196.jpg,resultado_196.jpg,),Não cadastrado,Não cadastrado,Desconhecido
196.jpg,resultado_196.jpg,CONTRO,Não cadastrado,Não cadastrado,Desconhecido
196.jpg,resultado_196.jpg,ENGINEER _,Não cadastrado,Não cadastrado,Desconhecido
196.jpg,resultado_196.jpg,TEMP,Não cadastrado,Não cadastrado,Desconhecido
196.jpg,resultado_196.jpg,SP,Não cadastrado,Não cadastrado,Desconhecido
196.jpg,resultado_196.jpg,YQE,Não cadastrado,Não cadastrado,Desconhecido
196.jpg,resultado_196.jpg,YAH,Não cadastrado,Não cadastrado,Desconhecido
196.jpg,resultado_196.jpg,555-32,Não cadastrado,Não cadastrado,Desconhecido
196.jpg,resultado_196.jpg,1-327,Não cadastrado,Não cadastrado,Desconhecido
196.jpg,resultado_196.jpg,55-323,Não cadastrado,Não cadastrado,Desconhecido
196.jpg,resultado_196.jpg,4240,Não cadastrado,Não cadastrado,Desconhecido
196.jpg,resultado_196.jpg,4241,Não cadastrado,Não cadastrado,Desconhecido
196.jpg,resultado_196.jpg,225,Não cadastrado,Não cadastrado,Desconhecido
196.jpg,resultado_196.jpg,55-225655-225,Não cadastrado,Não cadastrado,Desconhecido
196.jpg,resultado_196.jpg,55-222,Não cadastrado,Não cadastrado,Desconhecido
196.jpg,resultado_196.jpg,TO BNR TRAIN ? AEROBIC,Não cadastrado,Não cadastrado,Desconhecido
196.jpg,resultado_196.jpg,423,Não cadastrado,Não cadastrado,Desconhecido
196.jpg,resultado_196.jpg,OSC &,Não cadastrado,Não cadastrado,Desconhecido
196.jpg,resultado_196.jpg,55-424A,Não cadastrado,Não cadastrado,Desconhecido
196.jpg,resultado_196.jpg,SC,Não cadastrado,Não cadastrado,Desconhecido
196.jpg,resultado_196.jpg,55-423A,Não cadastrado,Não cadastrado,Desconhecido
196.jpg,resultado_196.jpg,424,Não cadastrado,Não cadastrado,Desconhecido
196.jpg,resultado_196.jpg,TSH,Não cadastrado,Não cadastrado,Desconhecido
196.jpg,resultado_196.jpg,MSH,Não cadastrado,Não cadastrado,Desconhecido
196.jpg,resultado_196.jpg,55-22,Não cadastrado,Não cadastrado,Desconhecido
196.jpg,resultado_196.jpg,558610,Não cadastrado,Não cadastrado,Desconhecido
196.jpg,resultado_196.jpg,FROM BNR TRAIN,Não cadastrado,Não cadastrado,Desconhecido
196.jpg,resultado_196.jpg,"3""",Não cadastrado,Não cadastrado,Desconhecido
196.jpg,resultado_196.jpg,ROBIC,Não cadastrado,Não cadastrado,Desconhecido
196.jpg,resultado_196.jpg,AIT,Não cadastrado,Não cadastrado,Desconhecido
196.jpg,resultado_196.jpg,56-22,Não cadastrado,Não cadastrado,Desconhecido
196.jpg,resultado_196.jpg,55-3278,Não cadastrado,Não cadastrado,Desconhecido
196.jpg,resultado_196.jpg,55-327B,Não cadastrado,Não cadastrado,Desconhecido
196.jpg,resultado_196.jpg,55-327A,Não cadastrado,Não cadastrado,Desconhecido
196.jpg,resultado_196.jpg,66_,Não cadastrado,Não cadastrado,Desconhecido
196.jpg,resultado_196.jpg,HEADE,Não cadastrado,Não cadastrado,Desconhecido
196.jpg,resultado_196.jpg,328,Não cadastrado,Não cadastrado,Desconhecido
196.jpg,resultado_196.jpg,OSC,Não cadastrado,Não cadastrado,Desconhecido
196.jpg,resultado_196.jpg,55-424E,Não cadastrado,Não cadastrado,Desconhecido
196.jpg,resultado_196.jpg,AEROBIC,Não cadastrado,Não cadastrado,Desconhecido
196.jpg,resultado_196.jpg,ZONE 1ISWING,Não cadastrado,Não cadastrado,Desconhecido
196.jpg,resultado_196.jpg,FROM BNR TRAIN_,Não cadastrado,Não cadastrado,Desconhecido
196.jpg,resultado_196.jpg,"4""-AA",Não cadastrado,Não cadastrado,Desconhecido
196.jpg,resultado_196.jpg,B,Não cadastrado,Não cadastrado,Desconhecido
196.jpg,resultado_196.jpg,R,Não cadastrado,Não cadastrado,Desconhecido
196.jpg,resultado_196.jpg,W,Não cadastrado,Não cadastrado,Desconhecido
196.jpg,resultado_196.jpg,RA,Não cadastrado,Não cadastrado,Desconhecido
196.jpg,resultado_196.jpg,VBL-55-3284,Não cadastrado,Não cadastrado,Desconhecido
196.jpg,resultado_196.jpg,55Y61O,Não cadastrado,Não cadastrado,Desconhecido
196.jpg,resultado_196.jpg,FE,Não cadastrado,Não cadastrado,Desconhecido
196.jpg,resultado_196.jpg,55-42-,Não cadastrado,Não cadastrado,Desconhecido
196.jpg,resultado_196.jpg,55-424-,Não cadastrado,Não cadastrado,Desconhecido
196.jpg,resultado_196.jpg,55-424C,Não cadastrado,Não cadastrado,Desconhecido
196.jpg,resultado_196.jpg,SIN,Não cadastrado,Não cadastrado,Desconhecido
196.jpg,resultado_196.jpg,PB,Não cadastrado,Não cadastrado,Desconhecido
196.jpg,resultado_196.jpg,EN,Não cadastrado,Não cadastrado,Desconhecido
196.jpg,resultado_196.jpg,(IO_,Não cadastrado,Não cadastrado,Desconhecido
196.jpg,resultado_196.jpg,45-4245,Não cadastrado,Não cadastrado,Desconhecido
196.jpg,resultado_196.jpg,FAIL,Não cadastrado,Não cadastrado,Desconhecido
196.jpg,resultado_196.jpg,YA,Não cadastrado,Não cadastrado,Desconhecido
196.jpg,resultado_196.jpg,55-227,Não cadastrado,Não cadastrado,Desconhecido
196.jpg,resultado_196.jpg,AH,Não cadastrado,Não cadastrado,Desconhecido
196.jpg,resultado_196.jpg,65-225,Não cadastrado,Não cadastrado,Desconhecido
196.jpg,resultado_196.jpg,55-2255,Não cadastrado,Não cadastrado,Desconhecido
196.jpg,resultado_196.jpg,65-225455-225655-225,Não cadastrado,Não cadastrado,Desconhecido
196.jpg,resultado_196.jpg,65-225 _,Não cadastrado,Não cadastrado,Desconhecido
196.jpg,resultado_196.jpg,POSITIQN,Não cadastrado,Não cadastrado,Desconhecido
196.jpg,resultado_196.jpg,REMOTI,Não cadastrado,Não cadastrado,Desconhecido
196.jpg,resultado_196.jpg,555-424,Não cadastrado,Não cadastrado,Desconhecido
196.jpg,resultado_196.jpg,65-424,Não cadastrado,Não cadastrado,Desconhecido
196.jpg,resultado_196.jpg,ZIIC,Não cadastrado,Não cadastrado,Desconhecido
196.jpg,resultado_196.jpg,45-4244,Não cadastrado,Não cadastrado,Desconhecido
196.jpg,resultado_196.jpg,15-4240,Não cadastrado,Não cadastrado,Desconhecido
196.jpg,resultado_196.jpg,15-4241,Não cadastrado,Não cadastrado,Desconhecido
196.jpg,resultado_196.jpg,R5-327,Não cadastrado,Não cadastrado,Desconhecido
196.jpg,resultado_196.jpg,REMOIL,Não cadastrado,Não cadastrado,Desconhecido
196.jpg,resultado_196.jpg,IOTAL,Não cadastrado,Não cadastrado,Desconhecido
196.jpg,resultado_196.jpg,YQL,Não cadastrado,Não cadastrado,Desconhecido
196.jpg,resultado_196.jpg,RUNNINC,Não cadastrado,Não cadastrado,Desconhecido
196.jpg,resultado_196.jpg,35-327,Não cadastrado,Não cadastrado,Desconhecido
196.jpg,resultado_196.jpg,55-327/,Não cadastrado,Não cadastrado,Desconhecido
196.jpg,resultado_196.jpg,65-32,Não cadastrado,Não cadastrado,Desconhecido
196.jpg,resultado_196.jpg,POSITION,Não cadastrado,Não cadastrado,Desconhecido
196.jpg,resultado_196.jpg,65-423,Não cadastrado,Não cadastrado,Desconhecido
197.jpg,resultado_197.jpg,SOL ENOID,Não cadastrado,Não cadastrado,Desconhecido
197.jpg,resultado_197.jpg,SOLENGID,Não cadastrado,Não cadastrado,Desconhecido
197.jpg,resultado_197.jpg,MOTOR,Não cadastrado,Não cadastrado,Desconhecido
197.jpg,resultado_197.jpg,HYDRAUVC,Não cadastrado,Não cadastrado,Desconhecido
197.jpg,resultado_197.jpg,FLECTROHYDRAULIC,Não cadastrado,Não cadastrado,Desconhecido
197.jpg,resultado_197.jpg,GRAVMY,Não cadastrado,Não cadastrado,Desconhecido
197.jpg,resultado_197.jpg,RJIE:,Não cadastrado,Não cadastrado,Desconhecido
197.jpg,resultado_197.jpg,HYDRAULIC,Não cadastrado,Não cadastrado,Desconhecido
197.jpg,resultado_197.jpg,FC,Fail Close,Falha de Válvula,Identificado
197.jpg,resultado_197.jpg,FL,Fail Locked,Falha de Válvula,Identificado
197.jpg,resultado_197.jpg,F,Não cadastrado,Não cadastrado,Desconhecido
197.jpg,resultado_197.jpg,ION,Não cadastrado,Não cadastrado,Desconhecido
197.jpg,resultado_197.jpg,HYD,Não cadastrado,Não cadastrado,Desconhecido
197.jpg,resultado_197.jpg,RAULIC,Não cadastrado,Não cadastrado,Desconhecido
197.jpg,resultado_197.jpg,H,Não cadastrado,Não cadastrado,Desconhecido
197.jpg,resultado_197.jpg,G,Não cadastrado,Não cadastrado,Desconhecido
197.jpg,resultado_197.jpg,VECTR,Não cadastrado,Não cadastrado,Desconhecido
197.jpg,resultado_197.jpg,C,Não cadastrado,Não cadastrado,Desconhecido
197.jpg,resultado_197.jpg,',Não cadastrado,Não cadastrado,Desconhecido
197.jpg,resultado_197.jpg,M,Não cadastrado,Não cadastrado,Desconhecido
197.jpg,resultado_197.jpg,DIAP,Não cadastrado,Não cadastrado,Desconhecido
197.jpg,resultado_197.jpg,FNO,Não cadastrado,Não cadastrado,Desconhecido
197.jpg,resultado_197.jpg,0,Não cadastrado,Não cadastrado,Desconhecido
197.jpg,resultado_197.jpg,5,Não cadastrado,Não cadastrado,Desconhecido
198.jpg,resultado_198.jpg,OPERATOR INTERFACEICONTROL DEVICES,Não cadastrado,Não cadastrado,Desconhecido
198.jpg,resultado_198.jpg,GENERAL SHEET NOTES,Não cadastrado,Não cadastrado,Desconhecido
198.jpg,resultado_198.jpg,HIGH,Não cadastrado,Não cadastrado,Desconhecido
198.jpg,resultado_198.jpg,SPEED,Não cadastrado,Não cadastrado,Desconhecido
198.jpg,resultado_198.jpg,MOTOR,Não cadastrado,Não cadastrado,Desconhecido
198.jpg,resultado_198.jpg,RUN,Não cadastrado,Não cadastrado,Desconhecido
198.jpg,resultado_198.jpg,OPEN,Não cadastrado,Não cadastrado,Desconhecido
198.jpg,resultado_198.jpg,CLOSE,Não cadastrado,Não cadastrado,Desconhecido
198.jpg,resultado_198.jpg,VALVE,Não cadastrado,Não cadastrado,Desconhecido
198.jpg,resultado_198.jpg,RUNNING RUNNING,Não cadastrado,Não cadastrado,Desconhecido
198.jpg,resultado_198.jpg,FWD,Não cadastrado,Não cadastrado,Desconhecido
198.jpg,resultado_198.jpg,BACK,Não cadastrado,Não cadastrado,Desconhecido
198.jpg,resultado_198.jpg,3,Não cadastrado,Não cadastrado,Desconhecido
198.jpg,resultado_198.jpg,TORQUE,Não cadastrado,Não cadastrado,Desconhecido
198.jpg,resultado_198.jpg,CMD,Não cadastrado,Não cadastrado,Desconhecido
198.jpg,resultado_198.jpg,IND,Não cadastrado,Não cadastrado,Desconhecido
198.jpg,resultado_198.jpg,AMPS,Não cadastrado,Não cadastrado,Desconhecido
198.jpg,resultado_198.jpg,RUNNING,Não cadastrado,Não cadastrado,Desconhecido
198.jpg,resultado_198.jpg,TOTAL,Não cadastrado,Não cadastrado,Desconhecido
198.jpg,resultado_198.jpg,REMOTE,Não cadastrado,Não cadastrado,Desconhecido
198.jpg,resultado_198.jpg,STOP,Não cadastrado,Não cadastrado,Desconhecido
198.jpg,resultado_198.jpg,ESP,Não cadastrado,Não cadastrado,Desconhecido
198.jpg,resultado_198.jpg,CLOSED,Não cadastrado,Não cadastrado,Desconhecido
198.jpg,resultado_198.jpg,FSP,Não cadastrado,Não cadastrado,Desconhecido
198.jpg,resultado_198.jpg,LIMIT,Não cadastrado,Não cadastrado,Desconhecido
198.jpg,resultado_198.jpg,LMIT,Não cadastrado,Não cadastrado,Desconhecido
198.jpg,resultado_198.jpg,SEE OODOO1 FOR NFPA 820 AREA,Não cadastrado,Não cadastrado,Desconhecido
198.jpg,resultado_198.jpg,WAL,Não cadastrado,Não cadastrado,Desconhecido
198.jpg,resultado_198.jpg,'WAH,Não cadastrado,Não cadastrado,Desconhecido
198.jpg,resultado_198.jpg,SC,Não cadastrado,Não cadastrado,Desconhecido
198.jpg,resultado_198.jpg,HS,Não cadastrado,Não cadastrado,Desconhecido
198.jpg,resultado_198.jpg,PAL,Não cadastrado,Não cadastrado,Desconhecido
198.jpg,resultado_198.jpg,HSO,Não cadastrado,Não cadastrado,Desconhecido
198.jpg,resultado_198.jpg,HSC,Não cadastrado,Não cadastrado,Desconhecido
198.jpg,resultado_198.jpg,ZIC,Não cadastrado,Não cadastrado,Desconhecido
198.jpg,resultado_198.jpg,ZIB,Não cadastrado,Não cadastrado,Desconhecido
198.jpg,resultado_198.jpg,CLASSIFICATION INFORMATION:,Não cadastrado,Não cadastrado,Desconhecido
198.jpg,resultado_198.jpg,20,Não cadastrado,Não cadastrado,Desconhecido
198.jpg,resultado_198.jpg,52-20,Não cadastrado,Não cadastrado,Desconhecido
198.jpg,resultado_198.jpg,52-401A,Não cadastrado,Não cadastrado,Desconhecido
198.jpg,resultado_198.jpg,52-401B,Não cadastrado,Não cadastrado,Desconhecido
198.jpg,resultado_198.jpg,52-401,Não cadastrado,Não cadastrado,Desconhecido
198.jpg,resultado_198.jpg,82,Não cadastrado,Não cadastrado,Desconhecido
198.jpg,resultado_198.jpg,PLC I/O,Não cadastrado,Não cadastrado,Desconhecido
198.jpg,resultado_198.jpg,PCM-2O,Não cadastrado,Não cadastrado,Desconhecido
198.jpg,resultado_198.jpg,POWER SOURCE,Não cadastrado,Não cadastrado,Desconhecido
198.jpg,resultado_198.jpg,FVR,Não cadastrado,Não cadastrado,Desconhecido
198.jpg,resultado_198.jpg,480/3/60,Não cadastrado,Não cadastrado,Desconhecido
198.jpg,resultado_198.jpg,VFD,Não cadastrado,Não cadastrado,Desconhecido
198.jpg,resultado_198.jpg,FIELD,Não cadastrado,Não cadastrado,Desconhecido
198.jpg,resultado_198.jpg,H,Não cadastrado,Não cadastrado,Desconhecido
198.jpg,resultado_198.jpg,START,Não cadastrado,Não cadastrado,Desconhecido
198.jpg,resultado_198.jpg,LOR,Não cadastrado,Não cadastrado,Desconhecido
198.jpg,resultado_198.jpg,SPD,Não cadastrado,Não cadastrado,Desconhecido
198.jpg,resultado_198.jpg,FOR,Não cadastrado,Não cadastrado,Desconhecido
198.jpg,resultado_198.jpg,201B,Não cadastrado,Não cadastrado,Desconhecido
198.jpg,resultado_198.jpg,-401B,Não cadastrado,Não cadastrado,Desconhecido
198.jpg,resultado_198.jpg,VEER,Não cadastrado,Não cadastrado,Desconhecido
198.jpg,resultado_198.jpg,TM,Não cadastrado,Não cadastrado,Desconhecido
198.jpg,resultado_198.jpg,"2""-PSW",Não cadastrado,Não cadastrado,Desconhecido
198.jpg,resultado_198.jpg,PSW,Não cadastrado,Não cadastrado,Desconhecido
198.jpg,resultado_198.jpg,52Y605,Não cadastrado,Não cadastrado,Desconhecido
198.jpg,resultado_198.jpg,0,Não cadastrado,Não cadastrado,Desconhecido
198.jpg,resultado_198.jpg,TO CLARIFIER NO.,Não cadastrado,Não cadastrado,Desconhecido
198.jpg,resultado_198.jpg,2,Não cadastrado,Não cadastrado,Desconhecido
198.jpg,resultado_198.jpg,52Y606,Não cadastrado,Não cadastrado,Desconhecido
198.jpg,resultado_198.jpg,TO CLARIFIER NO,Não cadastrado,Não cadastrado,Desconhecido
198.jpg,resultado_198.jpg,52Y607,Não cadastrado,Não cadastrado,Desconhecido
198.jpg,resultado_198.jpg,52-201,Não cadastrado,Não cadastrado,Desconhecido
198.jpg,resultado_198.jpg,"52-20""",Não cadastrado,Não cadastrado,Desconhecido
198.jpg,resultado_198.jpg,"16""-FA",Não cadastrado,Não cadastrado,Desconhecido
198.jpg,resultado_198.jpg,1,Não cadastrado,Não cadastrado,Desconhecido
198.jpg,resultado_198.jpg,"3""-PSW",Não cadastrado,Não cadastrado,Desconhecido
198.jpg,resultado_198.jpg,G,Não cadastrado,Não cadastrado,Desconhecido
198.jpg,resultado_198.jpg,PLANT SERVICE WATER,Não cadastrado,Não cadastrado,Desconhecido
198.jpg,resultado_198.jpg,"3""X2""",Não cadastrado,Não cadastrado,Desconhecido
198.jpg,resultado_198.jpg,52-201A,Não cadastrado,Não cadastrado,Desconhecido
198.jpg,resultado_198.jpg,52-201B,Não cadastrado,Não cadastrado,Desconhecido
198.jpg,resultado_198.jpg,52-20-,Não cadastrado,Não cadastrado,Desconhecido
198.jpg,resultado_198.jpg,VBL-52-201A,Não cadastrado,Não cadastrado,Desconhecido
198.jpg,resultado_198.jpg,DS,Não cadastrado,Não cadastrado,Desconhecido
198.jpg,resultado_198.jpg,120/1/60,Não cadastrado,Não cadastrado,Desconhecido
198.jpg,resultado_198.jpg,HSS,Não cadastrado,Não cadastrado,Desconhecido
198.jpg,resultado_198.jpg,VBL-52-201D,Não cadastrado,Não cadastrado,Desconhecido
198.jpg,resultado_198.jpg,"12"" SCUM TIPPING",Não cadastrado,Não cadastrado,Desconhecido
198.jpg,resultado_198.jpg,REMOVABLE COVERS,Não cadastrado,Não cadastrado,Desconhecido
198.jpg,resultado_198.jpg,VBL-52-201E,Não cadastrado,Não cadastrado,Desconhecido
198.jpg,resultado_198.jpg,VBL-52-201,Não cadastrado,Não cadastrado,Desconhecido
198.jpg,resultado_198.jpg,VBL-52-201F,Não cadastrado,Não cadastrado,Desconhecido
198.jpg,resultado_198.jpg,TROUGH,Não cadastrado,Não cadastrado,Desconhecido
198.jpg,resultado_198.jpg,TYPICAL,Não cadastrado,Não cadastrado,Desconhecido
198.jpg,resultado_198.jpg,SEE 520301,Não cadastrado,Não cadastrado,Desconhecido
198.jpg,resultado_198.jpg,SEJGSORONITORING,Não cadastrado,Não cadastrado,Desconhecido
198.jpg,resultado_198.jpg,VBL-52-201G,Não cadastrado,Não cadastrado,Desconhecido
198.jpg,resultado_198.jpg,6,Não cadastrado,Não cadastrado,Desconhecido
198.jpg,resultado_198.jpg,EFFLUENT LAUNDERS,Não cadastrado,Não cadastrado,Desconhecido
198.jpg,resultado_198.jpg,"B, C",Não cadastrado,Não cadastrado,Desconhecido
198.jpg,resultado_198.jpg,52Y602,Não cadastrado,Não cadastrado,Desconhecido
198.jpg,resultado_198.jpg,PE,Não cadastrado,Não cadastrado,Desconhecido
198.jpg,resultado_198.jpg,8,Não cadastrado,Não cadastrado,Desconhecido
198.jpg,resultado_198.jpg,52Y608,Não cadastrado,Não cadastrado,Desconhecido
198.jpg,resultado_198.jpg,FROM CLARIFIER,Não cadastrado,Não cadastrado,Desconhecido
198.jpg,resultado_198.jpg,TO,Não cadastrado,Não cadastrado,Desconhecido
198.jpg,resultado_198.jpg,CLARIFIER,Não cadastrado,Não cadastrado,Desconhecido
198.jpg,resultado_198.jpg,EFFLUENT,Não cadastrado,Não cadastrado,Desconhecido
198.jpg,resultado_198.jpg,INFLUENT GATES,Não cadastrado,Não cadastrado,Desconhecido
198.jpg,resultado_198.jpg,FLOCCULATION BAFFLE,Não cadastrado,Não cadastrado,Desconhecido
198.jpg,resultado_198.jpg,GATE,Não cadastrado,Não cadastrado,Desconhecido
198.jpg,resultado_198.jpg,EQ,Não cadastrado,Não cadastrado,Desconhecido
198.jpg,resultado_198.jpg,(FUTURE),Não cadastrado,Não cadastrado,Desconhecido
198.jpg,resultado_198.jpg,"12""-SC",Não cadastrado,Não cadastrado,Desconhecido
198.jpg,resultado_198.jpg,TO CLARIFIER NO_,Não cadastrado,Não cadastrado,Desconhecido
198.jpg,resultado_198.jpg,SCUM,Não cadastrado,Não cadastrado,Desconhecido
198.jpg,resultado_198.jpg,PRIMARY CLARIFIER,Não cadastrado,Não cadastrado,Desconhecido
198.jpg,resultado_198.jpg,COLLECTOR,Não cadastrado,Não cadastrado,Desconhecido
198.jpg,resultado_198.jpg,SLUDGE PROTECTION,Não cadastrado,Não cadastrado,Desconhecido
198.jpg,resultado_198.jpg,FLIGHT TRAVEL,Não cadastrado,Não cadastrado,Desconhecido
198.jpg,resultado_198.jpg,CANOPY,Não cadastrado,Não cadastrado,Desconhecido
198.jpg,resultado_198.jpg,52Y612,Não cadastrado,Não cadastrado,Desconhecido
198.jpg,resultado_198.jpg,PS,Não cadastrado,Não cadastrado,Desconhecido
198.jpg,resultado_198.jpg,"6""-PS",Não cadastrado,Não cadastrado,Desconhecido
198.jpg,resultado_198.jpg,SLUDGE PUMPS,Não cadastrado,Não cadastrado,Desconhecido
198.jpg,resultado_198.jpg,I,Não cadastrado,Não cadastrado,Desconhecido
198.jpg,resultado_198.jpg,7,Não cadastrado,Não cadastrado,Desconhecido
198.jpg,resultado_198.jpg,CLARIFIER NO.,Não cadastrado,Não cadastrado,Desconhecido
198.jpg,resultado_198.jpg,CLARIFIER NO_,Não cadastrado,Não cadastrado,Desconhecido
198.jpg,resultado_198.jpg,SLUDGE COLLECTOR,Não cadastrado,Não cadastrado,Desconhecido
198.jpg,resultado_198.jpg,NO.,Não cadastrado,Não cadastrado,Desconhecido
198.jpg,resultado_198.jpg,SCUM TROUGH,Não cadastrado,Não cadastrado,Desconhecido
198.jpg,resultado_198.jpg,SHFETNO,Não cadastrado,Não cadastrado,Desconhecido
198.jpg,resultado_198.jpg,52Y604,Não cadastrado,Não cadastrado,Desconhecido
198.jpg,resultado_198.jpg,SLC-52-201,Não cadastrado,Não cadastrado,Desconhecido
198.jpg,resultado_198.jpg,CLR-52-201,Não cadastrado,Não cadastrado,Desconhecido
198.jpg,resultado_198.jpg,SCC-52-401,Não cadastrado,Não cadastrado,Desconhecido
198.jpg,resultado_198.jpg,SHEET,Não cadastrado,Não cadastrado,Desconhecido
198.jpg,resultado_198.jpg,123,Não cadastrado,Não cadastrado,Desconhecido
198.jpg,resultado_198.jpg,229,Não cadastrado,Não cadastrado,Desconhecido
198.jpg,resultado_198.jpg,LOW,Não cadastrado,Não cadastrado,Desconhecido
198.jpg,resultado_198.jpg,CONIRO,Não cadastrado,Não cadastrado,Desconhecido
198.jpg,resultado_198.jpg,STATE,Não cadastrado,Não cadastrado,Desconhecido
198.jpg,resultado_198.jpg,L,Não cadastrado,Não cadastrado,Desconhecido
198.jpg,resultado_198.jpg,STARTI,Não cadastrado,Não cadastrado,Desconhecido
198.jpg,resultado_198.jpg,RUNNING TQTAL,Não cadastrado,Não cadastrado,Desconhecido
198.jpg,resultado_198.jpg,REMQTE,Não cadastrado,Não cadastrado,Desconhecido
198.jpg,resultado_198.jpg,REV,Não cadastrado,Não cadastrado,Desconhecido
198.jpg,resultado_198.jpg,FW,Não cadastrado,Não cadastrado,Desconhecido
198.jpg,resultado_198.jpg,SEE OODO01 FOR NFPA 820 AREA,Não cadastrado,Não cadastrado,Desconhecido
198.jpg,resultado_198.jpg,WAH,Não cadastrado,Não cadastrado,Desconhecido
198.jpg,resultado_198.jpg,YO,Não cadastrado,Não cadastrado,Desconhecido
198.jpg,resultado_198.jpg,ZIO,Não cadastrado,Não cadastrado,Desconhecido
198.jpg,resultado_198.jpg,CLASSIFICATION INFORMATION_,Não cadastrado,Não cadastrado,Desconhecido
198.jpg,resultado_198.jpg,52-203,Não cadastrado,Não cadastrado,Desconhecido
198.jpg,resultado_198.jpg,52-201 _,Não cadastrado,Não cadastrado,Desconhecido
198.jpg,resultado_198.jpg,201,Não cadastrado,Não cadastrado,Desconhecido
198.jpg,resultado_198.jpg,~401A,Não cadastrado,Não cadastrado,Desconhecido
198.jpg,resultado_198.jpg,52-40,Não cadastrado,Não cadastrado,Desconhecido
198.jpg,resultado_198.jpg,52-401_,Não cadastrado,Não cadastrado,Desconhecido
198.jpg,resultado_198.jpg,40,Não cadastrado,Não cadastrado,Desconhecido
198.jpg,resultado_198.jpg,&8,Não cadastrado,Não cadastrado,Desconhecido
198.jpg,resultado_198.jpg,E,Não cadastrado,Não cadastrado,Desconhecido
198.jpg,resultado_198.jpg,PLC I/0,Não cadastrado,Não cadastrado,Desconhecido
198.jpg,resultado_198.jpg,9,Não cadastrado,Não cadastrado,Desconhecido
198.jpg,resultado_198.jpg,5,Não cadastrado,Não cadastrado,Desconhecido
198.jpg,resultado_198.jpg,STAR,Não cadastrado,Não cadastrado,Desconhecido
198.jpg,resultado_198.jpg,SPDI,Não cadastrado,Não cadastrado,Desconhecido
198.jpg,resultado_198.jpg,NEER,Não cadastrado,Não cadastrado,Desconhecido
198.jpg,resultado_198.jpg,IM,Não cadastrado,Não cadastrado,Desconhecido
198.jpg,resultado_198.jpg,TO CLARIFIER NO. 2,Não cadastrado,Não cadastrado,Desconhecido
198.jpg,resultado_198.jpg,FA,Não cadastrado,Não cadastrado,Desconhecido
198.jpg,resultado_198.jpg,T CLARIFIER NO,Não cadastrado,Não cadastrado,Desconhecido
198.jpg,resultado_198.jpg,62.201,Não cadastrado,Não cadastrado,Desconhecido
198.jpg,resultado_198.jpg,24,Não cadastrado,Não cadastrado,Desconhecido
198.jpg,resultado_198.jpg,ZSF,Não cadastrado,Não cadastrado,Desconhecido
198.jpg,resultado_198.jpg,ZSB,Não cadastrado,Não cadastrado,Desconhecido
198.jpg,resultado_198.jpg,REMOVABLE COVERS_,Não cadastrado,Não cadastrado,Desconhecido
198.jpg,resultado_198.jpg,VBL-52-2O1E,Não cadastrado,Não cadastrado,Desconhecido
198.jpg,resultado_198.jpg,NS,Não cadastrado,Não cadastrado,Desconhecido
198.jpg,resultado_198.jpg,WS,Não cadastrado,Não cadastrado,Desconhecido
198.jpg,resultado_198.jpg,"TYPICAL, SEE 520301",Não cadastrado,Não cadastrado,Desconhecido
198.jpg,resultado_198.jpg,FLIGHT MONITORING,Não cadastrado,Não cadastrado,Desconhecido
198.jpg,resultado_198.jpg,SENSOR,Não cadastrado,Não cadastrado,Desconhecido
198.jpg,resultado_198.jpg,"AB,C",Não cadastrado,Não cadastrado,Desconhecido
198.jpg,resultado_198.jpg,TEQ,Não cadastrado,Não cadastrado,Desconhecido
198.jpg,resultado_198.jpg,S6,Não cadastrado,Não cadastrado,Desconhecido
198.jpg,resultado_198.jpg,Y612,Não cadastrado,Não cadastrado,Desconhecido
198.jpg,resultado_198.jpg,HUH,Não cadastrado,Não cadastrado,Desconhecido
198.jpg,resultado_198.jpg,IH,Não cadastrado,Não cadastrado,Desconhecido
198.jpg,resultado_198.jpg,NO_,Não cadastrado,Não cadastrado,Desconhecido
198.jpg,resultado_198.jpg,SHEETNO,Não cadastrado,Não cadastrado,Desconhecido
198.jpg,resultado_198.jpg,CONIR,Não cadastrado,Não cadastrado,Desconhecido
198.jpg,resultado_198.jpg,OF 229,Não cadastrado,Não cadastrado,Desconhecido
198.jpg,resultado_198.jpg,SHEET NO,Não cadastrado,Não cadastrado,Desconhecido
198.jpg,resultado_198.jpg,04,Não cadastrado,Não cadastrado,Desconhecido
198.jpg,resultado_198.jpg,28,Não cadastrado,Não cadastrado,Desconhecido
198.jpg,resultado_198.jpg,EO,Não cadastrado,Não cadastrado,Desconhecido
198.jpg,resultado_198.jpg,TEO,Não cadastrado,Não cadastrado,Desconhecido
198.jpg,resultado_198.jpg,TNCC,Não cadastrado,Não cadastrado,Desconhecido
198.jpg,resultado_198.jpg,U,Não cadastrado,Não cadastrado,Desconhecido
198.jpg,resultado_198.jpg,!,Não cadastrado,Não cadastrado,Desconhecido
198.jpg,resultado_198.jpg,'ENGINEER_,Não cadastrado,Não cadastrado,Desconhecido
198.jpg,resultado_198.jpg,ENGINEER,Não cadastrado,Não cadastrado,Desconhecido
198.jpg,resultado_198.jpg,),Não cadastrado,Não cadastrado,Desconhecido
198.jpg,resultado_198.jpg,CONTRO,Não cadastrado,Não cadastrado,Desconhecido
198.jpg,resultado_198.jpg,ENGINEER _,Não cadastrado,Não cadastrado,Desconhecido
198.jpg,resultado_198.jpg,@,Não cadastrado,Não cadastrado,Desconhecido
198.jpg,resultado_198.jpg,OODOO,Não cadastrado,Não cadastrado,Desconhecido
198.jpg,resultado_198.jpg,RA,Não cadastrado,Não cadastrado,Desconhecido
198.jpg,resultado_198.jpg,GENERAL SHEETNQTES,Não cadastrado,Não cadastrado,Desconhecido
198.jpg,resultado_198.jpg,RUNNING TQIAL,Não cadastrado,Não cadastrado,Desconhecido
198.jpg,resultado_198.jpg,VALVE REMOTE,Não cadastrado,Não cadastrado,Desconhecido
198.jpg,resultado_198.jpg,IMT,Não cadastrado,Não cadastrado,Desconhecido
198.jpg,resultado_198.jpg,LIMT,Não cadastrado,Não cadastrado,Desconhecido
198.jpg,resultado_198.jpg,(WAH,Não cadastrado,Não cadastrado,Desconhecido
198.jpg,resultado_198.jpg,YQL,Não cadastrado,Não cadastrado,Desconhecido
198.jpg,resultado_198.jpg,ZI0,Não cadastrado,Não cadastrado,Desconhecido
198.jpg,resultado_198.jpg,ZIF,Não cadastrado,Não cadastrado,Desconhecido
198.jpg,resultado_198.jpg,20-,Não cadastrado,Não cadastrado,Desconhecido
198.jpg,resultado_198.jpg,52-21,Não cadastrado,Não cadastrado,Desconhecido
198.jpg,resultado_198.jpg,TO CLARIFIERNO.,Não cadastrado,Não cadastrado,Desconhecido
198.jpg,resultado_198.jpg,"20""",Não cadastrado,Não cadastrado,Desconhecido
198.jpg,resultado_198.jpg,"3""X2",Não cadastrado,Não cadastrado,Desconhecido
198.jpg,resultado_198.jpg,"52-201""52-20-",Não cadastrado,Não cadastrado,Desconhecido
198.jpg,resultado_198.jpg,PRI,Não cadastrado,Não cadastrado,Desconhecido
198.jpg,resultado_198.jpg,VBL-52-2O1F,Não cadastrado,Não cadastrado,Desconhecido
198.jpg,resultado_198.jpg,WSH,Não cadastrado,Não cadastrado,Desconhecido
198.jpg,resultado_198.jpg,WSL,Não cadastrado,Não cadastrado,Desconhecido
198.jpg,resultado_198.jpg,"A,B, C",Não cadastrado,Não cadastrado,Desconhecido
198.jpg,resultado_198.jpg,T6 CLARIFIER,Não cadastrado,Não cadastrado,Desconhecido
198.jpg,resultado_198.jpg,TO CLARIFIER NO. 2 SCUM,Não cadastrado,Não cadastrado,Desconhecido
198.jpg,resultado_198.jpg,TO SLUDGE PUMPS,Não cadastrado,Não cadastrado,Desconhecido
198.jpg,resultado_198.jpg,CLARIFIER NO,Não cadastrado,Não cadastrado,Desconhecido
198.jpg,resultado_198.jpg,ZSO,Não cadastrado,Não cadastrado,Desconhecido
198.jpg,resultado_198.jpg,ZSC,Não cadastrado,Não cadastrado,Desconhecido
198.jpg,resultado_198.jpg,PSL,Não cadastrado,Não cadastrado,Desconhecido
198.jpg,resultado_198.jpg,2-20,Não cadastrado,Não cadastrado,Desconhecido
198.jpg,resultado_198.jpg,OC,Não cadastrado,Não cadastrado,Desconhecido
198.jpg,resultado_198.jpg,ZS,Não cadastrado,Não cadastrado,Desconhecido
198.jpg,resultado_198.jpg,"201""52-201",Não cadastrado,Não cadastrado,Desconhecido
198.jpg,resultado_198.jpg,PRV,Não cadastrado,Não cadastrado,Desconhecido
198.jpg,resultado_198.jpg,-401,Não cadastrado,Não cadastrado,Desconhecido
198.jpg,resultado_198.jpg,NSE,Não cadastrado,Não cadastrado,Desconhecido
198.jpg,resultado_198.jpg,TO CLARIFIER,Não cadastrado,Não cadastrado,Desconhecido
198.jpg,resultado_198.jpg,EFFLUET,Não cadastrado,Não cadastrado,Desconhecido
198.jpg,resultado_198.jpg,TO CLARIFIER NO. 2 SCU,Não cadastrado,Não cadastrado,Desconhecido
198.jpg,resultado_198.jpg,OR,Não cadastrado,Não cadastrado,Desconhecido
198.jpg,resultado_198.jpg,52Y.602,Não cadastrado,Não cadastrado,Desconhecido
198.jpg,resultado_198.jpg,52-20Y,Não cadastrado,Não cadastrado,Desconhecido
198.jpg,resultado_198.jpg,52-403,Não cadastrado,Não cadastrado,Desconhecido
198.jpg,resultado_198.jpg,EN,Não cadastrado,Não cadastrado,Desconhecido
198.jpg,resultado_198.jpg,PB,Não cadastrado,Não cadastrado,Desconhecido
198.jpg,resultado_198.jpg,52-211,Não cadastrado,Não cadastrado,Desconhecido
198.jpg,resultado_198.jpg,YA,Não cadastrado,Não cadastrado,Desconhecido
198.jpg,resultado_198.jpg,FAIL,Não cadastrado,Não cadastrado,Desconhecido
198.jpg,resultado_198.jpg,QPEN,Não cadastrado,Não cadastrado,Desconhecido
198.jpg,resultado_198.jpg,IOIAL,Não cadastrado,Não cadastrado,Desconhecido
198.jpg,resultado_198.jpg,YQI,Não cadastrado,Não cadastrado,Desconhecido
198.jpg,resultado_198.jpg,RUNNINC,Não cadastrado,Não cadastrado,Desconhecido
198.jpg,resultado_198.jpg,ORQUE,Não cadastrado,Não cadastrado,Desconhecido
199.jpg,resultado_199.jpg,HEATER,Não cadastrado,Não cadastrado,Desconhecido
199.jpg,resultado_199.jpg,WEIR,Não cadastrado,Não cadastrado,Desconhecido
199.jpg,resultado_199.jpg,RECEIVER PRESSURE,Não cadastrado,Não cadastrado,Desconhecido
199.jpg,resultado_199.jpg,GENFRATOR,Não cadastrado,Não cadastrado,Desconhecido
199.jpg,resultado_199.jpg,PUNP,Não cadastrado,Não cadastrado,Desconhecido
199.jpg,resultado_199.jpg,CENTRIFUGAL,Não cadastrado,Não cadastrado,Desconhecido
199.jpg,resultado_199.jpg,REDUCED PRESSURF,Não cadastrado,Não cadastrado,Desconhecido
199.jpg,resultado_199.jpg,BACKFLDWPREVENTER,Não cadastrado,Não cadastrado,Desconhecido
199.jpg,resultado_199.jpg,SPEED SENSOR (RPH},Não cadastrado,Não cadastrado,Desconhecido
199.jpg,resultado_199.jpg,SILENCER,Não cadastrado,Não cadastrado,Desconhecido
199.jpg,resultado_199.jpg,NC,Não cadastrado,Não cadastrado,Desconhecido
199.jpg,resultado_199.jpg,OR,Não cadastrado,Não cadastrado,Desconhecido
199.jpg,resultado_199.jpg,NS,Não cadastrado,Não cadastrado,Desconhecido
199.jpg,resultado_199.jpg,52,Não cadastrado,Não cadastrado,Desconhecido
199.jpg,resultado_199.jpg,E,Não cadastrado,Não cadastrado,Desconhecido
199.jpg,resultado_199.jpg,SP,Não cadastrado,Não cadastrado,Desconhecido
199.jpg,resultado_199.jpg,P,Não cadastrado,Não cadastrado,Desconhecido
199.jpg,resultado_199.jpg,KF,Não cadastrado,Não cadastrado,Desconhecido
199.jpg,resultado_199.jpg,BAC,Não cadastrado,Não cadastrado,Desconhecido
199.jpg,resultado_199.jpg,RF,Não cadastrado,Não cadastrado,Desconhecido
199.jpg,resultado_199.jpg,55,Não cadastrado,Não cadastrado,Desconhecido
199.jpg,resultado_199.jpg,PRE,Não cadastrado,Não cadastrado,Desconhecido
199.jpg,resultado_199.jpg,N,Não cadastrado,Não cadastrado,Desconhecido
199.jpg,resultado_199.jpg,F,Não cadastrado,Não cadastrado,Desconhecido
199.jpg,resultado_199.jpg,PW,Não cadastrado,Não cadastrado,Desconhecido
199.jpg,resultado_199.jpg,FUGAL,Não cadastrado,Não cadastrado,Desconhecido
199.jpg,resultado_199.jpg,R,Não cadastrado,Não cadastrado,Desconhecido
199.jpg,resultado_199.jpg,C,Não cadastrado,Não cadastrado,Desconhecido
199.jpg,resultado_199.jpg,5,Não cadastrado,Não cadastrado,Desconhecido
199.jpg,resultado_199.jpg,VE,Não cadastrado,Não cadastrado,Desconhecido
199.jpg,resultado_199.jpg,0R,Não cadastrado,Não cadastrado,Desconhecido
199.jpg,resultado_199.jpg,RA,Não cadastrado,Não cadastrado,Desconhecido
199.jpg,resultado_199.jpg,FRE,Não cadastrado,Não cadastrado,Desconhecido
200.jpg,resultado_200.jpg,50 GUSS,Não cadastrado,Não cadastrado,Desconhecido
200.jpg,resultado_200.jpg,480,Não cadastrado,Não cadastrado,Desconhecido
200.jpg,resultado_200.jpg,CR,Não cadastrado,Não cadastrado,Desconhecido
200.jpg,resultado_200.jpg,CONTROL,Não cadastrado,Não cadastrado,Desconhecido
200.jpg,resultado_200.jpg,NLET SILENCER/FILTER,Não cadastrado,Não cadastrado,Desconhecido
200.jpg,resultado_200.jpg,YENT $ ENCLR,Não cadastrado,Não cadastrado,Desconhecido
200.jpg,resultado_200.jpg,FI_TFR,Não cadastrado,Não cadastrado,Desconhecido
200.jpg,resultado_200.jpg,FLWE TRAP,Não cadastrado,Não cadastrado,Desconhecido
200.jpg,resultado_200.jpg,SIRANER,Não cadastrado,Não cadastrado,Desconhecido
200.jpg,resultado_200.jpg,N,Não cadastrado,Não cadastrado,Desconhecido
200.jpg,resultado_200.jpg,CRIP TRAP,Não cadastrado,Não cadastrado,Desconhecido
200.jpg,resultado_200.jpg,NTERCCC ER/AFTERCOC FR,Não cadastrado,Não cadastrado,Desconhecido
200.jpg,resultado_200.jpg,SUDE,Não cadastrado,Não cadastrado,Desconhecido
200.jpg,resultado_200.jpg,CARAT,Não cadastrado,Não cadastrado,Desconhecido
200.jpg,resultado_200.jpg,ELECTR,Não cadastrado,Não cadastrado,Desconhecido
200.jpg,resultado_200.jpg,INC /FUVRI,Não cadastrado,Não cadastrado,Desconhecido
200.jpg,resultado_200.jpg,7,Não cadastrado,Não cadastrado,Desconhecido
201.jpg,resultado_201.jpg,P002,Não cadastrado,Não cadastrado,Desconhecido
201.jpg,resultado_201.jpg,POO,Não cadastrado,Não cadastrado,Desconhecido
201.jpg,resultado_201.jpg,16-1128126,Não cadastrado,Não cadastrado,Desconhecido
201.jpg,resultado_201.jpg,PROCESS,Não cadastrado,Não cadastrado,Desconhecido
201.jpg,resultado_201.jpg,"INSTRUMENT ELEMENT, PIPING",Não cadastrado,Não cadastrado,Desconhecido
201.jpg,resultado_201.jpg,VALVE; & EQUIPMENT SYMBOLS,Não cadastrado,Não cadastrado,Desconhecido
201.jpg,resultado_201.jpg,YM,Não cadastrado,Não cadastrado,Desconhecido
201.jpg,resultado_201.jpg,ENT,Não cadastrado,Não cadastrado,Desconhecido
201.jpg,resultado_201.jpg,VE,Não cadastrado,Não cadastrado,Desconhecido
201.jpg,resultado_201.jpg,AL,Não cadastrado,Não cadastrado,Desconhecido
201.jpg,resultado_201.jpg,BOLS,Não cadastrado,Não cadastrado,Desconhecido
201.jpg,resultado_201.jpg,IPM,Não cadastrado,Não cadastrado,Desconhecido
201.jpg,resultado_201.jpg,EQU,Não cadastrado,Não cadastrado,Desconhecido
201.jpg,resultado_201.jpg,MENT,Não cadastrado,Não cadastrado,Desconhecido
201.jpg,resultado_201.jpg,LE,Não cadastrado,Não cadastrado,Desconhecido
201.jpg,resultado_201.jpg,NT,Não cadastrado,Não cadastrado,Desconhecido
201.jpg,resultado_201.jpg,TR,Não cadastrado,Não cadastrado,Desconhecido
201.jpg,resultado_201.jpg,NS,Não cadastrado,Não cadastrado,Desconhecido
201.jpg,resultado_201.jpg,PIPING,Não cadastrado,Não cadastrado,Desconhecido
201.jpg,resultado_201.jpg,ESS,Não cadastrado,Não cadastrado,Desconhecido
201.jpg,resultado_201.jpg,PROC,Não cadastrado,Não cadastrado,Desconhecido
201.jpg,resultado_201.jpg,COUNTY,Não cadastrado,Não cadastrado,Desconhecido
201.jpg,resultado_201.jpg,KA,Não cadastrado,Não cadastrado,Desconhecido
201.jpg,resultado_201.jpg,K,Não cadastrado,Não cadastrado,Desconhecido
201.jpg,resultado_201.jpg,M,Não cadastrado,Não cadastrado,Desconhecido
201.jpg,resultado_201.jpg,2,Não cadastrado,Não cadastrado,Desconhecido
201.jpg,resultado_201.jpg,777,Não cadastrado,Não cadastrado,Desconhecido
201.jpg,resultado_201.jpg,VIXERS,Não cadastrado,Não cadastrado,Desconhecido
201.jpg,resultado_201.jpg,ORAIN,Não cadastrado,Não cadastrado,Desconhecido
201.jpg,resultado_201.jpg,~FR,Não cadastrado,Não cadastrado,Desconhecido
201.jpg,resultado_201.jpg,"""ER",Não cadastrado,Não cadastrado,Desconhecido
201.jpg,resultado_201.jpg,FACILITT,Não cadastrado,Não cadastrado,Desconhecido
201.jpg,resultado_201.jpg,"COUNTY |INSTRUMENT ELEMENT, PIPING",Não cadastrado,Não cadastrado,Desconhecido
201.jpg,resultado_201.jpg,POO2,Não cadastrado,Não cadastrado,Desconhecido
201.jpg,resultado_201.jpg,TAV,Não cadastrado,Não cadastrado,Desconhecido
201.jpg,resultado_201.jpg,CULEK,Não cadastrado,Não cadastrado,Desconhecido
201.jpg,resultado_201.jpg,SIENCER,Não cadastrado,Não cadastrado,Desconhecido
201.jpg,resultado_201.jpg,CFINDE?,Não cadastrado,Não cadastrado,Desconhecido
201.jpg,resultado_201.jpg,~L,Não cadastrado,Não cadastrado,Desconhecido
201.jpg,resultado_201.jpg,CFINDEZ,Não cadastrado,Não cadastrado,Desconhecido
201.jpg,resultado_201.jpg,SFNCFR,Não cadastrado,Não cadastrado,Desconhecido
201.jpg,resultado_201.jpg,FOI-R,Não cadastrado,Não cadastrado,Desconhecido
201.jpg,resultado_201.jpg,SCRLEN,Não cadastrado,Não cadastrado,Desconhecido
201.jpg,resultado_201.jpg,KC,Não cadastrado,Não cadastrado,Desconhecido
201.jpg,resultado_201.jpg,VFD,Não cadastrado,Não cadastrado,Desconhecido
201.jpg,resultado_201.jpg,COMVEYDR,Não cadastrado,Não cadastrado,Desconhecido
201.jpg,resultado_201.jpg,GCAR,Não cadastrado,Não cadastrado,Desconhecido
201.jpg,resultado_201.jpg,FUUP,Não cadastrado,Não cadastrado,Desconhecido
201.jpg,resultado_201.jpg,VETTICAL,Não cadastrado,Não cadastrado,Desconhecido
201.jpg,resultado_201.jpg,MR,Não cadastrado,Não cadastrado,Desconhecido
201.jpg,resultado_201.jpg,CCU,Não cadastrado,Não cadastrado,Desconhecido
201.jpg,resultado_201.jpg,"(0,",Não cadastrado,Não cadastrado,Desconhecido
201.jpg,resultado_201.jpg,8,Não cadastrado,Não cadastrado,Desconhecido
201.jpg,resultado_201.jpg,0,Não cadastrado,Não cadastrado,Desconhecido
201.jpg,resultado_201.jpg,%,Não cadastrado,Não cadastrado,Desconhecido
201.jpg,resultado_201.jpg,NOIT:,Não cadastrado,Não cadastrado,Desconhecido
201.jpg,resultado_201.jpg,CLOEEDI,Não cadastrado,Não cadastrado,Desconhecido
201.jpg,resultado_201.jpg,CIAP,Não cadastrado,Não cadastrado,Desconhecido
201.jpg,resultado_201.jpg,CPER,Não cadastrado,Não cadastrado,Desconhecido
201.jpg,resultado_201.jpg,#,Não cadastrado,Não cadastrado,Desconhecido
201.jpg,resultado_201.jpg,J,Não cadastrado,Não cadastrado,Desconhecido
201.jpg,resultado_201.jpg,7,Não cadastrado,Não cadastrado,Desconhecido
201.jpg,resultado_201.jpg,THRLE WAY VALVE,Não cadastrado,Não cadastrado,Desconhecido
201.jpg,resultado_201.jpg,1,Não cadastrado,Não cadastrado,Desconhecido
201.jpg,resultado_201.jpg,CHECK VAIVE,Não cadastrado,Não cadastrado,Desconhecido
201.jpg,resultado_201.jpg,5,Não cadastrado,Não cadastrado,Desconhecido
201.jpg,resultado_201.jpg,PRLESURL KELLI,Não cadastrado,Não cadastrado,Desconhecido
201.jpg,resultado_201.jpg,PAFSSURF,Não cadastrado,Não cadastrado,Desconhecido
201.jpg,resultado_201.jpg,OACED,Não cadastrado,Não cadastrado,Desconhecido
201.jpg,resultado_201.jpg,IPKAILC,Não cadastrado,Não cadastrado,Desconhecido
201.jpg,resultado_201.jpg,IJECTO?,Não cadastrado,Não cadastrado,Desconhecido
201.jpg,resultado_201.jpg,H,Não cadastrado,Não cadastrado,Desconhecido
201.jpg,resultado_201.jpg,RELL,Não cadastrado,Não cadastrado,Desconhecido
201.jpg,resultado_201.jpg,FOR,Não cadastrado,Não cadastrado,Desconhecido
201.jpg,resultado_201.jpg,VANER,Não cadastrado,Não cadastrado,Desconhecido
201.jpg,resultado_201.jpg,FRI,Não cadastrado,Não cadastrado,Desconhecido
201.jpg,resultado_201.jpg,HUIC,Não cadastrado,Não cadastrado,Desconhecido
201.jpg,resultado_201.jpg,TRAR,Não cadastrado,Não cadastrado,Desconhecido
201.jpg,resultado_201.jpg,TR ?,Não cadastrado,Não cadastrado,Desconhecido
201.jpg,resultado_201.jpg,FPELINE,Não cadastrado,Não cadastrado,Desconhecido
201.jpg,resultado_201.jpg,A,Não cadastrado,Não cadastrado,Desconhecido
201.jpg,resultado_201.jpg,RCUCE?,Não cadastrado,Não cadastrado,Desconhecido
201.jpg,resultado_201.jpg,TEE,Não cadastrado,Não cadastrado,Desconhecido
201.jpg,resultado_201.jpg,07,Não cadastrado,Não cadastrado,Desconhecido
201.jpg,resultado_201.jpg,DT,Não cadastrado,Não cadastrado,Desconhecido
201.jpg,resultado_201.jpg,XIF,Não cadastrado,Não cadastrado,Desconhecido
201.jpg,resultado_201.jpg,VENIURI ORFLOW,Não cadastrado,Não cadastrado,Desconhecido
201.jpg,resultado_201.jpg,PROPELLER 07,Não cadastrado,Não cadastrado,Desconhecido
201.jpg,resultado_201.jpg,FLUME,Não cadastrado,Não cadastrado,Desconhecido
201.jpg,resultado_201.jpg,WEIA,Não cadastrado,Não cadastrado,Desconhecido
201.jpg,resultado_201.jpg,METER,Não cadastrado,Não cadastrado,Desconhecido
201.jpg,resultado_201.jpg,THERVAL,Não cadastrado,Não cadastrado,Desconhecido
201.jpg,resultado_201.jpg,"ELE""EI",Não cadastrado,Não cadastrado,Desconhecido
201.jpg,resultado_201.jpg,NCTIN,Não cadastrado,Não cadastrado,Desconhecido
201.jpg,resultado_201.jpg,RADAR CA,Não cadastrado,Não cadastrado,Desconhecido
201.jpg,resultado_201.jpg,ANNURAR,Não cadastrado,Não cadastrado,Desconhecido
201.jpg,resultado_201.jpg,JAGLERLEVEL,Não cadastrado,Não cadastrado,Desconhecido
201.jpg,resultado_201.jpg,NCIL,Não cadastrado,Não cadastrado,Desconhecido
201.jpg,resultado_201.jpg,PMENT,Não cadastrado,Não cadastrado,Desconhecido
201.jpg,resultado_201.jpg,FQUI,Não cadastrado,Não cadastrado,Desconhecido
201.jpg,resultado_201.jpg,VALVES AND GATES,Não cadastrado,Não cadastrado,Desconhecido
201.jpg,resultado_201.jpg,AND,Não cadastrado,Não cadastrado,Desconhecido
201.jpg,resultado_201.jpg,PIPELINE DEVICES,Não cadastrado,Não cadastrado,Desconhecido
201.jpg,resultado_201.jpg,DEVICE,Não cadastrado,Não cadastrado,Desconhecido
201.jpg,resultado_201.jpg,PRIMARY ELEMENT,Não cadastrado,Não cadastrado,Desconhecido
201.jpg,resultado_201.jpg,INSTRUMENT ELEMENT,Não cadastrado,Não cadastrado,Desconhecido
201.jpg,resultado_201.jpg,"PIPING, VALVE AND EQUIPMENT SYMBOLS LEGEND",Não cadastrado,Não cadastrado,Desconhecido
201.jpg,resultado_201.jpg,AN,Não cadastrado,Não cadastrado,Desconhecido
201.jpg,resultado_201.jpg,GE,Não cadastrado,Não cadastrado,Desconhecido
201.jpg,resultado_201.jpg,IPME,Não cadastrado,Não cadastrado,Desconhecido
201.jpg,resultado_201.jpg,IN,Não cadastrado,Não cadastrado,Desconhecido
201.jpg,resultado_201.jpg,PIP,Não cadastrado,Não cadastrado,Desconhecido
201.jpg,resultado_201.jpg,LEM,Não cadastrado,Não cadastrado,Desconhecido
201.jpg,resultado_201.jpg,ME,Não cadastrado,Não cadastrado,Desconhecido
216.jpg,resultado_216.jpg,NOTES: UNLESS OTHERWISE SPECIFIED,Não cadastrado,Não cadastrado,Desconhecido
216.jpg,resultado_216.jpg,REFER TO SHEET 2/7 FOR P&ID SYMEOLS LEGEND.,Não cadastrado,Não cadastrado,Desconhecido
216.jpg,resultado_216.jpg,V310,Não cadastrado,Não cadastrado,Desconhecido
216.jpg,resultado_216.jpg,V315,Não cadastrado,Não cadastrado,Desconhecido
216.jpg,resultado_216.jpg,V313,Não cadastrado,Não cadastrado,Desconhecido
216.jpg,resultado_216.jpg,XINDICATES EQUIPMENT NOL SUPPLIED BY CUILD OR GE,Não cadastrado,Não cadastrado,Desconhecido
216.jpg,resultado_216.jpg,INLETZOUTLET,Não cadastrado,Não cadastrado,Desconhecido
216.jpg,resultado_216.jpg,FILTERS,Não cadastrado,Não cadastrado,Desconhecido
216.jpg,resultado_216.jpg,DESICCANT,Não cadastrado,Não cadastrado,Desconhecido
216.jpg,resultado_216.jpg,VESSEL,Não cadastrado,Não cadastrado,Desconhecido
216.jpg,resultado_216.jpg,PIPE RUN #S USED: SEE SHT 1/7 NOTE,Não cadastrado,Não cadastrado,Desconhecido
216.jpg,resultado_216.jpg,CAPACITY:,Não cadastrado,Não cadastrado,Desconhecido
216.jpg,resultado_216.jpg,4  GALLONS,Não cadastrado,Não cadastrado,Desconhecido
216.jpg,resultado_216.jpg,CAPACITY;,Não cadastrado,Não cadastrado,Desconhecido
216.jpg,resultado_216.jpg,309 GALLONS,Não cadastrado,Não cadastrado,Desconhecido
216.jpg,resultado_216.jpg,SOFTWARE INTERLOCK #S USED:,Não cadastrado,Não cadastrado,Desconhecido
216.jpg,resultado_216.jpg,SEE SHT 1/7,Não cadastrado,Não cadastrado,Desconhecido
216.jpg,resultado_216.jpg,NOTE,Não cadastrado,Não cadastrado,Desconhecido
216.jpg,resultado_216.jpg,SIZE:,Não cadastrado,Não cadastrado,Desconhecido
216.jpg,resultado_216.jpg,"8.63""",Não cadastrado,Não cadastrado,Desconhecido
216.jpg,resultado_216.jpg,O.D,Não cadastrado,Não cadastrado,Desconhecido
216.jpg,resultado_216.jpg,"X 60""H",Não cadastrado,Não cadastrado,Desconhecido
216.jpg,resultado_216.jpg,36,Não cadastrado,Não cadastrado,Desconhecido
216.jpg,resultado_216.jpg,OD,Não cadastrado,Não cadastrado,Desconhecido
216.jpg,resultado_216.jpg,"87""H",Não cadastrado,Não cadastrado,Desconhecido
216.jpg,resultado_216.jpg,THESE VALVE HANDLES MUST BE LOCKABLE OPEN,Não cadastrado,Não cadastrado,Desconhecido
216.jpg,resultado_216.jpg,OR CLOSED.,Não cadastrado,Não cadastrado,Desconhecido
216.jpg,resultado_216.jpg,WT: 156 LBS,Não cadastrado,Não cadastrado,Desconhecido
216.jpg,resultado_216.jpg,WT: 4400 LBS (PACKACE W/DESICCANT CHARGE),Não cadastrado,Não cadastrado,Desconhecido
216.jpg,resultado_216.jpg,FLANCES:,Não cadastrado,Não cadastrado,Desconhecido
216.jpg,resultado_216.jpg,"4""150 RF",Não cadastrado,Não cadastrado,Desconhecido
216.jpg,resultado_216.jpg,IN,Não cadastrado,Não cadastrado,Desconhecido
216.jpg,resultado_216.jpg,&   OUT,Não cadastrado,Não cadastrado,Desconhecido
216.jpg,resultado_216.jpg,FLANGES:,Não cadastrado,Não cadastrado,Desconhecido
216.jpg,resultado_216.jpg,"4""150",Não cadastrado,Não cadastrado,Desconhecido
216.jpg,resultado_216.jpg,RF,Não cadastrado,Não cadastrado,Desconhecido
216.jpg,resultado_216.jpg,QUT,Não cadastrado,Não cadastrado,Desconhecido
216.jpg,resultado_216.jpg,V-313 INSULATION TO COVER THE TOF HEAD,Não cadastrado,Não cadastrado,Desconhecido
216.jpg,resultado_216.jpg,AND,Não cadastrado,Não cadastrado,Desconhecido
216.jpg,resultado_216.jpg,THE STRAIGHT  SECTION,Não cadastrado,Não cadastrado,Desconhecido
216.jpg,resultado_216.jpg,"ONLY,",Não cadastrado,Não cadastrado,Desconhecido
216.jpg,resultado_216.jpg,MAWP: 200 PSI,Não cadastrado,Não cadastrado,Desconhecido
216.jpg,resultado_216.jpg,250*F,Não cadastrado,Não cadastrado,Desconhecido
216.jpg,resultado_216.jpg,"3""150",Não cadastrado,Não cadastrado,Desconhecido
216.jpg,resultado_216.jpg,RF   FILL,Não cadastrado,Não cadastrado,Desconhecido
216.jpg,resultado_216.jpg,&  REMOVE,Não cadastrado,Não cadastrado,Desconhecido
216.jpg,resultado_216.jpg,MDMT:,Não cadastrado,Não cadastrado,Desconhecido
216.jpg,resultado_216.jpg,~20,Não cadastrado,Não cadastrado,Desconhecido
216.jpg,resultado_216.jpg,400'F,Não cadastrado,Não cadastrado,Desconhecido
216.jpg,resultado_216.jpg,"-20""F",Não cadastrado,Não cadastrado,Desconhecido
216.jpg,resultado_216.jpg,TO,Não cadastrado,Não cadastrado,Desconhecido
216.jpg,resultado_216.jpg,VENT,Não cadastrado,Não cadastrado,Desconhecido
216.jpg,resultado_216.jpg,REGENERATION,Não cadastrado,Não cadastrado,Desconhecido
216.jpg,resultado_216.jpg,GAS,Não cadastrado,Não cadastrado,Desconhecido
216.jpg,resultado_216.jpg,9,Não cadastrado,Não cadastrado,Desconhecido
216.jpg,resultado_216.jpg,HEADER,Não cadastrado,Não cadastrado,Desconhecido
216.jpg,resultado_216.jpg,8,Não cadastrado,Não cadastrado,Desconhecido
216.jpg,resultado_216.jpg,AMBIENT EXTERIOR,Não cadastrado,Não cadastrado,Desconhecido
216.jpg,resultado_216.jpg,M,Não cadastrado,Não cadastrado,Desconhecido
216.jpg,resultado_216.jpg,TEVPERATURE,Não cadastrado,Não cadastrado,Desconhecido
216.jpg,resultado_216.jpg,TBD,Não cadastrado,Não cadastrado,Desconhecido
216.jpg,resultado_216.jpg,2,Não cadastrado,Não cadastrado,Desconhecido
216.jpg,resultado_216.jpg,NAWP,Não cadastrado,Não cadastrado,Desconhecido
216.jpg,resultado_216.jpg,90 PSIG,Não cadastrado,Não cadastrado,Desconhecido
216.jpg,resultado_216.jpg,TBD#,Não cadastrado,Não cadastrado,Desconhecido
216.jpg,resultado_216.jpg,190 PSIG,Não cadastrado,Não cadastrado,Desconhecido
216.jpg,resultado_216.jpg,3,Não cadastrado,Não cadastrado,Desconhecido
216.jpg,resultado_216.jpg,"2""150",Não cadastrado,Não cadastrado,Desconhecido
216.jpg,resultado_216.jpg,"1/2""",Não cadastrado,Não cadastrado,Desconhecido
216.jpg,resultado_216.jpg,AREA-0128,Não cadastrado,Não cadastrado,Desconhecido
216.jpg,resultado_216.jpg,MAWP,Não cadastrado,Não cadastrado,Desconhecido
216.jpg,resultado_216.jpg,AREA=0.128,Não cadastrado,Não cadastrado,Desconhecido
216.jpg,resultado_216.jpg,"""4500#",Não cadastrado,Não cadastrado,Desconhecido
216.jpg,resultado_216.jpg,441  SCFM,Não cadastrado,Não cadastrado,Desconhecido
216.jpg,resultado_216.jpg,"1""4500#",Não cadastrado,Não cadastrado,Desconhecido
216.jpg,resultado_216.jpg,RTD,Não cadastrado,Não cadastrado,Desconhecido
216.jpg,resultado_216.jpg,200F,Não cadastrado,Não cadastrado,Desconhecido
216.jpg,resultado_216.jpg,441 SCFM,Não cadastrado,Não cadastrado,Desconhecido
216.jpg,resultado_216.jpg,PSV,Não cadastrado,Não cadastrado,Desconhecido
216.jpg,resultado_216.jpg,"1""150#",Não cadastrado,Não cadastrado,Desconhecido
216.jpg,resultado_216.jpg,4-20MA,Não cadastrado,Não cadastrado,Desconhecido
216.jpg,resultado_216.jpg,1,Não cadastrado,Não cadastrado,Desconhecido
216.jpg,resultado_216.jpg,BSY,Não cadastrado,Não cadastrado,Desconhecido
216.jpg,resultado_216.jpg,CONTROL PANEL,Não cadastrado,Não cadastrado,Desconhecido
216.jpg,resultado_216.jpg,-50 TO 400 F,Não cadastrado,Não cadastrado,Desconhecido
216.jpg,resultado_216.jpg,DEWPT,Não cadastrado,Não cadastrado,Desconhecido
216.jpg,resultado_216.jpg,15#,Não cadastrado,Não cadastrado,Desconhecido
216.jpg,resultado_216.jpg,102,Não cadastrado,Não cadastrado,Desconhecido
216.jpg,resultado_216.jpg,7,Não cadastrado,Não cadastrado,Desconhecido
216.jpg,resultado_216.jpg,200=,Não cadastrado,Não cadastrado,Desconhecido
216.jpg,resultado_216.jpg,140,Não cadastrado,Não cadastrado,Desconhecido
216.jpg,resultado_216.jpg,200#,Não cadastrado,Não cadastrado,Desconhecido
216.jpg,resultado_216.jpg,DEW,Não cadastrado,Não cadastrado,Desconhecido
216.jpg,resultado_216.jpg,"-148 TO 68""F",Não cadastrado,Não cadastrado,Desconhecido
216.jpg,resultado_216.jpg,"2""150 RF",Não cadastrado,Não cadastrado,Desconhecido
216.jpg,resultado_216.jpg,316,Não cadastrado,Não cadastrado,Desconhecido
216.jpg,resultado_216.jpg,NC,Não cadastrado,Não cadastrado,Desconhecido
216.jpg,resultado_216.jpg,'6K#,Não cadastrado,Não cadastrado,Desconhecido
216.jpg,resultado_216.jpg,HV-3141,Não cadastrado,Não cadastrado,Desconhecido
216.jpg,resultado_216.jpg,MFR CABLE,Não cadastrado,Não cadastrado,Desconhecido
216.jpg,resultado_216.jpg,HV-31221,Não cadastrado,Não cadastrado,Desconhecido
216.jpg,resultado_216.jpg,HV-312,Não cadastrado,Não cadastrado,Desconhecido
216.jpg,resultado_216.jpg,"""FNPT",Não cadastrado,Não cadastrado,Desconhecido
216.jpg,resultado_216.jpg,"1/4""6K-",Não cadastrado,Não cadastrado,Desconhecido
216.jpg,resultado_216.jpg,"3""150 RF",Não cadastrado,Não cadastrado,Desconhecido
216.jpg,resultado_216.jpg,AE,Não cadastrado,Não cadastrado,Desconhecido
216.jpg,resultado_216.jpg,"NG-648-SST304-049-1/4""/K#",Não cadastrado,Não cadastrado,Desconhecido
216.jpg,resultado_216.jpg,NO,Não cadastrado,Não cadastrado,Desconhecido
216.jpg,resultado_216.jpg,6K,Não cadastrado,Não cadastrado,Desconhecido
216.jpg,resultado_216.jpg,HV-3121',Não cadastrado,Não cadastrado,Desconhecido
216.jpg,resultado_216.jpg,312,Não cadastrado,Não cadastrado,Desconhecido
216.jpg,resultado_216.jpg,Q5,Não cadastrado,Não cadastrado,Desconhecido
216.jpg,resultado_216.jpg,FILL,Não cadastrado,Não cadastrado,Desconhecido
216.jpg,resultado_216.jpg,"NG-609_SST304-049-1/4""7K#",Não cadastrado,Não cadastrado,Desconhecido
216.jpg,resultado_216.jpg,"8""150 RF",Não cadastrado,Não cadastrado,Desconhecido
216.jpg,resultado_216.jpg,HV-311,Não cadastrado,Não cadastrado,Desconhecido
216.jpg,resultado_216.jpg,VAC-200,Não cadastrado,Não cadastrado,Desconhecido
216.jpg,resultado_216.jpg,HV-315,Não cadastrado,Não cadastrado,Desconhecido
216.jpg,resultado_216.jpg,NG-6,Não cadastrado,Não cadastrado,Desconhecido
216.jpg,resultado_216.jpg,"3-SST304-049-1/4""7K#",Não cadastrado,Não cadastrado,Desconhecido
216.jpg,resultado_216.jpg,IV-3101,Não cadastrado,Não cadastrado,Desconhecido
216.jpg,resultado_216.jpg,6K4 ENPI,Não cadastrado,Não cadastrado,Desconhecido
216.jpg,resultado_216.jpg,IG-2,Não cadastrado,Não cadastrado,Desconhecido
216.jpg,resultado_216.jpg,IV-3150,Não cadastrado,Não cadastrado,Desconhecido
216.jpg,resultado_216.jpg,HV-3151,Não cadastrado,Não cadastrado,Desconhecido
216.jpg,resultado_216.jpg,1/4,Não cadastrado,Não cadastrado,Desconhecido
216.jpg,resultado_216.jpg,F_310,Não cadastrado,Não cadastrado,Desconhecido
216.jpg,resultado_216.jpg,"NG-312-CSP_40-4""150 RF",Não cadastrado,Não cadastrado,Desconhecido
216.jpg,resultado_216.jpg,V-313,Não cadastrado,Não cadastrado,Desconhecido
216.jpg,resultado_216.jpg,"4""150  RF",Não cadastrado,Não cadastrado,Desconhecido
216.jpg,resultado_216.jpg,F-315,Não cadastrado,Não cadastrado,Desconhecido
216.jpg,resultado_216.jpg,#,Não cadastrado,Não cadastrado,Desconhecido
216.jpg,resultado_216.jpg,F,Não cadastrado,Não cadastrado,Desconhecido
216.jpg,resultado_216.jpg,F7,Não cadastrado,Não cadastrado,Desconhecido
216.jpg,resultado_216.jpg,0-5 PSID,Não cadastrado,Não cadastrado,Desconhecido
216.jpg,resultado_216.jpg,PDI,Não cadastrado,Não cadastrado,Desconhecido
216.jpg,resultado_216.jpg,E,Não cadastrado,Não cadastrado,Desconhecido
216.jpg,resultado_216.jpg,315,Não cadastrado,Não cadastrado,Desconhecido
216.jpg,resultado_216.jpg,HV-3153,Não cadastrado,Não cadastrado,Desconhecido
216.jpg,resultado_216.jpg,6K# MAX,Não cadastrado,Não cadastrado,Desconhecido
216.jpg,resultado_216.jpg,310,Não cadastrado,Não cadastrado,Desconhecido
216.jpg,resultado_216.jpg,136,Não cadastrado,Não cadastrado,Desconhecido
216.jpg,resultado_216.jpg,6,Não cadastrado,Não cadastrado,Desconhecido
216.jpg,resultado_216.jpg,HV-3152,Não cadastrado,Não cadastrado,Desconhecido
216.jpg,resultado_216.jpg,0,Não cadastrado,Não cadastrado,Desconhecido
216.jpg,resultado_216.jpg,"1/2""1K#",Não cadastrado,Não cadastrado,Desconhecido
216.jpg,resultado_216.jpg,12OVAC=OPEN,Não cadastrado,Não cadastrado,Desconhecido
216.jpg,resultado_216.jpg,K,Não cadastrado,Não cadastrado,Desconhecido
216.jpg,resultado_216.jpg,HV-3101,Não cadastrado,Não cadastrado,Desconhecido
216.jpg,resultado_216.jpg,"IG-2""",Não cadastrado,Não cadastrado,Desconhecido
216.jpg,resultado_216.jpg,HV-3161,Não cadastrado,Não cadastrado,Desconhecido
216.jpg,resultado_216.jpg,OVAC=CLOSED,Não cadastrado,Não cadastrado,Desconhecido
216.jpg,resultado_216.jpg,G,Não cadastrado,Não cadastrado,Desconhecido
216.jpg,resultado_216.jpg,4-2OMA,Não cadastrado,Não cadastrado,Desconhecido
216.jpg,resultado_216.jpg,"35FO_4QQ""F",Não cadastrado,Não cadastrado,Desconhecido
216.jpg,resultado_216.jpg,TE,Não cadastrado,Não cadastrado,Desconhecido
216.jpg,resultado_216.jpg,4,Não cadastrado,Não cadastrado,Desconhecido
216.jpg,resultado_216.jpg,500,Não cadastrado,Não cadastrado,Desconhecido
216.jpg,resultado_216.jpg,HV-310,Não cadastrado,Não cadastrado,Desconhecido
216.jpg,resultado_216.jpg,SUPPLY,Não cadastrado,Não cadastrado,Desconhecido
216.jpg,resultado_216.jpg,HV-3103,Não cadastrado,Não cadastrado,Desconhecido
216.jpg,resultado_216.jpg,HV-3154,Não cadastrado,Não cadastrado,Desconhecido
216.jpg,resultado_216.jpg,6K#,Não cadastrado,Não cadastrado,Desconhecido
216.jpg,resultado_216.jpg,HV-316,Não cadastrado,Não cadastrado,Desconhecido
216.jpg,resultado_216.jpg,150 RF,Não cadastrado,Não cadastrado,Desconhecido
216.jpg,resultado_216.jpg,"1/2""FNPT",Não cadastrado,Não cadastrado,Desconhecido
216.jpg,resultado_216.jpg,"1[2 ""FNPT",Não cadastrado,Não cadastrado,Desconhecido
216.jpg,resultado_216.jpg,DWG TBD,Não cadastrado,Não cadastrado,Desconhecido
216.jpg,resultado_216.jpg,REMOVE,Não cadastrado,Não cadastrado,Desconhecido
216.jpg,resultado_216.jpg,SHEET,Não cadastrado,Não cadastrado,Desconhecido
216.jpg,resultado_216.jpg,04,Não cadastrado,Não cadastrado,Desconhecido
216.jpg,resultado_216.jpg,"4""150#",Não cadastrado,Não cadastrado,Desconhecido
216.jpg,resultado_216.jpg,FC,Fail Close,Falha de Válvula,Identificado
216.jpg,resultado_216.jpg,LPD,Não cadastrado,Não cadastrado,Desconhecido
216.jpg,resultado_216.jpg,"""150 RF",Não cadastrado,Não cadastrado,Desconhecido
216.jpg,resultado_216.jpg,"NG-318-CSP_40-4""150 RF",Não cadastrado,Não cadastrado,Desconhecido
216.jpg,resultado_216.jpg,HV-314,Não cadastrado,Não cadastrado,Desconhecido
216.jpg,resultado_216.jpg,"NG-FOO _CSP_40-4""150 RF",Não cadastrado,Não cadastrado,Desconhecido
216.jpg,resultado_216.jpg,X,Não cadastrado,Não cadastrado,Desconhecido
216.jpg,resultado_216.jpg,COMPRESSOR,Não cadastrado,Não cadastrado,Desconhecido
216.jpg,resultado_216.jpg,SHEET 04,Não cadastrado,Não cadastrado,Desconhecido
216.jpg,resultado_216.jpg,FY /PCV-319,Não cadastrado,Não cadastrado,Desconhecido
216.jpg,resultado_216.jpg,MOTIVE,Não cadastrado,Não cadastrado,Desconhecido
216.jpg,resultado_216.jpg,CAS,Não cadastrado,Não cadastrado,Desconhecido
216.jpg,resultado_216.jpg,SOURCE,Não cadastrado,Não cadastrado,Desconhecido
216.jpg,resultado_216.jpg,"NC-642-CSP_80-2""150 RF",Não cadastrado,Não cadastrado,Desconhecido
216.jpg,resultado_216.jpg,"NG-615-SST304-049_1/4""7K#",Não cadastrado,Não cadastrado,Desconhecido
216.jpg,resultado_216.jpg,RECENERATION,Não cadastrado,Não cadastrado,Desconhecido
216.jpg,resultado_216.jpg,GAS   OUTLET,Não cadastrado,Não cadastrado,Desconhecido
216.jpg,resultado_216.jpg,CEC+,Não cadastrado,Não cadastrado,Desconhecido
216.jpg,resultado_216.jpg,"& ID,",Não cadastrado,Não cadastrado,Desconhecido
216.jpg,resultado_216.jpg,DRYER,Não cadastrado,Não cadastrado,Desconhecido
216.jpg,resultado_216.jpg,GE OIL & GAS,Não cadastrado,Não cadastrado,Desconhecido
216.jpg,resultado_216.jpg,25,Não cadastrado,Não cadastrado,Desconhecido
216.jpg,resultado_216.jpg,JA,Não cadastrado,Não cadastrado,Desconhecido
216.jpg,resultado_216.jpg,VC129-00010 SHO3,Não cadastrado,Não cadastrado,Desconhecido
216.jpg,resultado_216.jpg,REVA,Não cadastrado,Não cadastrado,Desconhecido
216.jpg,resultado_216.jpg,P&1D DRYER,Não cadastrado,Não cadastrado,Desconhecido
216.jpg,resultado_216.jpg,08251,Não cadastrado,Não cadastrado,Desconhecido
216.jpg,resultado_216.jpg,DWG,Não cadastrado,Não cadastrado,Desconhecido
216.jpg,resultado_216.jpg,MKI,Não cadastrado,Não cadastrado,Desconhecido
216.jpg,resultado_216.jpg,313,Não cadastrado,Não cadastrado,Desconhecido
216.jpg,resultado_216.jpg,PROPRIETARY,Não cadastrado,Não cadastrado,Desconhecido
216.jpg,resultado_216.jpg,2014,Não cadastrado,Não cadastrado,Desconhecido
216.jpg,resultado_216.jpg,AUG,Não cadastrado,Não cadastrado,Desconhecido
216.jpg,resultado_216.jpg,06-25-14,Não cadastrado,Não cadastrado,Desconhecido
216.jpg,resultado_216.jpg,NOTES:,Não cadastrado,Não cadastrado,Desconhecido
216.jpg,resultado_216.jpg,UNLESS,Não cadastrado,Não cadastrado,Desconhecido
216.jpg,resultado_216.jpg,OTHERWISE SPECIFIED,Não cadastrado,Não cadastrado,Desconhecido
216.jpg,resultado_216.jpg,SEE REV LOG ON SHT,Não cadastrado,Não cadastrado,Desconhecido
216.jpg,resultado_216.jpg,REFER,Não cadastrado,Não cadastrado,Desconhecido
216.jpg,resultado_216.jpg,TO   SHEET 2/7 FOR P&LD SYMEOLS LEGEND_,Não cadastrado,Não cadastrado,Desconhecido
216.jpg,resultado_216.jpg,2. XINDICATES EQUIPMENT NQL SUPPLIED BY GUILD,Não cadastrado,Não cadastrado,Desconhecido
216.jpg,resultado_216.jpg,OR CE,Não cadastrado,Não cadastrado,Desconhecido
216.jpg,resultado_216.jpg,INLETTOUTLET,Não cadastrado,Não cadastrado,Desconhecido
216.jpg,resultado_216.jpg,DESICCANT_VESSEL,Não cadastrado,Não cadastrado,Desconhecido
216.jpg,resultado_216.jpg,PIPE,Não cadastrado,Não cadastrado,Desconhecido
216.jpg,resultado_216.jpg,RUN #S USED: SEE,Não cadastrado,Não cadastrado,Desconhecido
216.jpg,resultado_216.jpg,SHT 1/7 NOTE,Não cadastrado,Não cadastrado,Desconhecido
216.jpg,resultado_216.jpg,CAPACITY: 14,Não cadastrado,Não cadastrado,Desconhecido
216.jpg,resultado_216.jpg,GALLONS,Não cadastrado,Não cadastrado,Desconhecido
216.jpg,resultado_216.jpg,CAPACITY; 309 GALLONS,Não cadastrado,Não cadastrado,Desconhecido
216.jpg,resultado_216.jpg,SOFTWARE INTERLOCK #S USED: SEE SHT 1/7 NOTE,Não cadastrado,Não cadastrado,Desconhecido
216.jpg,resultado_216.jpg,"O.D X 60""H",Não cadastrado,Não cadastrado,Desconhecido
216.jpg,resultado_216.jpg,SIZE: 36,Não cadastrado,Não cadastrado,Desconhecido
216.jpg,resultado_216.jpg,"X 87""H",Não cadastrado,Não cadastrado,Desconhecido
216.jpg,resultado_216.jpg,THESE VALVE,Não cadastrado,Não cadastrado,Desconhecido
216.jpg,resultado_216.jpg,HANDLES  MUST BE LOCKABLE OPEN OR CLOSED_,Não cadastrado,Não cadastrado,Desconhecido
216.jpg,resultado_216.jpg,WT: 4400 LBS,Não cadastrado,Não cadastrado,Desconhecido
216.jpg,resultado_216.jpg,(PACKACE W/DESICCANT CHARCE),Não cadastrado,Não cadastrado,Desconhecido
216.jpg,resultado_216.jpg,IN & OUT,Não cadastrado,Não cadastrado,Desconhecido
216.jpg,resultado_216.jpg,"FLANGES: 4""150""",Não cadastrado,Não cadastrado,Desconhecido
216.jpg,resultado_216.jpg,& OUT,Não cadastrado,Não cadastrado,Desconhecido
216.jpg,resultado_216.jpg,V-313 INSULATION TO COVER,Não cadastrado,Não cadastrado,Desconhecido
216.jpg,resultado_216.jpg,THE TOP HEAD,Não cadastrado,Não cadastrado,Desconhecido
216.jpg,resultado_216.jpg,AND THE STRAIGHT   SECTION ONLY.,Não cadastrado,Não cadastrado,Desconhecido
216.jpg,resultado_216.jpg,"3""150 RF FILL",Não cadastrado,Não cadastrado,Desconhecido
216.jpg,resultado_216.jpg,& REMOVE,Não cadastrado,Não cadastrado,Desconhecido
216.jpg,resultado_216.jpg,400*F,Não cadastrado,Não cadastrado,Desconhecido
216.jpg,resultado_216.jpg,"-20""",Não cadastrado,Não cadastrado,Desconhecido
216.jpg,resultado_216.jpg,A,Não cadastrado,Não cadastrado,Desconhecido
216.jpg,resultado_216.jpg,172,Não cadastrado,Não cadastrado,Desconhecido
216.jpg,resultado_216.jpg,AREA=0128,Não cadastrado,Não cadastrado,Desconhecido
216.jpg,resultado_216.jpg,AREA-0. 128,Não cadastrado,Não cadastrado,Desconhecido
216.jpg,resultado_216.jpg,'VB,Não cadastrado,Não cadastrado,Desconhecido
216.jpg,resultado_216.jpg,BS8,Não cadastrado,Não cadastrado,Desconhecido
216.jpg,resultado_216.jpg,{,Não cadastrado,Não cadastrado,Desconhecido
216.jpg,resultado_216.jpg,MAWF,Não cadastrado,Não cadastrado,Desconhecido
216.jpg,resultado_216.jpg,DEMPT,Não cadastrado,Não cadastrado,Desconhecido
216.jpg,resultado_216.jpg,4 -,Não cadastrado,Não cadastrado,Desconhecido
216.jpg,resultado_216.jpg,2OMA,Não cadastrado,Não cadastrado,Desconhecido
216.jpg,resultado_216.jpg,5,Não cadastrado,Não cadastrado,Desconhecido
216.jpg,resultado_216.jpg,-148,Não cadastrado,Não cadastrado,Desconhecido
216.jpg,resultado_216.jpg,"TO 68""F",Não cadastrado,Não cadastrado,Desconhecido
216.jpg,resultado_216.jpg,16,Não cadastrado,Não cadastrado,Desconhecido
216.jpg,resultado_216.jpg,"1/4""6K#",Não cadastrado,Não cadastrado,Desconhecido
216.jpg,resultado_216.jpg,HV-3122,Não cadastrado,Não cadastrado,Desconhecido
216.jpg,resultado_216.jpg,;,Não cadastrado,Não cadastrado,Desconhecido
216.jpg,resultado_216.jpg,"1/4""6K #",Não cadastrado,Não cadastrado,Desconhecido
216.jpg,resultado_216.jpg,"NG-648-SST304-049-1/4""7K#",Não cadastrado,Não cadastrado,Desconhecido
216.jpg,resultado_216.jpg,HV-3121,Não cadastrado,Não cadastrado,Desconhecido
216.jpg,resultado_216.jpg,N,Não cadastrado,Não cadastrado,Desconhecido
216.jpg,resultado_216.jpg,"NC-609_SST304-049-1/4""7K#",Não cadastrado,Não cadastrado,Desconhecido
216.jpg,resultado_216.jpg,H-315,Não cadastrado,Não cadastrado,Desconhecido
216.jpg,resultado_216.jpg,"3-SST3O4-049-1/4""7K#",Não cadastrado,Não cadastrado,Desconhecido
216.jpg,resultado_216.jpg,"6K4""FNPT",Não cadastrado,Não cadastrado,Desconhecido
216.jpg,resultado_216.jpg,IV-315[,Não cadastrado,Não cadastrado,Desconhecido
216.jpg,resultado_216.jpg,HV-3102,Não cadastrado,Não cadastrado,Desconhecido
216.jpg,resultado_216.jpg,F-310,Não cadastrado,Não cadastrado,Desconhecido
216.jpg,resultado_216.jpg,FI,Não cadastrado,Não cadastrado,Desconhecido
216.jpg,resultado_216.jpg,0-5 PSIDC,Não cadastrado,Não cadastrado,Desconhecido
216.jpg,resultado_216.jpg,6KF PSR,Não cadastrado,Não cadastrado,Desconhecido
216.jpg,resultado_216.jpg,NQ,Não cadastrado,Não cadastrado,Desconhecido
216.jpg,resultado_216.jpg,6K# MAXT,Não cadastrado,Não cadastrado,Desconhecido
216.jpg,resultado_216.jpg,"1/2"" K#",Não cadastrado,Não cadastrado,Desconhecido
216.jpg,resultado_216.jpg,OVAC_CLOSED,Não cadastrado,Não cadastrado,Desconhecido
216.jpg,resultado_216.jpg,IG-?,Não cadastrado,Não cadastrado,Desconhecido
216.jpg,resultado_216.jpg,S,Não cadastrado,Não cadastrado,Desconhecido
216.jpg,resultado_216.jpg,4:,Não cadastrado,Não cadastrado,Desconhecido
216.jpg,resultado_216.jpg,"12""FNPT6K#",Não cadastrado,Não cadastrado,Desconhecido
216.jpg,resultado_216.jpg,'150 RF,Não cadastrado,Não cadastrado,Desconhecido
216.jpg,resultado_216.jpg,"4""150# FC",Não cadastrado,Não cadastrado,Desconhecido
216.jpg,resultado_216.jpg,P,Não cadastrado,Não cadastrado,Desconhecido
216.jpg,resultado_216.jpg,"NG_318-CSP_40-4""150",Não cadastrado,Não cadastrado,Desconhecido
216.jpg,resultado_216.jpg,'MAWP,Não cadastrado,Não cadastrado,Desconhecido
216.jpg,resultado_216.jpg,FY,Não cadastrado,Não cadastrado,Desconhecido
216.jpg,resultado_216.jpg,PCV-319,Não cadastrado,Não cadastrado,Desconhecido
216.jpg,resultado_216.jpg,OUTLET,Não cadastrado,Não cadastrado,Desconhecido
216.jpg,resultado_216.jpg,FLACE,Não cadastrado,Não cadastrado,Desconhecido
216.jpg,resultado_216.jpg,EF8D,Não cadastrado,Não cadastrado,Desconhecido
216.jpg,resultado_216.jpg,LLFKET,Não cadastrado,Não cadastrado,Desconhecido
216.jpg,resultado_216.jpg,"&_ID,",Não cadastrado,Não cadastrado,Desconhecido
216.jpg,resultado_216.jpg,VATL,Não cadastrado,Não cadastrado,Desconhecido
216.jpg,resultado_216.jpg,W,Não cadastrado,Não cadastrado,Desconhecido
216.jpg,resultado_216.jpg,SCALE,Não cadastrado,Não cadastrado,Desconhecido
216.jpg,resultado_216.jpg,SHEEL,Não cadastrado,Não cadastrado,Desconhecido
216.jpg,resultado_216.jpg,VC129,Não cadastrado,Não cadastrado,Desconhecido
216.jpg,resultado_216.jpg,MC129,Não cadastrado,Não cadastrado,Desconhecido
216.jpg,resultado_216.jpg,00010,Não cadastrado,Não cadastrado,Desconhecido
216.jpg,resultado_216.jpg,12,Não cadastrado,Não cadastrado,Desconhecido
216.jpg,resultado_216.jpg,=,Não cadastrado,Não cadastrado,Desconhecido
216.jpg,resultado_216.jpg,UNLESS   OTHERWISE SPECIFIED,Não cadastrado,Não cadastrado,Desconhecido
216.jpg,resultado_216.jpg,REFER TQ SHEET 2/7,Não cadastrado,Não cadastrado,Desconhecido
216.jpg,resultado_216.jpg,FOR,Não cadastrado,Não cadastrado,Desconhecido
216.jpg,resultado_216.jpg,P&LD SYMBOLS LEGEND.,Não cadastrado,Não cadastrado,Desconhecido
216.jpg,resultado_216.jpg,XINDICATES EQUIPMENT NQL SUPPLIED BY CUILD OR CE,Não cadastrado,Não cadastrado,Desconhecido
216.jpg,resultado_216.jpg,DESICCANT VESSEL,Não cadastrado,Não cadastrado,Desconhecido
216.jpg,resultado_216.jpg,PIPE RUN #S,Não cadastrado,Não cadastrado,Desconhecido
216.jpg,resultado_216.jpg,USED: SEE SHT 1/7 NOTE 3,Não cadastrado,Não cadastrado,Desconhecido
216.jpg,resultado_216.jpg,CAPACITY; 309,Não cadastrado,Não cadastrado,Desconhecido
216.jpg,resultado_216.jpg,SOFTWARE INTERLOCK #S USED: SEE SHT 1/7,Não cadastrado,Não cadastrado,Desconhecido
216.jpg,resultado_216.jpg,"4""150 RF IN",Não cadastrado,Não cadastrado,Desconhecido
216.jpg,resultado_216.jpg,&  OUT,Não cadastrado,Não cadastrado,Desconhecido
216.jpg,resultado_216.jpg,"FLANGES: 4""150 RF IN",Não cadastrado,Não cadastrado,Desconhecido
216.jpg,resultado_216.jpg,V-313 INSULATION TO,Não cadastrado,Não cadastrado,Desconhecido
216.jpg,resultado_216.jpg,COVER THE TOP HEAD,Não cadastrado,Não cadastrado,Desconhecido
216.jpg,resultado_216.jpg,"AND THE STRAIGHT   SECTION ONLY ,",Não cadastrado,Não cadastrado,Desconhecido
216.jpg,resultado_216.jpg,MAWP:,Não cadastrado,Não cadastrado,Desconhecido
216.jpg,resultado_216.jpg,200 PSI,Não cadastrado,Não cadastrado,Desconhecido
216.jpg,resultado_216.jpg,"~20""F",Não cadastrado,Não cadastrado,Desconhecido
216.jpg,resultado_216.jpg,400F,Não cadastrado,Não cadastrado,Desconhecido
216.jpg,resultado_216.jpg,TO  VENT,Não cadastrado,Não cadastrado,Desconhecido
216.jpg,resultado_216.jpg,"12""",Não cadastrado,Não cadastrado,Desconhecido
216.jpg,resultado_216.jpg,92,Não cadastrado,Não cadastrado,Desconhecido
216.jpg,resultado_216.jpg,'4500#,Não cadastrado,Não cadastrado,Desconhecido
216.jpg,resultado_216.jpg,50 TO 400 F,Não cadastrado,Não cadastrado,Desconhecido
216.jpg,resultado_216.jpg,EW,Não cadastrado,Não cadastrado,Desconhecido
216.jpg,resultado_216.jpg,@,Não cadastrado,Não cadastrado,Desconhecido
216.jpg,resultado_216.jpg,"/4""6K=",Não cadastrado,Não cadastrado,Desconhecido
216.jpg,resultado_216.jpg,2005,Não cadastrado,Não cadastrado,Desconhecido
216.jpg,resultado_216.jpg,"NG-613-SST304-049-1/4""7K#",Não cadastrado,Não cadastrado,Desconhecido
216.jpg,resultado_216.jpg,"1/4""FNPT",Não cadastrado,Não cadastrado,Desconhecido
216.jpg,resultado_216.jpg,IV-3151,Não cadastrado,Não cadastrado,Desconhecido
216.jpg,resultado_216.jpg,OPAVACZOSED,Não cadastrado,Não cadastrado,Desconhecido
216.jpg,resultado_216.jpg,4-2MA,Não cadastrado,Não cadastrado,Desconhecido
216.jpg,resultado_216.jpg,300_,Não cadastrado,Não cadastrado,Desconhecido
216.jpg,resultado_216.jpg,"4[2""FNPT",Não cadastrado,Não cadastrado,Desconhecido
216.jpg,resultado_216.jpg,"NG-FOO/_CSP_40-4""150 RF",Não cadastrado,Não cadastrado,Desconhecido
216.jpg,resultado_216.jpg,GAS   SOURCE,Não cadastrado,Não cadastrado,Desconhecido
216.jpg,resultado_216.jpg,"NG-615_SST304-049_1/4""7K#",Não cadastrado,Não cadastrado,Desconhecido
216.jpg,resultado_216.jpg,TBD T MAWF,Não cadastrado,Não cadastrado,Desconhecido
216.jpg,resultado_216.jpg,VC129-00010 SHOJ REVA,Não cadastrado,Não cadastrado,Desconhecido
216.jpg,resultado_216.jpg,P&1D DRYER 082514.DWG,Não cadastrado,Não cadastrado,Desconhecido
216.jpg,resultado_216.jpg,DIL,Não cadastrado,Não cadastrado,Desconhecido
216.jpg,resultado_216.jpg,MC129-00010,Não cadastrado,Não cadastrado,Desconhecido
216.jpg,resultado_216.jpg,8--KD,Não cadastrado,Não cadastrado,Desconhecido
216.jpg,resultado_216.jpg,SEE RE' LOG ON SHT,Não cadastrado,Não cadastrado,Desconhecido
216.jpg,resultado_216.jpg,REFER TO SHEET 2/7 FOR,Não cadastrado,Não cadastrado,Desconhecido
216.jpg,resultado_216.jpg,P&ID SYMBOLS LEGEND.,Não cadastrado,Não cadastrado,Desconhecido
216.jpg,resultado_216.jpg,INLETZOUTLET FILTERS,Não cadastrado,Não cadastrado,Desconhecido
216.jpg,resultado_216.jpg,DESICCANTVESSEL,Não cadastrado,Não cadastrado,Desconhecido
216.jpg,resultado_216.jpg,3. PIPE RUN #S USED: SEE SHT 1/7 NOTE 3.,Não cadastrado,Não cadastrado,Desconhecido
216.jpg,resultado_216.jpg,14,Não cadastrado,Não cadastrado,Desconhecido
216.jpg,resultado_216.jpg,SOFTWARE INTERLOCK #S USED: SEE,Não cadastrado,Não cadastrado,Desconhecido
216.jpg,resultado_216.jpg,SHT '/7,Não cadastrado,Não cadastrado,Desconhecido
216.jpg,resultado_216.jpg,"8.63"" 0.D",Não cadastrado,Não cadastrado,Desconhecido
216.jpg,resultado_216.jpg,THESE VALVE HANDLES  MUST BE LOCKABLE OPEN OR CLOSED_,Não cadastrado,Não cadastrado,Desconhecido
216.jpg,resultado_216.jpg,WT:  4400,Não cadastrado,Não cadastrado,Desconhecido
216.jpg,resultado_216.jpg,LBS (PACKACE,Não cadastrado,Não cadastrado,Desconhecido
216.jpg,resultado_216.jpg,W/DESICCANT CHARGE),Não cadastrado,Não cadastrado,Desconhecido
216.jpg,resultado_216.jpg,RF FILL,Não cadastrado,Não cadastrado,Desconhecido
216.jpg,resultado_216.jpg,-20F,Não cadastrado,Não cadastrado,Desconhecido
216.jpg,resultado_216.jpg,[OPSIG,Não cadastrado,Não cadastrado,Desconhecido
216.jpg,resultado_216.jpg,90_PSIG,Não cadastrado,Não cadastrado,Desconhecido
216.jpg,resultado_216.jpg,90,Não cadastrado,Não cadastrado,Desconhecido
216.jpg,resultado_216.jpg,PSIG,Não cadastrado,Não cadastrado,Desconhecido
216.jpg,resultado_216.jpg,BSV,Não cadastrado,Não cadastrado,Desconhecido
216.jpg,resultado_216.jpg,4_20MA,Não cadastrado,Não cadastrado,Desconhecido
216.jpg,resultado_216.jpg,CONTROL PAVEL,Não cadastrado,Não cadastrado,Desconhecido
216.jpg,resultado_216.jpg,50 TO 400F,Não cadastrado,Não cadastrado,Desconhecido
216.jpg,resultado_216.jpg,B,Não cadastrado,Não cadastrado,Desconhecido
216.jpg,resultado_216.jpg,H-312,Não cadastrado,Não cadastrado,Desconhecido
216.jpg,resultado_216.jpg,"1/4""6K",Não cadastrado,Não cadastrado,Desconhecido
216.jpg,resultado_216.jpg,"HV-3121""",Não cadastrado,Não cadastrado,Desconhecido
216.jpg,resultado_216.jpg,"NC-609_SST304-049_1/4""7K#",Não cadastrado,Não cadastrado,Desconhecido
216.jpg,resultado_216.jpg,IV-310F,Não cadastrado,Não cadastrado,Desconhecido
216.jpg,resultado_216.jpg,V-315[,Não cadastrado,Não cadastrado,Desconhecido
216.jpg,resultado_216.jpg,"NG-_3I2-CSP_40-4""150  RF",Não cadastrado,Não cadastrado,Desconhecido
216.jpg,resultado_216.jpg,12VAC-OPEN,Não cadastrado,Não cadastrado,Desconhecido
216.jpg,resultado_216.jpg,4-,Não cadastrado,Não cadastrado,Desconhecido
216.jpg,resultado_216.jpg,300,Não cadastrado,Não cadastrado,Desconhecido
216.jpg,resultado_216.jpg,6K #,Não cadastrado,Não cadastrado,Desconhecido
216.jpg,resultado_216.jpg,"4/2""FNPT",Não cadastrado,Não cadastrado,Desconhecido
216.jpg,resultado_216.jpg,DWG   TBD,Não cadastrado,Não cadastrado,Desconhecido
216.jpg,resultado_216.jpg,~,Não cadastrado,Não cadastrado,Desconhecido
216.jpg,resultado_216.jpg,SHEET04,Não cadastrado,Não cadastrado,Desconhecido
216.jpg,resultado_216.jpg,MK,Não cadastrado,Não cadastrado,Desconhecido
216.jpg,resultado_216.jpg,P&1D,Não cadastrado,Não cadastrado,Desconhecido
216.jpg,resultado_216.jpg,DRYER 082514.DWG,Não cadastrado,Não cadastrado,Desconhecido
216.jpg,resultado_216.jpg,MC129_00010,Não cadastrado,Não cadastrado,Desconhecido
216.jpg,resultado_216.jpg,NOTES: UNLESS,Não cadastrado,Não cadastrado,Desconhecido
216.jpg,resultado_216.jpg,OTHERWISE,Não cadastrado,Não cadastrado,Desconhecido
216.jpg,resultado_216.jpg,SPECIFIED,Não cadastrado,Não cadastrado,Desconhecido
216.jpg,resultado_216.jpg,REFER TO SHEET 2/7 FOR P&ID,Não cadastrado,Não cadastrado,Desconhecido
216.jpg,resultado_216.jpg,SYMEOLS LEGEND.,Não cadastrado,Não cadastrado,Desconhecido
216.jpg,resultado_216.jpg,2. XINDICATES EQUIPMENT NQL SUPPLIED,Não cadastrado,Não cadastrado,Desconhecido
216.jpg,resultado_216.jpg,BY CUILD OR CE,Não cadastrado,Não cadastrado,Desconhecido
216.jpg,resultado_216.jpg,PIPE RUN #S USED: SEE,Não cadastrado,Não cadastrado,Desconhecido
216.jpg,resultado_216.jpg,SHT 1/7,Não cadastrado,Não cadastrado,Desconhecido
216.jpg,resultado_216.jpg,NOTE 3.,Não cadastrado,Não cadastrado,Desconhecido
216.jpg,resultado_216.jpg,14  GALLONS,Não cadastrado,Não cadastrado,Desconhecido
216.jpg,resultado_216.jpg,HANDLES   MUST BE LOCKABLE,Não cadastrado,Não cadastrado,Desconhecido
216.jpg,resultado_216.jpg,OPEN,Não cadastrado,Não cadastrado,Desconhecido
216.jpg,resultado_216.jpg,OR,Não cadastrado,Não cadastrado,Desconhecido
216.jpg,resultado_216.jpg,CLOSED .,Não cadastrado,Não cadastrado,Desconhecido
216.jpg,resultado_216.jpg,WT:,Não cadastrado,Não cadastrado,Desconhecido
216.jpg,resultado_216.jpg,156 LBS,Não cadastrado,Não cadastrado,Desconhecido
216.jpg,resultado_216.jpg,WT: 4400 LBS (PACKACE W/DESICCANT CHARCE),Não cadastrado,Não cadastrado,Desconhecido
216.jpg,resultado_216.jpg,"FLANGES: 4""150",Não cadastrado,Não cadastrado,Desconhecido
216.jpg,resultado_216.jpg,OUT,Não cadastrado,Não cadastrado,Desconhecido
216.jpg,resultado_216.jpg,"AND THE STRAIGHT  SECTION ONLY,",Não cadastrado,Não cadastrado,Desconhecido
216.jpg,resultado_216.jpg,400 F,Não cadastrado,Não cadastrado,Desconhecido
216.jpg,resultado_216.jpg,TO   VENT,Não cadastrado,Não cadastrado,Desconhecido
216.jpg,resultado_216.jpg,12',Não cadastrado,Não cadastrado,Desconhecido
216.jpg,resultado_216.jpg,1/2,Não cadastrado,Não cadastrado,Desconhecido
216.jpg,resultado_216.jpg,441,Não cadastrado,Não cadastrado,Desconhecido
216.jpg,resultado_216.jpg,SCFM,Não cadastrado,Não cadastrado,Desconhecido
216.jpg,resultado_216.jpg,'VC,Não cadastrado,Não cadastrado,Desconhecido
216.jpg,resultado_216.jpg,4_2OMA,Não cadastrado,Não cadastrado,Desconhecido
216.jpg,resultado_216.jpg,BS,Não cadastrado,Não cadastrado,Desconhecido
216.jpg,resultado_216.jpg,50,Não cadastrado,Não cadastrado,Desconhecido
216.jpg,resultado_216.jpg,TO 400 F,Não cadastrado,Não cadastrado,Desconhecido
216.jpg,resultado_216.jpg,15=,Não cadastrado,Não cadastrado,Desconhecido
216.jpg,resultado_216.jpg,15F,Não cadastrado,Não cadastrado,Desconhecido
216.jpg,resultado_216.jpg,10,Não cadastrado,Não cadastrado,Desconhecido
216.jpg,resultado_216.jpg,148,Não cadastrado,Não cadastrado,Desconhecido
216.jpg,resultado_216.jpg,TO 68F,Não cadastrado,Não cadastrado,Desconhecido
216.jpg,resultado_216.jpg,HV-3I224,Não cadastrado,Não cadastrado,Desconhecido
216.jpg,resultado_216.jpg,"1/4""6K#L",Não cadastrado,Não cadastrado,Desconhecido
216.jpg,resultado_216.jpg,NG,Não cadastrado,Não cadastrado,Desconhecido
216.jpg,resultado_216.jpg,"613_SST304-049_1/4""7K#",Não cadastrado,Não cadastrado,Desconhecido
216.jpg,resultado_216.jpg,"14""FNPT",Não cadastrado,Não cadastrado,Desconhecido
216.jpg,resultado_216.jpg,2/2,Não cadastrado,Não cadastrado,Desconhecido
216.jpg,resultado_216.jpg,H-3154,Não cadastrado,Não cadastrado,Desconhecido
216.jpg,resultado_216.jpg,"5""150 RF",Não cadastrado,Não cadastrado,Desconhecido
216.jpg,resultado_216.jpg,"12""FNPT",Não cadastrado,Não cadastrado,Desconhecido
216.jpg,resultado_216.jpg,"14[2""FNPT",Não cadastrado,Não cadastrado,Desconhecido
216.jpg,resultado_216.jpg,FY /PCV_319,Não cadastrado,Não cadastrado,Desconhecido
216.jpg,resultado_216.jpg,"NG-615-SST304-049-1/4""7K#",Não cadastrado,Não cadastrado,Desconhecido
216.jpg,resultado_216.jpg,TBD H MAWF,Não cadastrado,Não cadastrado,Desconhecido
216.jpg,resultado_216.jpg,TOLEULACE,Não cadastrado,Não cadastrado,Desconhecido
216.jpg,resultado_216.jpg,& ID,Não cadastrado,Não cadastrado,Desconhecido
216.jpg,resultado_216.jpg,GE OIL &,Não cadastrado,Não cadastrado,Desconhecido
216.jpg,resultado_216.jpg,MK;,Não cadastrado,Não cadastrado,Desconhecido
216.jpg,resultado_216.jpg,SHO3,Não cadastrado,Não cadastrado,Desconhecido
216.jpg,resultado_216.jpg,REVA P&1D,Não cadastrado,Não cadastrado,Desconhecido
216.jpg,resultado_216.jpg,DRYER  0825,Não cadastrado,Não cadastrado,Desconhecido
216.jpg,resultado_216.jpg,4.DWQ,Não cadastrado,Não cadastrado,Desconhecido
216.jpg,resultado_216.jpg,MC,Não cadastrado,Não cadastrado,Desconhecido
216.jpg,resultado_216.jpg,29_00010,Não cadastrado,Não cadastrado,Desconhecido
216.jpg,resultado_216.jpg,Y,Não cadastrado,Não cadastrado,Desconhecido
216.jpg,resultado_216.jpg,FOR PELD,Não cadastrado,Não cadastrado,Desconhecido
216.jpg,resultado_216.jpg,SYMEOLS LEGEND,Não cadastrado,Não cadastrado,Desconhecido
216.jpg,resultado_216.jpg,2. XINDICATES EQUIPMENT NQL SUPPLIED BY CUILD OR CE,Não cadastrado,Não cadastrado,Desconhecido
216.jpg,resultado_216.jpg,PIPE RUN =S USED: SEE SHT 1/7 NOTE 3.,Não cadastrado,Não cadastrado,Desconhecido
216.jpg,resultado_216.jpg,CAPACITY: 14  GALLONS,Não cadastrado,Não cadastrado,Desconhecido
216.jpg,resultado_216.jpg,309,Não cadastrado,Não cadastrado,Desconhecido
216.jpg,resultado_216.jpg,SOFTWARE INTERLOCK #S USED: SEE SHT 1/7  NOTE,Não cadastrado,Não cadastrado,Desconhecido
216.jpg,resultado_216.jpg,8.63',Não cadastrado,Não cadastrado,Desconhecido
216.jpg,resultado_216.jpg,87,Não cadastrado,Não cadastrado,Desconhecido
216.jpg,resultado_216.jpg,-313 INSULATION TO,Não cadastrado,Não cadastrado,Desconhecido
216.jpg,resultado_216.jpg,COVER,Não cadastrado,Não cadastrado,Desconhecido
216.jpg,resultado_216.jpg,TOP HEAD,Não cadastrado,Não cadastrado,Desconhecido
216.jpg,resultado_216.jpg,"FLANGES: 4""150 RF",Não cadastrado,Não cadastrado,Desconhecido
216.jpg,resultado_216.jpg,THE,Não cadastrado,Não cadastrado,Desconhecido
216.jpg,resultado_216.jpg,AND THE STRAIGHT   SECTION,Não cadastrado,Não cadastrado,Desconhecido
216.jpg,resultado_216.jpg,ONLY,Não cadastrado,Não cadastrado,Desconhecido
216.jpg,resultado_216.jpg,RF FILL & REMOVE,Não cadastrado,Não cadastrado,Desconhecido
216.jpg,resultado_216.jpg,"MDMT: -20""F",Não cadastrado,Não cadastrado,Desconhecido
216.jpg,resultado_216.jpg,T8D#,Não cadastrado,Não cadastrado,Desconhecido
216.jpg,resultado_216.jpg,1/2',Não cadastrado,Não cadastrado,Desconhecido
216.jpg,resultado_216.jpg,AREA0128,Não cadastrado,Não cadastrado,Desconhecido
216.jpg,resultado_216.jpg,~SCFM,Não cadastrado,Não cadastrado,Desconhecido
216.jpg,resultado_216.jpg,VC,Não cadastrado,Não cadastrado,Desconhecido
216.jpg,resultado_216.jpg,DEWFT,Não cadastrado,Não cadastrado,Desconhecido
216.jpg,resultado_216.jpg,'Z084,Não cadastrado,Não cadastrado,Desconhecido
216.jpg,resultado_216.jpg,ZO84,Não cadastrado,Não cadastrado,Desconhecido
216.jpg,resultado_216.jpg,-148 TO 68F,Não cadastrado,Não cadastrado,Desconhecido
216.jpg,resultado_216.jpg,AT,Não cadastrado,Não cadastrado,Desconhecido
216.jpg,resultado_216.jpg,'6K,Não cadastrado,Não cadastrado,Desconhecido
216.jpg,resultado_216.jpg,"NG-648-SST304-049_1/4""7K#",Não cadastrado,Não cadastrado,Desconhecido
216.jpg,resultado_216.jpg,HV-5121,Não cadastrado,Não cadastrado,Desconhecido
216.jpg,resultado_216.jpg,NC-609_SST304-049-,Não cadastrado,Não cadastrado,Desconhecido
216.jpg,resultado_216.jpg,"/4""7K#",Não cadastrado,Não cadastrado,Desconhecido
216.jpg,resultado_216.jpg,50 RF,Não cadastrado,Não cadastrado,Desconhecido
216.jpg,resultado_216.jpg,IV-310[,Não cadastrado,Não cadastrado,Desconhecido
216.jpg,resultado_216.jpg,JV-315T,Não cadastrado,Não cadastrado,Desconhecido
216.jpg,resultado_216.jpg,"NG_312-CSP_40-4""150 RF",Não cadastrado,Não cadastrado,Desconhecido
216.jpg,resultado_216.jpg,0-5 PSID_,Não cadastrado,Não cadastrado,Desconhecido
216.jpg,resultado_216.jpg,OPAVACLOSEN,Não cadastrado,Não cadastrado,Desconhecido
216.jpg,resultado_216.jpg,HV-JIO,Não cadastrado,Não cadastrado,Desconhecido
216.jpg,resultado_216.jpg,H-6,Não cadastrado,Não cadastrado,Desconhecido
216.jpg,resultado_216.jpg,"35Q FO_4QQ""",Não cadastrado,Não cadastrado,Desconhecido
216.jpg,resultado_216.jpg,313_,Não cadastrado,Não cadastrado,Desconhecido
216.jpg,resultado_216.jpg,"1U/2""FNPT_6K#",Não cadastrado,Não cadastrado,Desconhecido
216.jpg,resultado_216.jpg,"NG-318-CSP_40-4""",Não cadastrado,Não cadastrado,Desconhecido
216.jpg,resultado_216.jpg,LPD &,Não cadastrado,Não cadastrado,Desconhecido
216.jpg,resultado_216.jpg,SPECIAE,Não cadastrado,Não cadastrado,Desconhecido
216.jpg,resultado_216.jpg,WE,Não cadastrado,Não cadastrado,Desconhecido
216.jpg,resultado_216.jpg,CHFFT,Não cadastrado,Não cadastrado,Desconhecido
216.jpg,resultado_216.jpg,NC129-00010,Não cadastrado,Não cadastrado,Desconhecido
216.jpg,resultado_216.jpg,SHOS REVA ?&1D,Não cadastrado,Não cadastrado,Desconhecido
216.jpg,resultado_216.jpg,DRYER   08251,Não cadastrado,Não cadastrado,Desconhecido
216.jpg,resultado_216.jpg,ADWQ,Não cadastrado,Não cadastrado,Desconhecido
216.jpg,resultado_216.jpg,VC129-00010,Não cadastrado,Não cadastrado,Desconhecido
216.jpg,resultado_216.jpg,"1/4""€",Não cadastrado,Não cadastrado,Desconhecido
216.jpg,resultado_216.jpg,NA,Não cadastrado,Não cadastrado,Desconhecido
216.jpg,resultado_216.jpg,DB-Z-14,Não cadastrado,Não cadastrado,Desconhecido
216.jpg,resultado_216.jpg,L,Não cadastrado,Não cadastrado,Desconhecido
216.jpg,resultado_216.jpg,SEE RE,Não cadastrado,Não cadastrado,Desconhecido
216.jpg,resultado_216.jpg,LOG ON SHT,Não cadastrado,Não cadastrado,Desconhecido
216.jpg,resultado_216.jpg,08-25-14,Não cadastrado,Não cadastrado,Desconhecido
216.jpg,resultado_216.jpg,REFER TO SHEET 2/7,Não cadastrado,Não cadastrado,Desconhecido
216.jpg,resultado_216.jpg,FOR P&LD SYMBOLS LEGEND.,Não cadastrado,Não cadastrado,Desconhecido
216.jpg,resultado_216.jpg,2. XINDICATES EQUIPMENT NOL SUPPLIED BY CUILD,Não cadastrado,Não cadastrado,Desconhecido
216.jpg,resultado_216.jpg,GE,Não cadastrado,Não cadastrado,Desconhecido
216.jpg,resultado_216.jpg,INLETTOUTLET FILIERS,Não cadastrado,Não cadastrado,Desconhecido
216.jpg,resultado_216.jpg,"8.63"" O.D X 60""H",Não cadastrado,Não cadastrado,Desconhecido
216.jpg,resultado_216.jpg,THESE VALVE HANDLES,Não cadastrado,Não cadastrado,Desconhecido
216.jpg,resultado_216.jpg,MUST BE LOCKABLE OPEN,Não cadastrado,Não cadastrado,Desconhecido
216.jpg,resultado_216.jpg,WT: 4400,Não cadastrado,Não cadastrado,Desconhecido
216.jpg,resultado_216.jpg,RF IN,Não cadastrado,Não cadastrado,Desconhecido
216.jpg,resultado_216.jpg,V-313 INSULATION TO COVER THE TOP HEAD,Não cadastrado,Não cadastrado,Desconhecido
216.jpg,resultado_216.jpg,ONLY.,Não cadastrado,Não cadastrado,Desconhecido
216.jpg,resultado_216.jpg,MAWP: 200,Não cadastrado,Não cadastrado,Desconhecido
216.jpg,resultado_216.jpg,PSI,Não cadastrado,Não cadastrado,Desconhecido
216.jpg,resultado_216.jpg,RF  FILL,Não cadastrado,Não cadastrado,Desconhecido
216.jpg,resultado_216.jpg,AREA-0.128,Não cadastrado,Não cadastrado,Desconhecido
216.jpg,resultado_216.jpg,5#,Não cadastrado,Não cadastrado,Desconhecido
216.jpg,resultado_216.jpg,Q2,Não cadastrado,Não cadastrado,Desconhecido
216.jpg,resultado_216.jpg,"NG-648-SST304-049-1/4""/7K#",Não cadastrado,Não cadastrado,Desconhecido
216.jpg,resultado_216.jpg,JV-3150,Não cadastrado,Não cadastrado,Desconhecido
216.jpg,resultado_216.jpg,305,Não cadastrado,Não cadastrado,Desconhecido
216.jpg,resultado_216.jpg,"/2""1K#",Não cadastrado,Não cadastrado,Desconhecido
216.jpg,resultado_216.jpg,OYAVACLOSEN,Não cadastrado,Não cadastrado,Desconhecido
216.jpg,resultado_216.jpg,%,Não cadastrado,Não cadastrado,Desconhecido
216.jpg,resultado_216.jpg,"1/2""FNPT 6K#",Não cadastrado,Não cadastrado,Desconhecido
216.jpg,resultado_216.jpg,"1/2 ""FNPT",Não cadastrado,Não cadastrado,Desconhecido
216.jpg,resultado_216.jpg,DWG  TBD,Não cadastrado,Não cadastrado,Desconhecido
216.jpg,resultado_216.jpg,D,Não cadastrado,Não cadastrado,Desconhecido
216.jpg,resultado_216.jpg,"NG-615-SST3O4-049_1/4""7K#",Não cadastrado,Não cadastrado,Desconhecido
216.jpg,resultado_216.jpg,TOLEULCE,Não cadastrado,Não cadastrado,Desconhecido
216.jpg,resultado_216.jpg,PLF,Não cadastrado,Não cadastrado,Desconhecido
216.jpg,resultado_216.jpg,38,Não cadastrado,Não cadastrado,Desconhecido
216.jpg,resultado_216.jpg,"P & ID,",Não cadastrado,Não cadastrado,Desconhecido
216.jpg,resultado_216.jpg,SHEE,Não cadastrado,Não cadastrado,Desconhecido
216.jpg,resultado_216.jpg,082514.,Não cadastrado,Não cadastrado,Desconhecido
216.jpg,resultado_216.jpg,MG 29-00010,Não cadastrado,Não cadastrado,Desconhecido
216.jpg,resultado_216.jpg,DWD,Não cadastrado,Não cadastrado,Desconhecido
216.jpg,resultado_216.jpg,20,Não cadastrado,Não cadastrado,Desconhecido
216.jpg,resultado_216.jpg,R,Não cadastrado,Não cadastrado,Desconhecido
216.jpg,resultado_216.jpg,206,Não cadastrado,Não cadastrado,Desconhecido
216.jpg,resultado_216.jpg,TBD =,Não cadastrado,Não cadastrado,Desconhecido
216.jpg,resultado_216.jpg,MA,Não cadastrado,Não cadastrado,Desconhecido
216.jpg,resultado_216.jpg,TBD=,Não cadastrado,Não cadastrado,Desconhecido
216.jpg,resultado_216.jpg,BD,Não cadastrado,Não cadastrado,Desconhecido
216.jpg,resultado_216.jpg,WP,Não cadastrado,Não cadastrado,Desconhecido
216.jpg,resultado_216.jpg,D#,Não cadastrado,Não cadastrado,Desconhecido
216.jpg,resultado_216.jpg,S00,Não cadastrado,Não cadastrado,Desconhecido
216.jpg,resultado_216.jpg,-3141,Não cadastrado,Não cadastrado,Desconhecido
216.jpg,resultado_216.jpg,15,Não cadastrado,Não cadastrado,Desconhecido
216.jpg,resultado_216.jpg,"4""6K#",Não cadastrado,Não cadastrado,Desconhecido
216.jpg,resultado_216.jpg,HV-3122L,Não cadastrado,Não cadastrado,Desconhecido
216.jpg,resultado_216.jpg,"1/4""7K#",Não cadastrado,Não cadastrado,Desconhecido
216.jpg,resultado_216.jpg,"4""15",Não cadastrado,Não cadastrado,Desconhecido
216.jpg,resultado_216.jpg,40_,Não cadastrado,Não cadastrado,Desconhecido
216.jpg,resultado_216.jpg,PF,Não cadastrado,Não cadastrado,Desconhecido
216.jpg,resultado_216.jpg,921,Não cadastrado,Não cadastrado,Desconhecido
216.jpg,resultado_216.jpg,500#,Não cadastrado,Não cadastrado,Desconhecido
216.jpg,resultado_216.jpg,[2',Não cadastrado,Não cadastrado,Desconhecido
216.jpg,resultado_216.jpg,190_PSIG,Não cadastrado,Não cadastrado,Desconhecido
216.jpg,resultado_216.jpg,"1[2""",Não cadastrado,Não cadastrado,Desconhecido
216.jpg,resultado_216.jpg,LC,Não cadastrado,Não cadastrado,Desconhecido
216.jpg,resultado_216.jpg,155,Não cadastrado,Não cadastrado,Desconhecido
216.jpg,resultado_216.jpg,NG-648-SST304-049 -,Não cadastrado,Não cadastrado,Desconhecido
216.jpg,resultado_216.jpg,4-049 _,Não cadastrado,Não cadastrado,Desconhecido
216.jpg,resultado_216.jpg,'7K#,Não cadastrado,Não cadastrado,Desconhecido
216.jpg,resultado_216.jpg,IV-310,Não cadastrado,Não cadastrado,Desconhecido
216.jpg,resultado_216.jpg,IO,Não cadastrado,Não cadastrado,Desconhecido
216.jpg,resultado_216.jpg,101,Não cadastrado,Não cadastrado,Desconhecido
216.jpg,resultado_216.jpg,VO,Não cadastrado,Não cadastrado,Desconhecido
216.jpg,resultado_216.jpg,"[2""FNPT",Não cadastrado,Não cadastrado,Desconhecido
216.jpg,resultado_216.jpg,IAWP,Não cadastrado,Não cadastrado,Desconhecido
216.jpg,resultado_216.jpg,00#,Não cadastrado,Não cadastrado,Desconhecido
216.jpg,resultado_216.jpg,"148 TO 68""F",Não cadastrado,Não cadastrado,Desconhecido
216.jpg,resultado_216.jpg,MP,Não cadastrado,Não cadastrado,Desconhecido
216.jpg,resultado_216.jpg,MFR,Não cadastrado,Não cadastrado,Desconhecido
216.jpg,resultado_216.jpg,CABLE,Não cadastrado,Não cadastrado,Desconhecido
216.jpg,resultado_216.jpg,V-3154,Não cadastrado,Não cadastrado,Desconhecido
216.jpg,resultado_216.jpg,NG_M18_CSP_,Não cadastrado,Não cadastrado,Desconhecido
216.jpg,resultado_216.jpg,"40_4""150",Não cadastrado,Não cadastrado,Desconhecido
216.jpg,resultado_216.jpg,515,Não cadastrado,Não cadastrado,Desconhecido
216.jpg,resultado_216.jpg,VEI,Não cadastrado,Não cadastrado,Desconhecido
216.jpg,resultado_216.jpg,HEADEI,Não cadastrado,Não cadastrado,Desconhecido
216.jpg,resultado_216.jpg,J0#,Não cadastrado,Não cadastrado,Desconhecido
216.jpg,resultado_216.jpg,50#,Não cadastrado,Não cadastrado,Desconhecido
216.jpg,resultado_216.jpg,NF,Não cadastrado,Não cadastrado,Desconhecido
216.jpg,resultado_216.jpg,NP,Não cadastrado,Não cadastrado,Desconhecido
216.jpg,resultado_216.jpg,)#,Não cadastrado,Não cadastrado,Desconhecido
216.jpg,resultado_216.jpg,VB,Não cadastrado,Não cadastrado,Desconhecido
216.jpg,resultado_216.jpg,TRAIGHT,Não cadastrado,Não cadastrado,Desconhecido
216.jpg,resultado_216.jpg,LOCKABLE,Não cadastrado,Não cadastrado,Desconhecido
216.jpg,resultado_216.jpg,HANDLES,Não cadastrado,Não cadastrado,Desconhecido
216.jpg,resultado_216.jpg,INTERLOCK,Não cadastrado,Não cadastrado,Desconhecido
216.jpg,resultado_216.jpg,SOFTWARE,Não cadastrado,Não cadastrado,Desconhecido
216.jpg,resultado_216.jpg,QUIPMEN,Não cadastrado,Não cadastrado,Desconhecido
216.jpg,resultado_216.jpg,EL,Não cadastrado,Não cadastrado,Desconhecido
216.jpg,resultado_216.jpg,VES,Não cadastrado,Não cadastrado,Desconhecido
216.jpg,resultado_216.jpg,CANT,Não cadastrado,Não cadastrado,Desconhecido
216.jpg,resultado_216.jpg,ES,Não cadastrado,Não cadastrado,Desconhecido
216.jpg,resultado_216.jpg,UTLET,Não cadastrado,Não cadastrado,Desconhecido
216.jpg,resultado_216.jpg,LET,Não cadastrado,Não cadastrado,Desconhecido
216.jpg,resultado_216.jpg,SYMEOLS,Não cadastrado,Não cadastrado,Desconhecido
216.jpg,resultado_216.jpg,INLETZOULET FILTERS,Não cadastrado,Não cadastrado,Desconhecido
233.jpg,resultado_233.jpg,MP 02 A,Não cadastrado,Não cadastrado,Desconhecido
233.jpg,resultado_233.jpg,SC 01,Não cadastrado,Não cadastrado,Desconhecido
233.jpg,resultado_233.jpg,SP 01,Não cadastrado,Não cadastrado,Desconhecido
233.jpg,resultado_233.jpg,SC 02,Não cadastrado,Não cadastrado,Desconhecido
233.jpg,resultado_233.jpg,2,Não cadastrado,Não cadastrado,Desconhecido
233.jpg,resultado_233.jpg,MK 01,Não cadastrado,Não cadastrado,Desconhecido
233.jpg,resultado_233.jpg,MK 01 A,Não cadastrado,Não cadastrado,Desconhecido
233.jpg,resultado_233.jpg,S2,Não cadastrado,Não cadastrado,Desconhecido
233.jpg,resultado_233.jpg,NP 02 $,Não cadastrado,Não cadastrado,Desconhecido
233.jpg,resultado_233.jpg,3,Não cadastrado,Não cadastrado,Desconhecido
233.jpg,resultado_233.jpg,AK 01 5,Não cadastrado,Não cadastrado,Desconhecido
233.jpg,resultado_233.jpg,AK 01,Não cadastrado,Não cadastrado,Desconhecido
